inchikey,name,smiles,cas,has_sigma_ud,heavy_atoms,elements,in_scope_chem,held_out
XLYOFNOQVPJJNP-UHFFFAOYSA-N,water,O,7732-18-5,True,1.0,"H,O",True,False
OKKJLVBELUTLKV-UHFFFAOYSA-N,methanol,CO,67-56-1,True,2.0,"C,H,O",True,False
YMWUJEATGCHHMB-UHFFFAOYSA-N,dichloromethane,C(Cl)Cl,75-09-2,True,3.0,"C,Cl,H",True,True
WEVYAHXRMPXWCK-UHFFFAOYSA-N,acetonitrile,CC#N,75-05-8,True,3.0,"C,H,N",True,False
XEKOWRVHYACXOJ-UHFFFAOYSA-N,ethyl_acetate,CC(=O)OCC,141-78-6,True,6.0,"C,H,O",True,False
WYURNTSHIVDZCO-UHFFFAOYSA-N,tetrahydrofuran,C1CCCO1,109-99-9,True,5.0,"C,H,O",True,False
HEDRZPFGACZZDS-UHFFFAOYSA-N,chloroform,C(Cl)(Cl)Cl,67-66-3,True,4.0,"C,Cl,H",True,False
KXKVLQRXCPHEJC-UHFFFAOYSA-N,methyl_acetate,CC(=O)OC,79-20-9,True,5.0,"C,H,O",True,False
YXFVVABEGXRONW-UHFFFAOYSA-N,toluene,c1cc(ccc1)C,108-88-3,True,7.0,"C,H",True,False
CSCPPACGZOOCGX-UHFFFAOYSA-N,acetone,CC(=O)C,67-64-1,True,4.0,"C,H,O",True,False
NHTMVDHEPJAVLT-UHFFFAOYSA-N,"2,2,4-trimethylpentane",CC(CC(C)C)(C)C,540-84-1,True,8.0,"C,H",True,False
IMNFDUFMRHMDMM-UHFFFAOYSA-N,n-heptane,CCCCCCC,142-82-5,True,7.0,"C,H",True,False
TVMXDCGIABBOFY-UHFFFAOYSA-N,n-octane,CCCCCCCC,111-65-9,True,8.0,"C,H",True,False
KVNRLNFWIYMESJ-UHFFFAOYSA-N,n-butyronitrile,C(C#N)CC,109-74-0,True,5.0,"C,H,N",True,False
UHOVQNZJYSORNB-UHFFFAOYSA-N,benzene,c1ccccc1,71-43-2,True,6.0,"C,H",True,False
HGCIXCUEYOPUTN-UHFFFAOYSA-N,cyclohexene,C1=CCCCC1,110-83-8,True,6.0,"C,H",True,False
XDTMQSROBMDMFD-UHFFFAOYSA-N,cyclohexane,C1CCCCC1,110-82-7,True,6.0,"C,H",True,False
FXHOOIRPVKKKFG-UHFFFAOYSA-N,"n,n-dimethylacetamide",CC(=O)N(C)C,127-19-5,True,6.0,"C,H,N,O",True,False
CURLTUGMZLYLDI-UHFFFAOYSA-N,carbon_dioxide,C(=O)=O,124-38-9,True,3.0,"C,O",True,False
IJGRMHOSHXDMSA-UHFFFAOYSA-N,nitrogen,N#N,,False,2.0,N,True,False
MYMOFIZGZYHOMD-UHFFFAOYSA-N,oxygen,O=O,,False,2.0,O,True,False
ZSIAUFGUXNUGDI-UHFFFAOYSA-N,1-hexanol,CCCCCCO,111-27-3,True,7.0,"C,H,O",True,True
KBPLFHHGFOOTCA-UHFFFAOYSA-N,1-octanol,CCCCCCCCO,111-87-5,True,9.0,"C,H,O",True,False
MWKFXSUHUHTGQN-UHFFFAOYSA-N,1-decanol,CCCCCCCCCCO,112-30-1,True,11.0,"C,H,O",True,True
IAZDPXIOMUYVGZ-UHFFFAOYSA-N,dimethyl_sulfoxide,CS(=O)C,67-68-5,True,4.0,"C,H,O,S",True,True
QTBSBXVTEAMEQO-UHFFFAOYSA-N,acetic_acid,CC(=O)O,64-19-7,True,4.0,"C,H,O",True,True
IVSZLXZYQVIEFR-UHFFFAOYSA-N,m-xylene,c1c(cccc1C)C,108-38-3,True,8.0,"C,H",True,False
CTQNGGLPUBDAKN-UHFFFAOYSA-N,o-xylene,c1(c(cccc1)C)C,95-47-6,True,8.0,"C,H",True,False
BGHCVCJVXZWKCC-UHFFFAOYSA-N,n-tetradecane,CCCCCCCCCCCCCC,629-59-4,True,14.0,"C,H",True,False
ZNQVEEAIQZEUHB-UHFFFAOYSA-N,2-ethoxyethanol,CCOCCO,110-80-5,True,6.0,"C,H,O",True,False
YEYKMVJDLWJFOA-UHFFFAOYSA-N,ethylene_glycol_monopropyl_ether,CCCOCCO,2807-30-9,True,7.0,"C,H,O",True,False
POAOYUHQDCAZBD-UHFFFAOYSA-N,2-butoxyethanol,CCCCOCCO,111-76-2,True,8.0,"C,H,O",True,False
DJCYDDALXPHSHR-UHFFFAOYSA-N,2-(2-propoxyethoxy)ethanol,CCCOCCOCCO,,False,10.0,"C,H,O",True,False
JLGLQAWTXXGVEM-UHFFFAOYSA-N,2-(2-(2-methoxyethoxy)ethoxy)ethanol,OCCOCCOCCOC,112-35-6,True,11.0,"C,H,O",True,True
LYCAIKOWRPUZTN-UHFFFAOYSA-N,ethylene_glycol,OCCO,107-21-1,True,4.0,"C,H,O",True,False
OTMSDBZUPAUEDD-UHFFFAOYSA-N,ethane,CC,74-84-0,True,2.0,"C,H",True,False
LFQSCWFLJHTTHZ-UHFFFAOYSA-N,ethanol,CCO,64-17-5,True,3.0,"C,H,O",True,False
OIFBSDVPJOWBCH-UHFFFAOYSA-N,diethyl_carbonate,CCOC(=O)OCC,105-58-8,True,8.0,"C,H,O",True,False
DNIAPMSPPWPWGF-UHFFFAOYSA-N,propylene glycol,CC(CO)O,,True,5.0,"C,H,O",True,False
RUOJZAUFBMNUDX-VKHMYHEASA-N,propylene_carbonate,C1(=O)OC[C@@H](O1)C,108-32-7,True,7.0,"C,H,O",True,False
DKPFZGUDAPQIHT-UHFFFAOYSA-N,n-butyl_acetate,O(CCCC)C(=O)C,123-86-4,True,8.0,"C,H,O",True,False
LRHPLDYGYMQRHN-UHFFFAOYSA-N,1-butanol,CCCCO,71-36-3,True,5.0,"C,H,O",True,False
KFZMGEQAYNKOFK-UHFFFAOYSA-N,isopropanol,OC(C)C,67-63-0,True,4.0,"C,H,O",True,False
NNPPMTNAJDCUHE-UHFFFAOYSA-N,isobutane,CC(C)C,75-28-5,True,4.0,"C,H",True,False
ZMXDDKWLCZADIW-UHFFFAOYSA-N,"n,n-dimethylformamide",C(=O)N(C)C,68-12-2,True,5.0,"C,H,N,O",True,False
VLKZOEOYAKHREP-UHFFFAOYSA-N,n-hexane,CCCCCC,110-54-3,True,6.0,"C,H",True,False
UAEPNZWRGJTJPN-UHFFFAOYSA-N,methylcyclohexane,C1(CCCCC1)C,108-87-2,True,7.0,"C,H",True,True
IIEWJVIFRVWJOD-UHFFFAOYSA-N,ethylcyclohexane,C1(CCCCC1)CC,1678-91-7,True,8.0,"C,H",True,False
PEDCQBHIVMGVHV-UHFFFAOYSA-N,glycerol,OCC(CO)O,56-81-5,True,6.0,"C,H,O",True,True
BDERNNFJNOPAEC-UHFFFAOYSA-N,1-propanol,CCCO,71-23-8,True,4.0,"C,H,O",True,False
XNWFRZJHXBZDAG-UHFFFAOYSA-N,2-methoxyethanol,COCCO,109-86-4,True,5.0,"C,H,O",True,False
VZGDMQKNWNREIO-UHFFFAOYSA-N,carbon_tetrachloride,C(Cl)(Cl)(Cl)Cl,56-23-5,True,5.0,"C,Cl",True,True
QARVLSVVCXYDNA-UHFFFAOYSA-N,bromobenzene,c1ccccc1Br,108-86-1,True,7.0,"Br,C,H",True,False
SUVIGLJNEAMWEG-UHFFFAOYSA-N,n-propyl_mercaptan,CCCS,107-03-9,True,4.0,"C,H,S",True,False
WQAQPCDUOCURKW-UHFFFAOYSA-N,n-butyl_mercaptan,CCCCS,109-79-5,True,5.0,"C,H,S",True,False
ZHNUHDYFZUAESO-UHFFFAOYSA-N,formamide,O=CN,75-12-7,True,3.0,"C,H,N,O",True,False
AMQJEAYHLZJPGS-UHFFFAOYSA-N,1-pentanol,CCCCCO,71-41-0,True,6.0,"C,H,O",True,True
BBMCTIGTTCKYKF-UHFFFAOYSA-N,1-heptanol,CCCCCCCO,111-70-6,True,8.0,"C,H,O",True,True
UDSFAEKRVUSQDD-UHFFFAOYSA-N,dimethyl-adipate,C(=O)(CCCCC(=O)OC)OC,627-93-0,True,12.0,"C,H,O",True,False
NIQCNGHVCWTJSM-UHFFFAOYSA-N,dimethyl_phthalate,c1ccc(c(c1)C(=O)OC)C(=O)OC,131-11-3,True,14.0,"C,H,O",True,False
WVDDGKGOMKODPV-UHFFFAOYSA-N,benzyl_alcohol,c1cccc(c1)CO,100-51-6,True,8.0,"C,H,O",True,True
RYHBNJHYFVUHQT-UHFFFAOYSA-N,"1,4-dioxane",C1COCCO1,123-91-1,True,6.0,"C,H,O",True,False
HYBBIBNJHNGZAN-UHFFFAOYSA-N,furfural,c1ccc(o1)C=O,98-01-1,True,7.0,"C,H,O",True,True
BDAGIHXWWSANSR-UHFFFAOYSA-N,formic_acid,OC=O,64-18-6,True,3.0,"C,H,O",True,False
DURPTKYDGMDSBL-UHFFFAOYSA-N,di-n-butyl_ether,CCCCOCCCC,142-96-1,True,9.0,"C,H,O",True,True
YNAVUWVOSKDBBP-UHFFFAOYSA-N,morpholine,N1CCOCC1,110-91-8,True,6.0,"C,H,N,O",True,False
BTANRVKWQNVYAZ-BYPYZUCNSA-N,2-butanol,C[C@@H](CC)O,78-92-2,True,5.0,"C,H,O",True,False
WERYXYBDKMZEQL-UHFFFAOYSA-N,"1,4-butanediol",OCCCCO,110-63-4,True,6.0,"C,H,O",True,False
KJIOQYGWTQBHNH-UHFFFAOYSA-N,1-undecanol,C(CCCCCCCCCO)C,112-42-5,True,12.0,"C,H,O",True,False
PJGSXYOJTGTZAV-UHFFFAOYSA-N,"3,3-dimethyl-2-butanone",CC(=O)C(C)(C)C,75-97-8,True,7.0,"C,H,O",True,False
XBDQKXXYIPTUBI-UHFFFAOYSA-N,propionic_acid,CCC(=O)O,79-09-4,True,5.0,"C,H,O",True,False
FERIUCNNQQJTOY-UHFFFAOYSA-N,n-butyric_acid,C(C(=O)O)CC,107-92-6,True,6.0,"C,H,O",True,True
UAOMVDZJSHZZME-UHFFFAOYSA-N,diisopropylamine,CC(NC(C)C)C,108-18-9,True,7.0,"C,H,N",True,False
ZXEKIIBDNHEJCQ-UHFFFAOYSA-N,2-methyl-1-propanol,CC(CO)C,78-83-1,True,5.0,"C,H,O",True,True
CRVGTESFCCXCTH-UHFFFAOYSA-N,methyl_diethanolamine,OCCN(CCO)C,105-59-9,True,8.0,"C,H,N,O",True,False
SNRUBQQJIBEYMU-UHFFFAOYSA-N,n-dodecane,CCCCCCCCCCCC,112-40-3,True,12.0,"C,H",True,True
DIOQZVSQGTUSAI-UHFFFAOYSA-N,n-decane,CCCCCCCCCC,124-18-5,True,10.0,"C,H",True,False
HZAXFHJVJLSVMW-UHFFFAOYSA-N,monoethanolamine,NCCO,141-43-5,True,4.0,"C,H,N,O",True,False
UEEJHVSXFDXPFK-UHFFFAOYSA-N,dimethylethanolamine,OCCN(C)C,108-01-0,True,6.0,"C,H,N,O",True,False
BFSVOASYOCHEOV-UHFFFAOYSA-N,diethylethanolamine,OCCN(CC)CC,100-37-8,True,8.0,"C,H,N,O",True,False
BZLVMXJERCGZMT-UHFFFAOYSA-N,methyl_tert-butyl_ether,CC(C)(C)OC,1634-04-4,True,6.0,"C,H,O",True,False
MSXVEPNJUHWQHW-UHFFFAOYSA-N,2-methyl-2-butanol,CC(CC)(C)O,75-85-4,True,6.0,"C,H,O",True,False
BKIMMITUMNQMOS-UHFFFAOYSA-N,n-nonane,CCCCCCCCC,111-84-2,True,9.0,"C,H",True,True
IJDNQMDRQITEOD-UHFFFAOYSA-N,n-butane,CCCC,106-97-8,True,4.0,"C,H",True,False
ATUOYWHBWRKTHZ-UHFFFAOYSA-N,propane,CCC,74-98-6,True,3.0,"C,H",True,False
ZJIJAJXFLBMLCK-UHFFFAOYSA-N,perfluorohexane,FC(F)(C(F)(F)C(F)(F)C(F)(F)C(F)(F)C(F)(F)F)F,355-42-0,True,20.0,"C,F",True,False
RWSOTUBLDIXVET-UHFFFAOYSA-N,hydrogen_sulfide,S,7783-06-4,True,1.0,"H,S",True,False
LQZZUXJYWNFBMV-UHFFFAOYSA-N,1-dodecanol,C(CCCCCCCCCO)CC,112-53-8,True,13.0,"C,H,O",True,False
HLZKNKRTKFSKGZ-UHFFFAOYSA-N,1-tetradecanol,C(CCCCCCCCCCO)CCC,112-72-1,True,15.0,"C,H,O",True,False
GLDOVTGHNKAZLK-UHFFFAOYSA-N,1-octadecanol,CCCCCCCCCCCCCCCCCCO,112-92-5,True,19.0,"C,H,O",True,False
RGSFGYAAUTVSQA-UHFFFAOYSA-N,cyclopentane,C1CCCC1,287-92-3,True,5.0,"C,H",True,False
DMEGYFMYUHOHGS-UHFFFAOYSA-N,cycloheptane,C1CCCCCC1,291-64-5,True,7.0,"C,H",True,False
DCAYPVUWAIABOU-UHFFFAOYSA-N,n-hexadecane,CCCCCCCCCCCCCCCC,544-76-3,True,16.0,"C,H",True,False
RZJRJXONCZWCBN-UHFFFAOYSA-N,n-octadecane,CCCCCCCCCCCCCCCCCC,593-45-3,True,18.0,"C,H",True,False
KMTRUDSVKNLOMY-UHFFFAOYSA-N,ethylene_carbonate,C1(=O)OCCO1,96-49-1,True,6.0,"C,H,O",True,False
UHCBBWUQDAVSMS-UHFFFAOYSA-N,ethyl_fluoride,CCF,353-36-6,True,3.0,"C,F,H",True,True
JMMWKPVZQRWMSS-UHFFFAOYSA-N,isopropyl_acetate,CC(=O)OC(C)C,108-21-4,True,7.0,"C,H,O",True,False
URLKBWYHVLBVBO-UHFFFAOYSA-N,p-xylene,c1(ccc(cc1)C)C,106-42-3,True,8.0,"C,H",True,True
ZFFMLCVRJBZUDZ-UHFFFAOYSA-N,"2,3-dimethylbutane",CC(C(C)C)C,79-29-8,True,6.0,"C,H",True,False
KQNPFQTWMSNSAP-UHFFFAOYSA-N,isobutyric_acid,OC(=O)C(C)C,79-31-2,True,6.0,"C,H,O",True,False
GHVNFZFCNZKVNT-UHFFFAOYSA-N,n-decanoic_acid,C(CCCCCC)CCC(=O)O,334-48-5,True,12.0,"C,H,O",True,False
POULHZVOKOAJMA-UHFFFAOYSA-N,n-dodecanoic_acid,C(CCCCCCCC)CCC(=O)O,143-07-7,True,14.0,"C,H,O",True,False
IPCSVZSSVZVIGE-UHFFFAOYSA-N,n-hexadecanoic_acid,CCCCCCCCCCCCCCCC(=O)O,57-10-3,True,18.0,"C,H,O",True,False
QIQXTHQIDYTFRH-UHFFFAOYSA-N,n-octadecanoic_acid,CCCCCCCCCCCCCCCCCC(=O)O,57-11-4,True,20.0,"C,H,O",True,False
TUNFSRHWOTWDNC-UHFFFAOYSA-N,n-tetradecanoic_acid,CCCCCCCCCCCCCC(=O)O,544-63-8,True,16.0,"C,H,O",True,False
XXJWXESWEXIICW-UHFFFAOYSA-N,2-(2-ethoxyethoxy)ethanol,CCOCCOCCO,111-90-0,True,9.0,"C,H,O",True,False
DKMROQRQHGEIOW-UHFFFAOYSA-N,diethyl_succinate,CCOC(=O)CCC(=O)OCC,123-25-1,True,12.0,"C,H,O",True,False
LVGUZGTVOIAKKC-UHFFFAOYSA-N,"1,1,1,2-tetrafluoroethane",C(C(F)(F)F)F,811-97-2,True,6.0,"C,F,H",True,False
RWRIWBAIICGTTQ-UHFFFAOYSA-N,difluoromethane,FCF,75-10-5,True,3.0,"C,F,H",True,False
GTLACDSXYULKMZ-UHFFFAOYSA-N,pentafluoroethane,C(C(F)F)(F)(F)F,354-33-6,True,7.0,"C,F,H",True,False
WUGQZFFCHPXWKQ-UHFFFAOYSA-N,3-amino-1-propanol,NCCCO,156-87-6,True,5.0,"C,H,N,O",True,False
JUGSKHLZINSXPQ-UHFFFAOYSA-N,"1-pentanol, 2,2,3,3,4,4,5,5-octafluoro-",C(C(C(C(C(F)F)(F)F)(F)F)(F)F)O,,False,14.0,"C,F,H,O",True,False
HNJBEVLQSNELDL-UHFFFAOYSA-N,2-pyrrolidone,C1(=O)NCCC1,616-45-5,True,6.0,"C,H,N,O",True,False
SECXISVLQFMRJM-UHFFFAOYSA-N,n-methyl-2-pyrrolidone,N1(CCCC1=O)C,872-50-4,True,7.0,"C,H,N,O",True,False
MTHSVFCYNBDYFN-UHFFFAOYSA-N,diethylene_glycol,OCCOCCO,111-46-6,True,7.0,"C,H,O",True,True
ZIBGPFATKBEMQZ-UHFFFAOYSA-N,triethylene_glycol,OCCOCCOCCO,112-27-6,True,10.0,"C,H,O",True,False
UWHCKJMYHZGTIT-UHFFFAOYSA-N,tetraethylene_glycol,OCCOCCOCCOCCO,112-60-7,True,13.0,"C,H,O",True,False
NOPJRYAFUXTDLX-UHFFFAOYSA-N,"1,1,1,2,2,3,3-heptafluoro-3-methoxypropane_[hfe3",C(C(C(OC)(F)F)(F)F)(F)(F)F,375-03-1,True,12.0,"C,F,H,O",True,False
NIXOWILDQLNWCW-UHFFFAOYSA-N,acrylic_acid,C=CC(=O)O,79-10-7,True,5.0,"C,H,O",True,False
ZAFNJMIOTHYJRJ-UHFFFAOYSA-N,diisopropyl_ether,CC(C)OC(C)C,108-20-3,True,7.0,"C,H,O",True,False
FLIACVVOZYBSBS-UHFFFAOYSA-N,hexadecanoic_acid_methyl_ester,C(CCCCCCCCCCCCC)CC(=O)OC,112-39-0,True,19.0,"C,H,O",True,True
VQTUBCCKSQIDNK-UHFFFAOYSA-N,isobutene,C=C(C)C,115-11-7,True,4.0,"C,H",True,False
IAQRGUVFOMOMEM-ONEGZZNKSA-N,trans-2-butene,C/C=C/C,624-64-6,True,4.0,"C,H",True,False
NUMQCACRALPSHD-UHFFFAOYSA-N,tert-butyl_ethyl_ether,CCOC(C)(C)C,637-92-3,True,7.0,"C,H,O",True,True
DCKVNWZUADLDEH-RXMQYKEDSA-N,sec-butyl_acetate,C(=O)(O[C@@H](CC)C)C,105-46-4,True,8.0,"C,H,O",True,False
ZWEHNKRNPOVVGH-UHFFFAOYSA-N,methyl_ethyl_ketone,CC(=O)CC,78-93-3,True,5.0,"C,H,O",True,False
XTHFKEDIFFGKHM-UHFFFAOYSA-N,"1,2-dimethoxyethane",COCCOC,110-71-4,True,6.0,"C,H,O",True,False
MSSNHSVIGIHOJA-UHFFFAOYSA-N,"1,1,1,3,3-pentafluoropropane_[r245fa]",C(CC(F)F)(F)(F)F,460-73-1,True,8.0,"C,F,H",True,True
RFFLAFLAYFXFSW-UHFFFAOYSA-N,o-dichlorobenzene,c1cccc(c1Cl)Cl,95-50-1,True,8.0,"C,Cl,H",True,False
GAEKPEKOJKCEMS-BYPYZUCNSA-N,gamma-valerolactone,C1(=O)O[C@H](CC1)C,108-29-2,True,7.0,"C,H,O",True,False
ZAZKJZBWRNNLDS-UHFFFAOYSA-N,tetradecanoic_acid_methyl_ester,C(CCCCC(=O)OC)CCCCCCCC,124-10-7,True,17.0,"C,H,O",True,False
MMKRHZKQPFCLLS-UHFFFAOYSA-N,ethyl-tetradecanoate,C(CCCCCCCCCCC)CC(=O)OCC,124-06-1,True,18.0,"C,H,O",True,False
RMLFHPWPTXWZNJ-UHFFFAOYSA-N,dodecafluoro-2-methylpentan-3-one,O=C(C(F)(F)C(F)(F)F)C(F)(C(F)(F)F)C(F)(F)F,,False,19.0,"C,F,O",True,False
SBZXBUIDTXKZTM-UHFFFAOYSA-N,diethylene_glycol_dimethyl_ether,COCCOCCOC,111-96-6,True,9.0,"C,H,O",True,False
RRQYJINTUHWNHW-UHFFFAOYSA-N,diethylene_glycol_diethyl_ether,CCOCCOCCOCC,112-36-7,True,11.0,"C,H,O",True,False
YFNKIDBQEZZDLK-UHFFFAOYSA-N,triethylene_glycol_dimethyl_ether,COCCOCCOCCOC,112-49-2,True,12.0,"C,H,O",True,True
ZUHZGEOKBKGPSW-UHFFFAOYSA-N,tetraethylene_glycol_dimethyl_ether,COCCOCCOCCOCCOC,143-24-8,True,15.0,"C,H,O",True,False
UJPMYEOUBPIPHQ-UHFFFAOYSA-N,"1,1,1-trifluoroethane",CC(F)(F)F,420-46-2,True,5.0,"C,F,H",True,False
NTIZESTWPVYFNL-UHFFFAOYSA-N,methyl_isobutyl_ketone,CC(=O)CC(C)C,108-10-1,True,7.0,"C,H,O",True,False
GJRQTCIYDGXPES-UHFFFAOYSA-N,isobutyl_acetate,CC(=O)OCC(C)C,110-19-0,True,8.0,"C,H,O",True,False
UFWIBTONFRDIAS-UHFFFAOYSA-N,naphthalene,c12c(cccc1)cccc2,91-20-3,True,10.0,"C,H",True,True
FLKPEMZONWLCSK-UHFFFAOYSA-N,diethyl_phthalate,c1ccc(c(c1)C(=O)OCC)C(=O)OCC,84-66-2,True,16.0,"C,H,O",True,True
YTPLMLYBLZKORZ-UHFFFAOYSA-N,thiophene,c1cccs1,110-02-1,True,5.0,"C,H,S",True,False
NPNPZTNLOVBDOC-UHFFFAOYSA-N,"1,1-difluoroethane",C(C)(F)F,75-37-6,True,4.0,"C,F,H",True,False
YFMFNYKEUDLDTL-UHFFFAOYSA-N,"1,1,1,2,3,3,3-heptafluoropropane",C(C(C(F)(F)F)F)(F)(F)F,431-89-0,True,10.0,"C,F,H",True,False
FXRLMCRCYDHQFW-UHFFFAOYSA-N,"2,3,3,3-tetrafluoroprop-1-ene",C=C(F)C(F)(F)F,,False,7.0,"C,F,H",True,False
CDOOAUSHHFGWSA-OWOJBTEDSA-N,R-1234ze(E),F/C=C/C(F)(F)F,,False,7.0,"C,F,H",True,False
HQABUPZFAYXKJW-UHFFFAOYSA-N,n-butylamine,CCCCN,109-73-9,True,5.0,"C,H,N",True,True
PIICEJLVQHRZGT-UHFFFAOYSA-N,ethylenediamine,NCCN,107-15-3,True,4.0,"C,H,N",True,False
UUIQMZJEGPQKFD-UHFFFAOYSA-N,methyl_n-butyrate,CCCC(=O)OC,623-42-7,True,7.0,"C,H,O",True,True
HNBDRPTVWVGKBR-UHFFFAOYSA-N,methyl_pentanoate,C(CC(=O)OC)CC,624-24-8,True,8.0,"C,H,O",True,True
DKGAVHZHDRPRBM-UHFFFAOYSA-N,2-methyl-2-propanol,OC(C)(C)C,75-65-0,True,5.0,"C,H,O",True,False
IEJIGPNLZYLLBP-UHFFFAOYSA-N,dimethyl_carbonate,COC(=O)OC,616-38-6,True,6.0,"C,H,O",True,False
VDHBXQMYKGNZRP-UHFFFAOYSA-N,butyl_isobutyl_ether,C(COCC(C)C)CC,17071-47-5,True,9.0,"C,H,O",True,False
DMUSSSYUUUYJRM-UHFFFAOYSA-N,pentyl propyl ether,CCCCCOCCC,,False,9.0,"C,H,O",True,True
HPXRVTGHNJAIIH-UHFFFAOYSA-N,cyclohexanol,C1CCCC(C1)O,108-93-0,True,7.0,"C,H,O",True,False
JHIVVAPYMSGYDF-UHFFFAOYSA-N,cyclohexanone,C1CCCCC1=O,108-94-1,True,7.0,"C,H,O",True,False
GUVUOGQBMYCBQP-UHFFFAOYSA-N,"n,n'-dimethylpropylene_urea_<dmpu>",C1CCN(C(=O)N1C)C,7226-23-5,True,9.0,"C,H,N,O",True,False
AVQQQNCBBIEMEU-UHFFFAOYSA-N,"1,1,3,3-tetramethyl_urea",C(=O)(N(C)C)N(C)C,632-22-4,True,8.0,"C,H,N,O",True,False
CYSGHNMQYZDMIA-UHFFFAOYSA-N,"1,3-dimethylimidazolidin-2-one",C1CN(C(=O)N1C)C,80-73-9,True,8.0,"C,H,N,O",True,False
YEJRWHAVMIAJKC-UHFFFAOYSA-N,gamma-butyrolactone,C1(=O)OCCC1,96-48-0,True,6.0,"C,H,O",True,False
MRABAEUHTLLEML-UHFFFAOYSA-N,butyl lactate,CCCCOC(=O)C(C)O,,True,10.0,"C,H,O",True,False
SYBYTAAJFKOIEJ-UHFFFAOYSA-N,methyl_isopropyl_ketone,CC(=O)C(C)C,563-80-4,True,6.0,"C,H,O",True,True
ISWSIDIOOBJBQZ-UHFFFAOYSA-N,phenol,c1ccc(cc1)O,108-95-2,True,7.0,"C,H,O",True,False
QQZOPKMRPOGIEB-UHFFFAOYSA-N,2-hexanone,CC(=O)CCCC,591-78-6,True,7.0,"C,H,O",True,False
YKYONYBAUNKHLG-UHFFFAOYSA-N,n-propyl_acetate,CC(=O)OCCC,109-60-4,True,7.0,"C,H,O",True,False
OTBHHUPVCYLGQO-UHFFFAOYSA-N,bis(3-aminopropyl)amine,NCCCNCCCN,56-18-8,True,9.0,"C,H,N",True,False
IPBVNPXQWQGGJP-UHFFFAOYSA-N,acetic_acid_phenyl_ester,O=C(C)Oc1ccccc1,122-79-2,True,10.0,"C,H,O",True,False
NQPDZGIKBAWPEJ-UHFFFAOYSA-N,n-pentanoic_acid,C(C(=O)O)CCC,109-52-4,True,7.0,"C,H,O",True,False
FUZZWVXGSFPDMH-UHFFFAOYSA-N,n-hexanoic_acid,C(CCCC)C(=O)O,142-62-1,True,8.0,"C,H,O",True,False
MNWFXJYAOYHMED-UHFFFAOYSA-N,n-heptanoic_acid,C(CC(=O)O)CCCC,111-14-8,True,9.0,"C,H,O",True,False
WWZKQHOCKIZLMA-UHFFFAOYSA-N,n-octanoic_acid,C(CCCCC)CC(=O)O,124-07-2,True,10.0,"C,H,O",True,False
LCGLNKUTAGEVQW-UHFFFAOYSA-N,dimethyl_ether,COC,115-10-6,True,3.0,"C,H,O",True,False
PFEOZHBOMNWTJB-UHFFFAOYSA-N,3-methylpentane,CCC(CC)C,96-14-0,True,6.0,"C,H",True,False
HNRMPXKDFBEGFZ-UHFFFAOYSA-N,"2,2-dimethylbutane",CC(CC)(C)C,75-83-2,True,6.0,"C,H",True,False
WJTCGQSWYFHTAC-UHFFFAOYSA-N,cyclooctane,C1CCCCCCC1,292-64-8,True,8.0,"C,H",True,False
LIKMAJRDDDTEIG-UHFFFAOYSA-N,1-hexene,C=CCCCC,592-41-6,True,6.0,"C,H",True,False
ZGEGCLOFRBLKSE-UHFFFAOYSA-N,1-heptene,C=CCCCCC,592-76-7,True,7.0,"C,H",True,True
KWKAKUADMBZCLK-UHFFFAOYSA-N,1-octene,C=CCCCCCC,111-66-0,True,8.0,"C,H",True,False
AFFLGGQVNFXPEV-UHFFFAOYSA-N,1-decene,C=CCCCCCCCC,872-05-9,True,10.0,"C,H",True,True
IBXNCJKFFQIKKY-UHFFFAOYSA-N,1-pentyne,C#CCCC,627-19-0,True,5.0,"C,H",True,False
CGHIBGNXEGJPQZ-UHFFFAOYSA-N,1-hexyne,C#CCCCC,693-02-7,True,6.0,"C,H",True,True
YVXHZKKCZYLQOP-UHFFFAOYSA-N,1-heptyne,C#CCCCCC,628-71-7,True,7.0,"C,H",True,False
UMIPWJGWASORKV-UHFFFAOYSA-N,1-octyne,C#CCCCCCC,629-05-0,True,8.0,"C,H",True,False
YNQLUTRBYVCPMQ-UHFFFAOYSA-N,ethylbenzene,c1cc(ccc1)CC,100-41-4,True,8.0,"C,H",True,False
PPBRXRYQALVLMV-UHFFFAOYSA-N,styrene,c1cccc(c1)C=C,100-42-5,True,8.0,"C,H",True,False
HVZJRWJGKQPSFL-UHFFFAOYSA-N,methyl_tert-pentyl_ether,COC(C)(C)CC,994-05-8,True,7.0,"C,H,O",True,False
RTZKZFJDLAIYFH-UHFFFAOYSA-N,diethyl_ether,CCOCC,60-29-7,True,5.0,"C,H,O",True,False
POLCUAVZOMRGSN-UHFFFAOYSA-N,di-n-propyl_ether,CCCOCCC,111-43-3,True,7.0,"C,H,O",True,False
XNLICIUVMPYHGG-UHFFFAOYSA-N,2-pentanone,CC(=O)CCC,107-87-9,True,6.0,"C,H,O",True,False
FDPIMTJIUBPUKL-UHFFFAOYSA-N,3-pentanone,CCC(=O)CC,96-22-0,True,6.0,"C,H,O",True,False
JUJWROOIHBZHMG-UHFFFAOYSA-N,pyridine,c1cccnc1,110-86-1,True,6.0,"C,H,N",True,False
OFBQJSOFQDEBGM-UHFFFAOYSA-N,n-pentane,CCCCC,109-66-0,True,5.0,"C,H",True,False
YWAKXRMUMFPDSH-UHFFFAOYSA-N,1-pentene,C=CCCC,109-67-1,True,5.0,"C,H",True,False
RAHZWNYVWXNFOC-UHFFFAOYSA-N,sulfur_dioxide,O=S=O,7446-09-5,True,3.0,"O,S",True,True
LPNBBFKOUUSUDB-UHFFFAOYSA-N,p-toluic_acid,c1(C(=O)O)ccc(cc1)C,99-94-5,True,10.0,"C,H,O",True,True
XXROGKLTLUQVRX-UHFFFAOYSA-N,allyl_alcohol,C=CCO,107-18-6,True,4.0,"C,H,O",True,False
LWWJDXKGQVEZKT-QMMMGPOBSA-N,2-ethyl-1-hexanol,CCC[C@@H](CCO)CC,104-76-7,True,9.0,"C,H,O",True,True
OBNCKNCVKJNDBV-UHFFFAOYSA-N,ethyl_n-butyrate,CCCC(=O)OCC,105-54-4,True,8.0,"C,H,O",True,False
MCSINKKTEDDPNK-UHFFFAOYSA-N,n-propyl_propionate,C(COC(=O)CC)C,106-36-5,True,8.0,"C,H,O",True,False
DIQMPQMYFZXDAX-UHFFFAOYSA-N,n-pentyl_formate,O=COCCCCC,638-49-3,True,8.0,"C,H,O",True,False
CATSNJVOTSVZJV-UHFFFAOYSA-N,2-heptanone,CC(=O)CCCCC,110-43-0,True,8.0,"C,H,O",True,True
JJWKPURADFRFRB-UHFFFAOYSA-N,carbonyl_sulfide,[S][C][O],463-58-1,True,3.0,"C,O,S",True,False
ATHHXGZTWNVVOU-UHFFFAOYSA-N,n-methylformamide,CNC=O,123-39-7,True,4.0,"C,H,N,O",True,False
RUOJZAUFBMNUDX-UHFFFAOYSA-N,"1,2-propylene carbonate",CC1COC(=O)O1,,True,7.0,"C,H,O",True,False
RSJKGSCJYJTIGS-UHFFFAOYSA-N,n-undecane,CCCCCCCCCCC,1120-21-4,True,11.0,"C,H",True,False
PHTQWCKDNZKARW-UHFFFAOYSA-N,3-methyl-1-butanol,C(C(C)C)CO,123-51-3,True,6.0,"C,H,O",True,False
WGECXQBGLLYSFP-ZETCQYMHSA-N,"2,3-dimethylpentane",CC([C@H](CC)C)C,565-59-3,True,7.0,"C,H",True,False
VQKFNUFAXTZWDK-UHFFFAOYSA-N,2-methylfuran,c1cc(oc1)C,534-22-5,True,6.0,"C,H,O",True,False
JFCQEDHGNNZCLN-UHFFFAOYSA-N,glutaric_acid,C(=O)(CCCC(=O)O)O,110-94-1,True,9.0,"C,H,O",True,False
PAFZNILMFXTMIY-UHFFFAOYSA-N,cyclohexylamine,C1CCCC(C1)N,108-91-8,True,7.0,"C,H,N",True,False
JOOXCMJARBKPKM-UHFFFAOYSA-N,levulinic_acid,C(=O)(CCC(=O)O)C,123-76-2,True,8.0,"C,H,O",True,False
QWTDNUCVQCZILF-UHFFFAOYSA-N,isopentane,CC(CC)C,78-78-4,True,5.0,"C,H",True,True
BKOOMYPCSUNDGP-UHFFFAOYSA-N,2-methyl-2-butene,CC=C(C)C,513-35-9,True,5.0,"C,H",True,True
LPIQUOYDBNQMRZ-UHFFFAOYSA-N,cyclopentene,C1=CCCC1,142-29-0,True,5.0,"C,H",True,False
RRHGJUQNOFWUDK-UHFFFAOYSA-N,isoprene,C=C(C)C=C,78-79-5,True,5.0,"C,H",True,False
QQONPFPTGQHPMA-UHFFFAOYSA-N,propylene,C=CC,115-07-1,True,3.0,"C,H",True,False
MLFHJEHSLIIPHL-UHFFFAOYSA-N,isopentyl_acetate,CC(=O)OCCC(C)C,123-92-2,True,9.0,"C,H,O",True,False
PAYRUJLWNCNPSJ-UHFFFAOYSA-N,aniline,c1ccc(cc1)N,62-53-3,True,7.0,"C,H,N",True,True
JYVLIDXNZAXMDK-YFKPBYRVSA-N,2-pentanol,C[C@@H](CCC)O,6032-29-7,True,6.0,"C,H,O",True,False
MVPPADPHJFYWMZ-UHFFFAOYSA-N,monochlorobenzene,c1c(cccc1)Cl,108-90-7,True,7.0,"C,Cl,H",True,False
RDOXTESZEPMUJZ-UHFFFAOYSA-N,anisole,c1ccc(cc1)OC,100-66-3,True,8.0,"C,H,O",True,False
NNBZCPXTIHJBJL-UHFFFAOYSA-N,cis-decalin,C1CCC2CCCCC2C1,,False,10.0,"C,H",True,False
AUHZEENZYGFFBQ-UHFFFAOYSA-N,mesitylene,c1(cc(cc(c1)C)C)C,108-67-8,True,9.0,"C,H",True,False
KISVAASFGZJBCY-UHFFFAOYSA-N,methyl 10-undecenoate,COC(=O)CCCCCCCCC=C,,False,14.0,"C,H,O",True,False
IZMOTZDBVPMOFE-UHFFFAOYSA-N,dodecanedioic acid dimethyl ester,COC(=O)CCCCCCCCCCC(=O)OC,,False,18.0,"C,H,O",True,False
IHXNSHZBFXGOJM-UHFFFAOYSA-N,2-methyl-2-butenenitrile,CC=C(C)C#N,,False,6.0,"C,H,N",True,False
BBDKZWKEPDTENS-UHFFFAOYSA-N,4-vinyl-1-cyclohexene,C=CC1CC=CCC1,,True,8.0,"C,H",True,False
UVKXJAUUKPDDNW-UHFFFAOYSA-N,3-pentenenitrile,CC=CCC#N,,False,6.0,"C,H,N",True,False
URAYPUMNDPQOKB-UHFFFAOYSA-N,glyceryl_triacetate,C(COC(=O)C)(COC(=O)C)OC(=O)C,102-76-1,True,15.0,"C,H,O",True,False
RNVYQYLELCKWAN-UHFFFAOYSA-N,"2,2-dimethyl-1,3-dioxolane-4-methanol",CC1(OCC(O1)CO)C,,False,9.0,"C,H,O",True,False
DOOTYTYQINUNNV-UHFFFAOYSA-N,triethyl citrate,CCOC(=O)CC(CC(=O)OCC)(C(=O)OCC)O,,False,19.0,"C,H,O",True,False
WMIYKQLTONQJES-UHFFFAOYSA-N,hexafluoroethane,C(C(F)(F)F)(F)(F)F,76-16-4,True,8.0,"C,F",True,False
NBUKAOOFKZFCGD-UHFFFAOYSA-N,"2,2,3,3-tetrafluoro-1-propanol",FC(F)(C(F)F)CO,76-37-9,True,8.0,"C,F,H,O",True,False
OPKOKAMJFNKNAS-UHFFFAOYSA-N,methylethanolamine,OCCNC,109-83-1,True,5.0,"C,H,N,O",True,True
RLSSMJSEOOYNOY-UHFFFAOYSA-N,m-cresol,c1cc(cc(c1)O)C,108-39-4,True,8.0,"C,H,O",True,False
IWDCLRJOBJJRNH-UHFFFAOYSA-N,p-cresol,c1c(ccc(c1)O)C,106-44-5,True,8.0,"C,H,O",True,False
QLVWOKQMDLQXNN-UHFFFAOYSA-N,dibutyl carbonate,CCCCOC(=O)OCCCC,,False,12.0,"C,H,O",True,True
YPFDHNVEDLHUCE-UHFFFAOYSA-N,"1,3-propylene_glycol",OCCCO,504-63-2,True,5.0,"C,H,O",True,False
QYSGYZVSCZSLHT-UHFFFAOYSA-N,octafluoropropane,C(C(C(F)(F)F)(F)F)(F)(F)F,76-19-7,True,11.0,"C,F",True,False
OCKPCBLVNKHBMX-UHFFFAOYSA-N,n-butylbenzene,c1cccc(c1)CCCC,104-51-8,True,10.0,"C,H",True,False
NDJKXXJCMXVBJW-UHFFFAOYSA-N,n-heptadecane,C(CCCCCCCCCCCCCCC)C,629-78-7,True,17.0,"C,H",True,False
RWRDLPDLKQPQOW-UHFFFAOYSA-N,pyrrolidine,C1CCCN1,123-75-1,True,5.0,"C,H,N",True,True
NQRYJNQNLNOLGT-UHFFFAOYSA-N,piperidine,C1CCCNC1,110-89-4,True,6.0,"C,H,N",True,False
PAMIQIKDUOTOBW-UHFFFAOYSA-N,n-methylpiperidine,C1CCCN(C1)C,626-67-5,True,7.0,"C,H,N",True,False
SJRJJKPEHAURKC-UHFFFAOYSA-N,n-methylmorpholine,O1CCN(CC1)C,109-02-4,True,7.0,"C,H,N,O",True,False
PVOAHINGSUIXLS-UHFFFAOYSA-N,1-methylpiperazine,N1CCN(CC1)C,109-01-3,True,7.0,"C,H,N",True,False
RXYPXQSKLGGKOL-UHFFFAOYSA-N,"1,4-dimethyl_piperazine",C1CN(CCN1C)C,106-58-1,True,8.0,"C,H,N",True,False
JWUJQDFVADABEY-RXMQYKEDSA-N,2-methyltetrahydrofuran,C1C[C@H](OC1)C,96-47-9,True,6.0,"C,H,O",True,False
DHXVGJBLRPWPCS-UHFFFAOYSA-N,oxacyclohexane,C1CCOCC1,142-68-7,True,6.0,"C,H,O",True,False
WNXJIVFYUVYPPR-UHFFFAOYSA-N,"1,3-dioxolane",C1OCCO1,646-06-0,True,5.0,"C,H,O",True,True
AQIXEPGDORPWBJ-UHFFFAOYSA-N,3-pentanol,CCC(CC)O,584-02-1,True,6.0,"C,H,O",True,False
XCIXKGXIYUWCLL-UHFFFAOYSA-N,cyclopentanol,C1(CCCC1)O,96-41-3,True,6.0,"C,H,O",True,False
PZHIWRCQKBBTOW-UHFFFAOYSA-N,n-butyl_ethyl_ether,CCOCCCC,628-81-9,True,7.0,"C,H,O",True,False
CGZZMOTZOONQIA-UHFFFAOYSA-N,cycloheptanone,C1CCCC(=O)CC1,,False,8.0,"C,H,O",True,False
QGZKDVFQNNGYKY-UHFFFAOYSA-N,ammonia,N,7664-41-7,True,1.0,"H,N",True,True
VXNZUUAINFGPBY-UHFFFAOYSA-N,1-butene,C=CCC,106-98-9,True,4.0,"C,H",True,True
IXQGCWUGDFDQMF-UHFFFAOYSA-N,o-ethylphenol,c1(ccccc1O)CC,90-00-6,True,9.0,"C,H,O",True,False
HMNKTRSOROOSPP-UHFFFAOYSA-N,m-ethylphenol,c1(cccc(c1)O)CC,620-17-7,True,9.0,"C,H,O",True,False
HXDOZKJGKXYMEW-UHFFFAOYSA-N,p-ethylphenol,c1(ccc(cc1)O)CC,123-07-9,True,9.0,"C,H,O",True,True
IANQTJSKSUMEQM-UHFFFAOYSA-N,"2,3-benzofuran",C1=CC=C2C(=C1)C=CO2,,False,9.0,"C,H,O",True,True
LHGVFZTZFXWLCP-UHFFFAOYSA-N,guaiacol,c1(ccccc1O)OC,90-05-1,True,9.0,"C,H,O",True,False
YBYIRNPNPLQARY-UHFFFAOYSA-N,indene,c1cc2c(cc1)C=CC2,95-13-6,True,9.0,"C,H",True,True
CWERGRDVMFNCDR-UHFFFAOYSA-N,thioglycolic_acid,SCC(=O)O,68-11-1,True,5.0,"C,H,O,S",True,True
NMJJFJNHVMGPGM-UHFFFAOYSA-N,n-butyl_formate,CCCCOC=O,592-84-7,True,7.0,"C,H,O",True,False
BSKHPKMHTQYZBB-UHFFFAOYSA-N,2-methylpyridine,c1cccc(n1)C,109-06-8,True,7.0,"C,H,N",True,False
ZTOMUSMDRMJOTH-UHFFFAOYSA-N,glutaronitrile,C(C#N)CCC#N,544-13-8,True,7.0,"C,H,N",True,False
GKASDNZWUGIAMG-UHFFFAOYSA-N,triethyl orthoformate,CCOC(OCC)OCC,,False,10.0,"C,H,O",True,False
AKGGYBADQZYZPD-UHFFFAOYSA-N,4-phenyl-2-butanone,c1ccccc1CCC(=O)C,2550-26-7,True,11.0,"C,H,O",True,False
QUKGYYKBILRGFE-UHFFFAOYSA-N,benzyl_acetate,c1(ccccc1)COC(=O)C,140-11-4,True,11.0,"C,H,O",True,False
QYDYPVFESGNLHU-KHPPLWFESA-N,methyl_oleate,C(CC/C=C\CCCCCCCC)CCCCC(=O)OC,112-62-9,True,21.0,"C,H,O",True,True
CBFCDTFDPHXCNY-UHFFFAOYSA-N,n-eicosane,CCCCCCCCCCCCCCCCCCCC,112-95-8,True,20.0,"C,H",True,False
ZWRUINPWMLAQRD-UHFFFAOYSA-N,1-nonanol,CCCCCCCCCO,143-08-8,True,10.0,"C,H,O",True,False
AFABGHUZZDYHJO-UHFFFAOYSA-N,2-methylpentane,CC(CCC)C,107-83-5,True,6.0,"C,H",True,False
CBOQJANXLMLOSS-UHFFFAOYSA-N,ethyl_vanillin,c1(cc(ccc1O)C=O)OCC,121-32-4,True,12.0,"C,H,O",True,True
ODLMAHJVESYWTB-UHFFFAOYSA-N,n-propylbenzene,c1ccc(cc1)CCC,103-65-1,True,9.0,"C,H",True,False
WEHWNAOGRSTTBQ-UHFFFAOYSA-N,di-n-propylamine,CCCNCCC,142-84-7,True,7.0,"C,H,N",True,False
VFWCMGCRMGJXDK-UHFFFAOYSA-N,n-butyl_chloride,ClCCCC,109-69-3,True,5.0,"C,Cl,H",True,False
NBRKLOOSMBRFMH-UHFFFAOYSA-N,tert-butyl_chloride,C(C)(C)(C)Cl,507-20-0,True,5.0,"C,Cl,H",True,False
BSPCSKHALVHRSR-UHFFFAOYSA-N,2-chlorobutane,CCC(C)Cl,,True,5.0,"C,Cl,H",True,False
QTBFPMKWQKYFLR-UHFFFAOYSA-N,isobutyl_chloride,CC(CCl)C,513-36-0,True,5.0,"C,Cl,H",True,True
FPYJFEHAWHCUMM-UHFFFAOYSA-N,maleic_anhydride,C1(=O)OC(=O)C=C1,108-31-6,True,7.0,"C,H,O",True,True
QUKHPBOCBWDYMW-UHFFFAOYSA-N,diisobutyl hexahydrophthalate,CC(C)COC(=O)C1CCCCC1C(=O)OCC(C)C,,False,20.0,"C,H,O",True,False
OISVCGZHLKNMSJ-UHFFFAOYSA-N,"2,6-dimethylpyridine",c1ccc(nc1C)C,108-48-5,True,8.0,"C,H,N",True,False
HWWYDZCSSYKIAD-UHFFFAOYSA-N,"3,5-dimethylpyridine",c1(cc(cnc1)C)C,591-22-0,True,8.0,"C,H,N",True,True
KFRVYYGHSPLXSZ-UHFFFAOYSA-N,ethyl_tert-pentyl_ether,CCC(OCC)(C)C,919-94-8,True,8.0,"C,H,O",True,False
NLHHRLWOUZZQLW-UHFFFAOYSA-N,acrylonitrile,C(=C)C#N,107-13-1,True,4.0,"C,H,N",True,False
PMSVVUSIPKHUMT-UHFFFAOYSA-N,2-Cyanopyrazine,C1=CN=C(C=N1)C#N,,False,8.0,"C,H,N",True,False
CAWHJQAVHZEVTJ-UHFFFAOYSA-N,2-methyl_pyrazine,n1ccnc(c1)C,109-08-0,True,7.0,"C,H,N",True,True
YCOZIPAWZNQLMR-UHFFFAOYSA-N,n-pentadecane,CCCCCCCCCCCCCCC,629-62-9,True,15.0,"C,H",True,False
IOQPZZOEVPZRBK-UHFFFAOYSA-N,n-octylamine,CCCCCCCCN,111-86-4,True,9.0,"C,H,N",True,False
MHZGKXUYDGKKIU-UHFFFAOYSA-N,n-decylamine,CCCCCCCCCCN,2016-57-1,True,11.0,"C,H,N",True,False
XFNJVJPLKCPIBV-UHFFFAOYSA-N,"1,3-propanediamine",NCCCN,109-76-2,True,5.0,"C,H,N",True,False
ZMANZCXQSJIPKH-UHFFFAOYSA-N,triethylamine,N(CC)(CC)CC,121-44-8,True,7.0,"C,H,N",True,False
KBHBUUBXEQUIMV-UHFFFAOYSA-N,1H-perfluorooctane,C(C(C(C(C(C(C(C(F)(F)F)(F)F)(F)F)(F)F)(F)F)(F)F)(F)F)(F)F,,False,25.0,"C,F,H",True,False
QWVGKYWNOKOFNN-UHFFFAOYSA-N,o-cresol,c1ccc(c(c1)O)C,95-48-7,True,8.0,"C,H,O",True,False
WSLDOOZREJYCGB-UHFFFAOYSA-N,"1,2-dichloroethane",C(CCl)Cl,107-06-2,True,4.0,"C,Cl,H",True,False
QPFMBZIOSGYJDE-UHFFFAOYSA-N,"1,1,2,2-tetrachloroethane",C(C(Cl)Cl)(Cl)Cl,79-34-5,True,6.0,"C,Cl,H",True,True
XSTXAVWGXDQKEL-UHFFFAOYSA-N,trichloroethylene,C(=CCl)(Cl)Cl,79-01-6,True,5.0,"C,Cl,H",True,True
CYTYCFOTNPOANT-UHFFFAOYSA-N,tetrachloroethylene,C(=C(Cl)Cl)(Cl)Cl,127-18-4,True,6.0,"C,Cl",True,True
BTMVHUNTONAYDX-UHFFFAOYSA-N,n-butyl_propionate,C(COC(=O)CC)CC,590-01-2,True,9.0,"C,H,O",True,False
MCTWTZJPVLRJOU-UHFFFAOYSA-N,n-methylimidazole,n1ccn(c1)C,616-47-7,True,6.0,"C,H,N",True,True
LTEQMZWBSYACLV-UHFFFAOYSA-N,n-hexylbenzene,c1cccc(c1)CCCCCC,1077-16-3,True,12.0,"C,H",True,False
AOPDRZXCEAKHHW-UHFFFAOYSA-N,di-n-pentyl_ether,CCCCCOCCCCC,693-65-2,True,11.0,"C,H,O",True,False
PAAZPARNPHGIKF-UHFFFAOYSA-N,"1,2-dibromoethane",C(CBr)Br,106-93-4,True,4.0,"Br,C,H",True,False
PYLWMHQQBFSUBP-UHFFFAOYSA-N,fluorobenzene,c1cccc(c1)F,462-06-6,True,7.0,"C,F,H",True,False
ZJMWRROPUADPEA-SECBINFHSA-N,sec-butylbenzene,c1(ccccc1)[C@@H](CC)C,135-98-8,True,10.0,"C,H",True,False
BTFJIXJJCSYFAL-UHFFFAOYSA-N,1-eicosanol,C(CCCCCCCCCCCCCCCCCO)CC,629-96-9,True,21.0,"C,H,O",True,False
IIYFAKIEWZDVMP-UHFFFAOYSA-N,n-tridecane,CCCCCCCCCCCCC,629-50-5,True,13.0,"C,H",True,False
TZMFJUDUGYTVRY-UHFFFAOYSA-N,"2,3-pentanedione",CCC(=O)C(=O)C,,False,7.0,"C,H,O",True,False
OHLUUHNLEMFGTQ-UHFFFAOYSA-N,n-methylacetamide,CC(=O)NC,79-16-3,True,5.0,"C,H,N,O",True,True
CBTVGIZVANVGBH-UHFFFAOYSA-N,2-amino-2-methyl-1-propanol_(amp),OCC(C)(C)N,124-68-5,True,6.0,"C,H,N,O",True,False
WFDIJRYMOXRFFG-UHFFFAOYSA-N,acetic_anhydride,CC(=O)OC(=O)C,108-24-7,True,7.0,"C,H,O",True,False
WAPNOHKVXSQRPX-UHFFFAOYSA-N,1-phenylethanol,CC(C1=CC=CC=C1)O,,True,9.0,"C,H,O",True,False
KAKZBPTYRLMSJV-UHFFFAOYSA-N,"1,3-butadiene",C(=C)C=C,106-99-0,True,4.0,"C,H",True,False
OWBTYPJTUOEWEK-ZXZARUISSA-N,"2,3-butanediol",O[C@@H](C)[C@@H](C)O,513-85-9,True,6.0,"C,H,O",True,False
HXJUTPCZVOIRIF-UHFFFAOYSA-N,sulfolane,C1CCCS1(=O)=O,126-33-0,True,7.0,"C,H,O,S",True,True
RWGFKTVRMDUZSP-UHFFFAOYSA-N,cumene,c1(ccccc1)C(C)C,98-82-8,True,9.0,"C,H",True,False
JRZJOMJEPLMPRA-UHFFFAOYSA-N,1-nonene,C=CCCCCCCC,124-11-8,True,9.0,"C,H",True,False
MELUCTCJOARQQG-UHFFFAOYSA-N,2-hexyne,CC#CCCC,764-35-2,True,6.0,"C,H",True,False
DQQNMIPXXNPGCV-UHFFFAOYSA-N,3-hexyne,CCC#CCC,928-49-4,True,6.0,"C,H",True,False
UOCLXMDMGBRAIB-UHFFFAOYSA-N,"1,1,1-trichloroethane",C(C)(Cl)(Cl)Cl,71-55-6,True,5.0,"C,Cl,H",True,False
KWOLFJPFCHCOCG-UHFFFAOYSA-N,acetophenone,c1cccc(c1)C(=O)C,98-86-2,True,9.0,"C,H,O",True,True
GSJFXBNYJCXDGI-UHFFFAOYSA-N,methyl_glycolate,COC(=O)CO,96-35-5,True,6.0,"C,H,O",True,True
LPSXSORODABQKT-UHFFFAOYSA-N,"4,7-methano-1H-indene, octahydro-, (3a.alpha.,4.alpha.,7.alpha.,7a.alpha.)-",C1CC2C3CCC(C3)C2C1,,True,10.0,"C,H",True,True
YTZKOQUCBOVLHL-UHFFFAOYSA-N,tert-butylbenzene,c1(ccccc1)C(C)(C)C,98-06-6,True,10.0,"C,H",True,False
OHMHBGPWCHTMQE-UHFFFAOYSA-N,"2,2-dichloro-1,1,1-trifluoroethane",C(C(F)(F)F)(Cl)Cl,306-83-2,True,7.0,"C,Cl,F,H",True,False
LVZWSLJZHVFIQJ-UHFFFAOYSA-N,cyclopropane,C1CC1,,False,3.0,"C,H",True,False
SQCZQTSHSZLZIQ-UHFFFAOYSA-N,1-chloropentane,C(CCCC)Cl,543-59-9,True,6.0,"C,Cl,H",True,True
BYKNGMLDSIEFFG-UHFFFAOYSA-N,"1-heptanol, 2,2,3,3,4,4,5,5,6,6,7,7-dodecafluoro-",C(C(C(C(C(C(C(F)F)(F)F)(F)F)(F)F)(F)F)(F)F)O,,False,20.0,"C,F,H,O",True,True
LGUZHRODIJCVOC-UHFFFAOYSA-N,perfluoroheptane,FC(F)(F)C(F)(F)C(F)(F)C(F)(F)C(F)(C(C(F)(F)F)(F)F)F,335-57-9,True,23.0,"C,F",True,False
JFDZBHWFFUWGJE-UHFFFAOYSA-N,benzonitrile,c1cccc(c1)C#N,100-47-0,True,8.0,"C,H,N",True,True
LJSQFQKUNVCTIA-UHFFFAOYSA-N,diethyl_sulfide,CCSCC,352-93-2,True,5.0,"C,H,S",True,True
PGMYKACGEOXYJE-UHFFFAOYSA-N,n-pentyl_acetate,CC(=O)OCCCCC,628-63-7,True,9.0,"C,H,O",True,False
YYLLIJHXUHJATK-UHFFFAOYSA-N,cyclohexyl_acetate,C1(CCCCC1)OC(=O)C,622-45-7,True,10.0,"C,H,O",True,False
RNVCVTLRINQCPJ-UHFFFAOYSA-N,o-toluidine,c1cccc(c1C)N,95-53-4,True,8.0,"C,H,N",True,True
MPPPKRYCTPRNTB-UHFFFAOYSA-N,1-bromobutane,C(CCC)Br,109-65-9,True,5.0,"Br,C,H",True,False
JJNQHLLBFBGKEL-UHFFFAOYSA-N,butyl_tert-butyl_ether,CC(C)(C)OCCCC,1000-63-1,True,9.0,"C,H,O",True,False
IBSQPLPBRSHTTG-UHFFFAOYSA-N,o-chlorotoluene,c1(ccccc1Cl)C,95-49-8,True,8.0,"C,Cl,H",True,False
NPDACUSDTOMAMK-UHFFFAOYSA-N,p-chlorotoluene,c1(ccc(cc1)Cl)C,106-43-4,True,8.0,"C,Cl,H",True,False
LCEDQNDDFOCWGG-UHFFFAOYSA-N,4-formylmorpholine,N1(CCOCC1)C=O,4394-85-8,True,8.0,"C,H,N,O",True,False
HNFSPSWQNZVCTB-UHFFFAOYSA-N,isopropyl_tert-butyl_ether,C(OC(C)(C)C)(C)C,17348-59-3,True,8.0,"C,H,O",True,False
HHBZZTKMMLDNDN-UHFFFAOYSA-N,sec-butyl ether,CCC(C)OC(C)CC,,True,9.0,"C,H,O",True,False
MLRVZFYXUZQSRU-UHFFFAOYSA-N,1-chlorohexane,C(CCC)CCCl,544-10-5,True,7.0,"C,Cl,H",True,False
VVQNEPGJFQJSBK-UHFFFAOYSA-N,methyl_methacrylate,C=C(C(=O)OC)C,80-62-6,True,7.0,"C,H,O",True,False
HXDLWJWIAHWIKI-UHFFFAOYSA-N,glycol_monoacetate,CC(=O)OCCO,542-59-6,True,7.0,"C,H,O",True,True
JTXMVXSTHSMVQF-UHFFFAOYSA-N,ethylene_glycol_diacetate,CC(=O)OCCOC(=O)C,111-55-7,True,10.0,"C,H,O",True,False
ARXJGSRGQADJSQ-UHFFFAOYSA-N,1-methoxy-2-propanol,CC(COC)O,,True,6.0,"C,H,O",True,False
LLHKCFNBLRBOGN-UHFFFAOYSA-N,"2-propanol, 1-methoxy-, acetate",CC(COC)OC(=O)C,,True,9.0,"C,H,O",True,True
OVGRCEFMXPHEBL-UHFFFAOYSA-N,Propoxyethylene,CCCOC=C,,False,6.0,"C,H,O",True,False
QMMFVYPAHWMCMS-UHFFFAOYSA-N,dimethyl_sulfide,CSC,75-18-3,True,3.0,"C,H,S",True,False
WXEHBUMAEPOYKP-UHFFFAOYSA-N,methyl_ethyl_sulfide,CSCC,624-89-5,True,4.0,"C,H,S",True,True
QGJOPFRUJISHPQ-UHFFFAOYSA-N,carbon_disulfide,[S][C][S],75-15-0,True,3.0,"C,S",True,True
NKDDWNXOKDWJAK-UHFFFAOYSA-N,methylal,COCOC,109-87-5,True,5.0,"C,H,O",True,False
CXBDYQVECUFKRK-UHFFFAOYSA-N,methyl_n-butyl_ether,COCCCC,628-28-4,True,6.0,"C,H,O",True,False
UIWXSTHGICQLQT-UHFFFAOYSA-N,vinyl_propionate,C=COC(=O)CC,105-38-4,True,7.0,"C,H,O",True,False
XMGQYMWWDOXHJM-JTQLQIEISA-N,d-limonene,[C@H]1(CCC(=CC1)C)C(=C)C,5989-27-5,True,10.0,"C,H",True,False
YRKCREAYFQTBPV-UHFFFAOYSA-N,acetylacetone,C(=O)(CC(=O)C)C,123-54-6,True,7.0,"C,H,O",True,False
VOPWNXZWBYDODV-UHFFFAOYSA-N,chlorodifluoromethane,C(F)(F)Cl,75-45-6,True,4.0,"C,Cl,F,H",True,False
IAQRGUVFOMOMEM-ARJAWSKDSA-N,cis-2-butene,C/C=C\C,590-18-1,True,4.0,"C,H",True,True
NUKZAGXMHTUAFE-UHFFFAOYSA-N,hexanoic_acid_methyl_ester,C(CC(=O)OC)CCC,106-70-7,True,9.0,"C,H,O",True,False
XNCNNDVCAUWAIT-UHFFFAOYSA-N,methyl_heptanoate,CCCCCCC(=O)OC,106-73-0,True,10.0,"C,H,O",True,True
PZYDAVFRVJXFHS-UHFFFAOYSA-N,N-cyclohexylpyrrolidinone,C1CCC(CC1)N2CCCC2=O,,False,12.0,"C,H,N,O",True,True
XTXRWKRVRITETP-UHFFFAOYSA-N,vinyl_acetate,CC(=O)OC=C,108-05-4,True,6.0,"C,H,O",True,True
BGTOWKSIORTVQH-UHFFFAOYSA-N,cyclopentanone,C1CCCC1=O,120-92-3,True,6.0,"C,H,O",True,False
ZPVFWPFBNIEHGJ-UHFFFAOYSA-N,2-octanone,CC(=O)CCCCCC,111-13-7,True,9.0,"C,H,O",True,False
ZBCBWPMODOFKDW-UHFFFAOYSA-N,diethanolamine,OCCNCCO,111-42-2,True,7.0,"C,H,N,O",True,False
QPRQEDXDYOZYLA-YFKPBYRVSA-N,2-methyl-1-butanol,CC[C@@H](CO)C,137-32-6,True,6.0,"C,H,O",True,False
XYIBRDXRRQCHLP-UHFFFAOYSA-N,ethyl_acetoacetate,CC(=O)CC(=O)OCC,141-97-9,True,9.0,"C,H,O",True,True
ZZXUZKXVROWEIF-UHFFFAOYSA-N,butylene carbonate,CCC1COC(=O)O1,,False,8.0,"C,H,O",True,False
FENFUOGYJVOCRY-UHFFFAOYSA-N,1-propoxy-2-propanol,CCCOCC(C)O,,True,8.0,"C,H,O",True,False
RJUFJBKOKNCXHH-UHFFFAOYSA-N,methyl_propionate,CCC(=O)OC,554-12-1,True,6.0,"C,H,O",True,False
PYGXAGIECVVIOZ-UHFFFAOYSA-N,dibutyl_sebacate,CCCCOC(=O)CCCCCCCCC(=O)OCCCC,109-43-3,True,22.0,"C,H,O",True,False
CCEFMUBVSUDRLG-UHFFFAOYSA-N,"7-oxabicyclo[4.1.0]heptane, 1-methyl-4-(1-methylethenyl)-",CC(=C)C1CCC2(C(C1)O2)C,,False,11.0,"C,H,O",True,False
ZUOUZKKEUPVFJK-UHFFFAOYSA-N,biphenyl,c1(c2ccccc2)ccccc1,92-52-4,True,12.0,"C,H",True,True
SNMVRZFUUCLYTO-UHFFFAOYSA-N,n-propyl_chloride,ClCCC,540-54-5,True,4.0,"C,Cl,H",True,False
KPSSIOMAKSHJJG-UHFFFAOYSA-N,"2,2-dimethyl-1-propanol",C(C(C)(C)C)O,75-84-3,True,6.0,"C,H,O",True,False
QENGPZGAWFQWCZ-UHFFFAOYSA-N,3-methylthiophene,s1cc(cc1)C,616-44-4,True,6.0,"C,H,S",True,True
FXNDIJDIPNCZQJ-UHFFFAOYSA-N,"2,4,4-trimethyl-1-pentene",C=C(CC(C)(C)C)C,107-39-1,True,8.0,"C,H",True,False
DCKVNWZUADLDEH-UHFFFAOYSA-N,1-methylpropyl ethanoate,CCC(C)OC(=O)C,,True,8.0,"C,H,O",True,True
IWBOPFCKHIJFMS-UHFFFAOYSA-N,"1,2-bis(2-aminoethoxy)ethane",C(COCCOCCN)N,,False,10.0,"C,H,N,O",True,False
XNIOWJUQPMKCIJ-UHFFFAOYSA-N,2-benzylaminoethanol,C1=CC=C(C=C1)CNCCO,,False,11.0,"C,H,N,O",True,True
XTDYIOOONNVFMA-UHFFFAOYSA-N,dimethyl_glutarate,O(C(=O)CCCC(=O)OC)C,1119-40-0,True,11.0,"C,H,O",True,False
BRLQWZUYTZBJKN-UHFFFAOYSA-N,"1-chloro-2,3-epoxypropane",C1C(O1)CCl,,True,5.0,"C,Cl,H,O",True,False
KNKRKFALVUDBJE-GSVOUGTGSA-N,"1,2-dichloropropane",[C@H](CCl)(C)Cl,78-87-5,True,5.0,"C,Cl,H",True,True
WFSMVVDJSNMRAR-UHFFFAOYSA-N,2-(2-(2-ethoxyethoxy)ethoxy)ethanol,OCCOCCOCCOCC,112-50-5,True,12.0,"C,H,O",True,False
COBPKKZHLDDMTB-UHFFFAOYSA-N,2-(2-(2-butoxyethoxy)ethoxy)ethanol,OCCOCCOCCOCCCC,143-22-6,True,14.0,"C,H,O",True,False
NSGXIBWMJZWTPY-UHFFFAOYSA-N,"1,1,1,3,3,3-hexafluoropropane",C(C(F)(F)F)C(F)(F)F,,False,9.0,"C,F,H",True,True
GDOPTJXRTPNYNR-UHFFFAOYSA-N,methylcyclopentane,C1(CCCC1)C,96-37-7,True,6.0,"C,H",True,False
RAOIDOHSFRTOEL-UHFFFAOYSA-N,tetrahydrothiophene,C1CCCS1,110-01-0,True,5.0,"C,H,S",True,True
TZIHFWKZFHZASV-UHFFFAOYSA-N,methyl_formate,COC=O,107-31-3,True,4.0,"C,H,O",True,False
WBJINCZRORDGAQ-UHFFFAOYSA-N,ethyl_formate,CCOC=O,109-94-4,True,5.0,"C,H,O",True,True
KFNNIILCVOLYIR-UHFFFAOYSA-N,n-propyl_formate,C(COC=O)C,110-74-7,True,6.0,"C,H,O",True,False
GOOHAUXETOMSMM-UHFFFAOYSA-N,methyloxirane,CC1CO1,,True,4.0,"C,H,O",True,False
KAVGMUDTWQVPDF-UHFFFAOYSA-N,decafluorobutane,C(C(C(C(F)(F)F)(F)F)(F)F)(F)(F)F,355-25-9,True,14.0,"C,F",True,True
GWHJZXXIDMPWGX-UHFFFAOYSA-N,"1,2,4-trimethylbenzene",c1(ccc(cc1C)C)C,95-63-6,True,9.0,"C,H",True,True
WQOXQRCZOLPYPM-UHFFFAOYSA-N,dimethyl_disulfide,CSSC,624-92-0,True,4.0,"C,H,S",True,False
CDOSHBSSFJOMGT-SNVBAGLBSA-N,linalool,C=C[C@@](CCC=C(C)C)(C)O,78-70-6,True,11.0,"C,H,O",True,False
XPDWGBQVDMORPB-UHFFFAOYSA-N,trifluoromethane,FC(F)F,75-46-7,True,4.0,"C,F,H",True,False
NNWUEBIEOFQMSS-UHFFFAOYSA-N,2-methylpiperidine,CC1CCCCN1,,False,7.0,"C,H,N",True,False
LOQGSOTUHASIHI-UHFFFAOYSA-N,"cyclohexane, 1,1,2,2,3,3,4,5,5,6-decafluoro-4,6-bis(trifluoromethyl)-",C1(C(C(C(C(C1(F)F)(F)F)(F)F)(C(F)(F)F)F)(F)F)(C(F)(F)F)F,,False,24.0,"C,F",True,False
MXLMTQWGSQIYOW-RXMQYKEDSA-N,3-methyl-2-butanol,C([C@@H](C)O)(C)C,598-75-4,True,6.0,"C,H,O",True,False
STNJBCKSHOAVAJ-UHFFFAOYSA-N,methacrolein,CC(=C)C=O,78-85-3,True,5.0,"C,H,O",True,False
FVSKHRXBFJPNKK-UHFFFAOYSA-N,propionitrile,C(C#N)C,107-12-0,True,4.0,"C,H,N",True,False
ROORDVPLFPIABK-UHFFFAOYSA-N,diphenyl carbonate,C1=CC=C(C=C1)OC(=O)OC2=CC=CC=C2,,False,16.0,"C,H,O",True,False
NBVXSUQYWXRMNV-UHFFFAOYSA-N,methyl_fluoride,CF,593-53-3,True,2.0,"C,F,H",True,False
IJMWOMHMDSDKGK-UHFFFAOYSA-N,isopropyl_propionate,CC(C)OC(=O)CC,637-78-5,True,8.0,"C,H,O",True,False
FKRCODPIKNYEAC-UHFFFAOYSA-N,ethyl_propionate,CCOC(=O)CC,105-37-3,True,7.0,"C,H,O",True,False
LOLKAJARZKDJTD-UHFFFAOYSA-N,monoethyl succinate,CCOC(=O)CCC(=O)O,,False,10.0,"C,H,O",True,False
WEEGYLXZBRQIMU-UHFFFAOYSA-N,"1,3,3-trimethyl-2-oxabicyclo[2.2.2]octane",CC1(C2CCC(O1)(CC2)C)C,,True,11.0,"C,H,O",True,True
WGLLSSPDPJPLOR-UHFFFAOYSA-N,"2,3-dimethyl-2-butene",CC(=C(C)C)C,563-79-1,True,6.0,"C,H",True,False
HPEUJPJOZXNMSJ-UHFFFAOYSA-N,octadecanoic_acid_methyl_ester,C(CCCCCCCCCCCCCC)CCC(=O)OC,112-61-8,True,21.0,"C,H,O",True,False
AILKHAQXUAOOFU-UHFFFAOYSA-N,hexanenitrile,C(C#N)CCCC,628-73-9,True,7.0,"C,H,N",True,False
VXCUURYYWGCLIH-UHFFFAOYSA-N,dodecanenitrile,CCCCCCCCCCCC#N,,False,13.0,"C,H,N",True,False
RFFFKMOABOFIDF-UHFFFAOYSA-N,valeronitrile,C(C#N)CCC,110-59-8,True,6.0,"C,H,N",True,False
FOCAUTSVDIKZOP-UHFFFAOYSA-N,chloroacetic_acid,ClCC(=O)O,79-11-8,True,5.0,"C,Cl,H,O",True,False
JXTHNDFMNIQAHM-UHFFFAOYSA-N,dichloroacetic_acid,ClC(C(=O)O)Cl,79-43-6,True,6.0,"C,Cl,H,O",True,True
BTANRVKWQNVYAZ-UHFFFAOYSA-N,butan-2-ol,CCC(C)O,,True,5.0,"C,H,O",True,False
CHLICZRVGGXEOD-UHFFFAOYSA-N,1-methoxy-4-methylbenzene,CC1=CC=C(C=C1)OC,,False,9.0,"C,H,O",True,False
BMRWNKZVCUKKSR-SCSAIBSYSA-N,"1,2-butanediol",CC[C@H](CO)O,584-03-2,True,6.0,"C,H,O",True,True
WXGNWUVNYMJENI-UHFFFAOYSA-N,"1,1,2,2-tetrafluoroethane",FC(F)C(F)F,,False,6.0,"C,F,H",True,False
OWWIWYDDISJUMY-UHFFFAOYSA-N,"2,3-dimethyl-1-butene",C=C(C(C)C)C,563-78-0,True,6.0,"C,H",True,False
JVSWJIKNEAIKJW-UHFFFAOYSA-N,2-methylheptane,CC(CCCCC)C,592-27-8,True,8.0,"C,H",True,False
HUMNYLRZRPPJDN-UHFFFAOYSA-N,benzaldehyde,c1ccccc1C=O,100-52-7,True,8.0,"C,H,O",True,False
TWSRVQVEYJNFKQ-UHFFFAOYSA-N,n-pentyl_propanoate,CCCCCOC(=O)CC,624-54-4,True,10.0,"C,H,O",True,False
YLQBMQCUIZJEEH-UHFFFAOYSA-N,furan,c1ccco1,110-00-9,True,5.0,"C,H,O",True,False
KFUSEUYYWQURPO-OWOJBTEDSA-N,"trans-1,2-dichloroethylene",C(=C\Cl)/Cl,156-60-5,True,4.0,"C,Cl,H",True,False
XIRNKXNNONJFQO-UHFFFAOYSA-N,ethyl-hexadecanoate,C(CCCCCCCCCCCCC)CC(=O)OCC,628-97-7,True,20.0,"C,H,O",True,True
QMOLZSLXSAVSPU-UHFFFAOYSA-N,"2-propanone, O-methyloxime",CC(=NOC)C,,False,6.0,"C,H,N,O",True,True
XSNQECSCDATQEL-UHFFFAOYSA-N,"7-Octen-2-ol, 2,6-dimethyl-",CC(CCCC(C)(C)O)C=C,,False,11.0,"C,H,O",True,True
XOKSLPVRUOBDEW-UHFFFAOYSA-N,"bicyclo[3.1.1]heptane, 2,6,6-trimethyl-",CC1CCC2CC1C2(C)C,,False,10.0,"C,H",True,True
FUDNBFMOXDUIIE-UHFFFAOYSA-N,"3,7-dimethyl-1,6-octadiene",CC(CCC=C(C)C)C=C,,False,10.0,"C,H",True,False
JQVDAXLFBXTEQA-UHFFFAOYSA-N,di-n-butylamine,CCCCNCCCC,111-92-2,True,9.0,"C,H,N",True,False
GSNUFIFRDBKVIE-UHFFFAOYSA-N,"2,5-dimethylfuran",CC1=CC=C(O1)C,,False,7.0,"C,H,O",True,False
WWUVJRULCWHUSA-UHFFFAOYSA-N,2-methyl-1-pentene,C(C(=C)C)CC,763-29-1,True,6.0,"C,H",True,False
HCDGVLDPFQMKDK-UHFFFAOYSA-N,hexafluoropropylene,C(=C(C(F)(F)F)F)(F)F,116-15-4,True,9.0,"C,F",True,False
AFBPFSWMIHJQDM-UHFFFAOYSA-N,n-methylaniline,c1ccc(cc1)NC,100-61-8,True,8.0,"C,H,N",True,False
CNDHHGUSRIZDSL-UHFFFAOYSA-N,1-chlorooctane,C(CCCC)CCCCl,111-85-3,True,9.0,"C,Cl,H",True,False
WZLFPVPRZGTCKP-UHFFFAOYSA-N,"1,1,1,3,3-pentafluorobutane",C(CC(C)(F)F)(F)(F)F,406-58-6,True,9.0,"C,F,H",True,False
ZYGHJZDHTFUPRJ-UHFFFAOYSA-N,coumarin,C1=CC=C2C(=C1)C=CC(=O)O2,,False,11.0,"C,H,O",True,False
XAOGXQMKWQFZEM-UHFFFAOYSA-N,isoamyl_propionate,CC(CCOC(=O)CC)C,105-68-0,True,10.0,"C,H,O",True,False
MVLVMROFTAUDAG-UHFFFAOYSA-N,octadecanoic_acid_ethyl_ester,C(OC(=O)CCCCCCCCCCCCCCCCC)C,111-61-5,True,22.0,"C,H,O",True,True
JLTDJTHDQAWBAV-UHFFFAOYSA-N,"n,n-dimethylaniline",c1cccc(c1)N(C)C,121-69-7,True,9.0,"C,H,N",True,False
XTBFPVLHGVYOQH-UHFFFAOYSA-N,methyl phenyl carbonate,COC(=O)OC1=CC=CC=C1,,False,11.0,"C,H,O",True,True
XMGQYMWWDOXHJM-UHFFFAOYSA-N,limonene,CC1=CCC(CC1)C(=C)C,,False,10.0,"C,H",True,True
KAESVJOAVNADME-UHFFFAOYSA-N,pyrrole,c1ccc[nH]1,109-97-7,True,5.0,"C,H,N",True,False
ZQPPMHVWECSIRJ-KTKRTIGZSA-N,oleic_acid,C(CC/C=C\CCCCCCCC)CCCCC(=O)O,112-80-1,True,20.0,"C,H,O",True,False
MNDIARAMWBIKFW-UHFFFAOYSA-N,1-bromohexane,CCCCCCBr,,False,7.0,"Br,C,H",True,False
KJPRLNWUNMBNBZ-QPJJXVBHSA-N,cinnamaldehyde,c1ccccc1/C=C/C=O,104-55-2,True,10.0,"C,H,O",True,False
NQBXSWAWVZHKBZ-UHFFFAOYSA-N,ethylene_glycol_monobutyl_ether_acetate,CC(=O)OCCOCCCC,112-07-2,True,11.0,"C,H,O",True,False
VMKMZRBPOSNUMX-PHDIDXHHSA-N,dipropylene_glycol,O([C@@H](CO)C)[C@@H](CO)C,25265-71-8,True,9.0,"C,H,O",True,False
ICMAFTSLXCXHRK-UHFFFAOYSA-N,ethyl-pentanoate,C(=O)(CCCC)OCC,539-82-2,True,9.0,"C,H,O",True,False
KIDHWZJUCRJVML-UHFFFAOYSA-N,"1,4-diaminobutane",NCCCCN,110-60-1,True,6.0,"C,H,N",True,True
PWGJDPKCLMLPJW-UHFFFAOYSA-N,"1,8-octanediamine",NCCCCCCCCN,373-44-4,True,10.0,"C,H,N",True,False
WRMNZCZEMHIOCP-UHFFFAOYSA-N,2-phenylethanol,c1cccc(c1)CCO,60-12-8,True,9.0,"C,H,O",True,False
RHQDFWAXVIIEBN-UHFFFAOYSA-N,"2,2,2-trifluoroethanol",C(CO)(F)(F)F,75-89-8,True,6.0,"C,F,H,O",True,True
JMTFLSQHQSFNTE-UHFFFAOYSA-N,1-dodecyl-1H-imidazole,CCCCCCCCCCCCN1C=CN=C1,,False,17.0,"C,H,N",True,False
JCCCMAAJYSNBPR-UHFFFAOYSA-N,2-ethylthiophene,c1cc(sc1)CC,872-55-9,True,7.0,"C,H,S",True,False
YHRUOJUYPBUZOS-UHFFFAOYSA-N,"1,3-dichloropropane",C(CCCl)Cl,142-28-9,True,5.0,"C,Cl,H",True,False
KJDRSWPQXHESDQ-UHFFFAOYSA-N,"1,4-dichlorobutane",ClCCCCCl,110-56-5,True,6.0,"C,Cl,H",True,False
XPFVYQJUAUNWIW-UHFFFAOYSA-N,furfuryl_alcohol,c1coc(c1)CO,98-00-0,True,7.0,"C,H,O",True,False
IYXGSMUGOJNHAZ-UHFFFAOYSA-N,diethyl_malonate,CCOC(=O)CC(=O)OCC,105-53-3,True,11.0,"C,H,O",True,False
GWYFCOCPABKNJV-UHFFFAOYSA-N,isovaleric_acid,C(CC(=O)O)(C)C,503-74-2,True,7.0,"C,H,O",True,True
WGYKZJWCGVVSQN-UHFFFAOYSA-N,n-propylamine,CCCN,107-10-8,True,4.0,"C,H,N",True,False
JJWLVOIRVHMVIS-UHFFFAOYSA-N,isopropylamine,CC(C)N,75-31-0,True,4.0,"C,H,N",True,False
HPNMFZURTQLUMO-UHFFFAOYSA-N,diethylamine,CCNCC,109-89-7,True,5.0,"C,H,N",True,False
HGINCPLSRVDWNT-UHFFFAOYSA-N,acrolein,C=CC=O,107-02-8,True,4.0,"C,H,O",True,False
HGBOYTHUEUWSSQ-UHFFFAOYSA-N,pentanal,CCCCC=O,110-62-3,True,6.0,"C,H,O",True,False
MLUCVPSAIODCQM-NSCUHMNNSA-N,trans-crotonaldehyde,C/C=C/C=O,123-73-9,True,5.0,"C,H,O",True,False
PGFXOWRDDHCDTE-UHFFFAOYSA-N,"2,2,3-trifluoro-3-(trifluoromethyl)oxirane",C1(C(O1)(F)F)(C(F)(F)F)F,,False,10.0,"C,F,O",True,False
XNNQFQFUQLJSQT-UHFFFAOYSA-N,bromotrichloromethane,C(Cl)(Cl)(Br)Cl,75-62-7,True,5.0,"Br,C,Cl",True,False
FJBFPHVGVWTDIP-UHFFFAOYSA-N,dibromomethane,C(Br)Br,74-95-3,True,3.0,"Br,C,H",True,True
JPOXNPPZZKNXOV-UHFFFAOYSA-N,bromochloromethane,C(Cl)Br,74-97-5,True,3.0,"Br,C,Cl,H",True,True
GSEJCLTVZPLZKY-UHFFFAOYSA-N,triethanolamine,OCCN(CCO)CCO,102-71-6,True,10.0,"C,H,N,O",True,False
LZCLXQDLBQLTDK-BYPYZUCNSA-N,ethyl_lactate,CCOC(=O)[C@H](C)O,97-64-3,True,8.0,"C,H,O",True,True
ITQTTZVARXURQS-UHFFFAOYSA-N,3-methylpyridine,c1ccncc1C,108-99-6,True,7.0,"C,H,N",True,False
UFLHIIWVXFIJGU-ARJAWSKDSA-N,cis-3-hexen-1-ol,CC/C=C\CCO,,False,7.0,"C,H,O",True,False
XUPYJHCZDLZNFP-UHFFFAOYSA-N,n-butyl_n-butyrate,CCCCOC(=O)CCC,109-21-7,True,10.0,"C,H,O",True,False
SMWDFEZZVXVKRB-UHFFFAOYSA-N,quinoline,c1cc2c(cc1)nccc2,91-22-5,True,10.0,"C,H,N",True,True
SGUVLZREKBPKCE-UHFFFAOYSA-N,"1,5-diazabicyclo[4.3.0]non-5-ene",C1CC2=NCCCN2C1,,False,9.0,"C,H,N",True,True
STSCVKRWJPWALQ-UHFFFAOYSA-N,ethyl trifluoroacetate,CCOC(=O)C(F)(F)F,,False,9.0,"C,F,H,O",True,False
DTQVDTLACAAQTR-UHFFFAOYSA-N,trifluoroacetic_acid,FC(C(=O)O)(F)F,76-05-1,True,7.0,"C,F,H,O",True,True
GWQOOADXMVQEFT-UHFFFAOYSA-N,"2,5-dimethylthiophene",CC1=CC=C(S1)C,,False,7.0,"C,H,S",True,True
ZRKMQKLGEQPLNS-UHFFFAOYSA-N,n-pentyl_mercaptan,CCCCCS,110-66-7,True,6.0,"C,H,S",True,False
MGSRCZKZVOBKFT-UHFFFAOYSA-N,thymol,CC1=CC(=C(C=C1)C(C)C)O,,False,11.0,"C,H,O",True,False
QJQZRLXDLORINA-UHFFFAOYSA-N,2-cyclohexylethanol,C1CCC(CC1)CCO,,False,9.0,"C,H,O",True,False
OYHQOLUKZRVURQ-HZJYTTRNSA-N,linoleic_acid,C(C/C=C\C/C=C\CCCCC)CCCCCC(=O)O,60-33-3,True,20.0,"C,H,O",True,False
MHDVGSVTJDSBDK-UHFFFAOYSA-N,dibenzyl_ether,c1ccc(cc1)COCc1ccccc1,103-50-4,True,15.0,"C,H,O",True,False
DOIRQSBPFJWKBE-UHFFFAOYSA-N,di-n-butyl_phthalate,c1(c(C(=O)OCCCC)cccc1)C(=O)OCCCC,84-74-2,True,20.0,"C,H,O",True,False
FDOPVENYMZRARC-UHFFFAOYSA-N,"1,1,1,2,2-pentafluoropropane",C(C(C)(F)F)(F)(F)F,1814-88-6,True,8.0,"C,F,H",True,False
NAMYKGVDVNBCFQ-UHFFFAOYSA-N,2-bromopropane,CC(C)Br,75-26-3,True,4.0,"Br,C,H",True,False
NEHMKBQYUWJMIP-UHFFFAOYSA-N,methyl_chloride,CCl,74-87-3,True,2.0,"C,Cl,H",True,False
IBYHHJPAARCAIE-UHFFFAOYSA-N,1-bromo-2-chloroethane,ClCCBr,107-04-0,True,4.0,"Br,C,Cl,H",True,True
SDAXRHHPNYTELL-UHFFFAOYSA-N,heptanenitrile,CCCCCCC#N,,False,8.0,"C,H,N",True,False
YSIMAPNUZAVQER-UHFFFAOYSA-N,octanenitrile,CCCCCCCC#N,,False,9.0,"C,H,N",True,False
PLZZPPHAMDJOSR-UHFFFAOYSA-N,nonanenitrile,CCCCCCCCC#N,,False,10.0,"C,H,N",True,False
HBZDPWBWBJMYRY-UHFFFAOYSA-N,caprinitrile,CCCCCCCCCC#N,1975-78-6,True,11.0,"C,H,N",True,False
SZKKNEOUHLFYNA-UHFFFAOYSA-N,undecanenitrile,CCCCCCCCCCC#N,,False,12.0,"C,H,N",True,False
WKJHMKQSIBMURP-UHFFFAOYSA-N,tridecanenitrile,CCCCCCCCCCCCC#N,,False,14.0,"C,H,N",True,False
MLRCLPRHEOPXLL-UHFFFAOYSA-N,tetradecanenitrile,CCCCCCCCCCCCCC#N,,False,15.0,"C,H,N",True,True
GRWFGVWFFZKLTI-IUCAKERBSA-N,alpha-pinene,[C@H]12C([C@H](C1)CC=C2C)(C)C,80-56-8,True,10.0,"C,H",True,False
CWLKGDAVCFYWJK-UHFFFAOYSA-N,m-aminophenol,C1=CC(=CC(=C1)O)N,,False,8.0,"C,H,N,O",True,False
HCFAJYNVAYBARA-UHFFFAOYSA-N,4-heptanone,CCCC(=O)CCC,123-19-3,True,8.0,"C,H,O",True,False
CCAFPWNGIUBUSD-UHFFFAOYSA-N,diethyl_sulfoxide,S(=O)(CC)CC,70-29-1,True,6.0,"C,H,O,S",True,False
LBKDGROORAKTLC-UHFFFAOYSA-N,"1,5-dichloropentane",ClCCCCCCl,628-76-2,True,7.0,"C,Cl,H",True,False
OVISMSJCKCDOPU-UHFFFAOYSA-N,"1,6-dichlorohexane",C(CCCCl)CCCl,,False,8.0,"C,Cl,H",True,False
VEFLKXRACNJHOV-UHFFFAOYSA-N,"1,3-dibromopropane",BrCCCBr,109-64-8,True,5.0,"Br,C,H",True,True
ULTHEAFYOOPTTB-UHFFFAOYSA-N,"1,4-dibromobutane",C(CCBr)CBr,,False,6.0,"Br,C,H",True,False
IBODDUNKEPPBKW-UHFFFAOYSA-N,"1,5-dibromopentane",C(CCBr)CCBr,,False,7.0,"Br,C,H",True,False
SGRHVVLXEBNBDV-UHFFFAOYSA-N,"1,6-dibromohexane",C(CCCBr)CCBr,,False,8.0,"Br,C,H",True,True
AOGQPLXWSUTHQB-UHFFFAOYSA-N,n-hexyl_acetate,CC(=O)OCCCCCC,142-92-7,True,10.0,"C,H,O",True,True
HRYZWHHZPQKTII-UHFFFAOYSA-N,ethyl_chloride,CCCl,75-00-3,True,3.0,"C,Cl,H",True,False
FSGHEPDRMHVUCQ-UHFFFAOYSA-N,2-ethoxypropene,C=C(C)OCC,926-66-9,True,6.0,"C,H,O",True,False
WTARULDDTDQWMU-UHFFFAOYSA-N,"bicyclo[3.1.1]heptane, 6,6-dimethyl-2-methylene-",CC1(C2CCC(=C)C1C2)C,,True,10.0,"C,H",True,False
GIAFURWZWWWBQT-UHFFFAOYSA-N,2-aminoethoxyethanol,NCCOCCO,929-06-6,True,7.0,"C,H,N,O",True,True
GETTZEONDQJALK-UHFFFAOYSA-N,benzotrifluoride,c1ccc(cc1)C(F)(F)F,98-08-8,True,10.0,"C,F,H",True,True
QIROQPWSJUXOJC-UHFFFAOYSA-N,"cyclohexane, undecafluoro(trifluoromethyl)-",C1(C(C(C(C(C1(F)F)(F)F)(F)F)(F)F)(F)F)(C(F)(F)F)F,,False,21.0,"C,F",True,False
LZDKZFUFMNSQCJ-UHFFFAOYSA-N,"1,2-diethoxyethane",CCOCCOCC,629-14-1,True,8.0,"C,H,O",True,False
CUONGYYJJVDODC-UHFFFAOYSA-N,malononitrile,C(C#N)C#N,109-77-3,True,5.0,"C,H,N",True,False
IAHFWCOBPZCAEA-UHFFFAOYSA-N,succinonitrile,C(C#N)CC#N,110-61-2,True,6.0,"C,H,N",True,False
LHIJANUOQQMGNT-UHFFFAOYSA-N,n-aminoethyl_ethanolamine,N(CCN)CCO,111-41-1,True,7.0,"C,H,N,O",True,False
HXKKHQJGJAFBHI-UHFFFAOYSA-N,"2-propanol, 1-amino-",CC(CN)O,,True,5.0,"C,H,N,O",True,False
NJCBUSHGCBERSK-UHFFFAOYSA-N,perfluoropentane,FC(F)(C(F)(F)C(F)(F)F)C(C(F)(F)F)(F)F,678-26-2,True,17.0,"C,F",True,True
BCCOBQSFUDVTJQ-UHFFFAOYSA-N,octafluorocyclobutane,C1(C(C(C1(F)F)(F)F)(F)F)(F)F,115-25-3,True,12.0,"C,F",True,False
NZNMSOFKMUBTKW-UHFFFAOYSA-N,hexahydrobenzoic acid,C1CCC(CC1)C(=O)O,,False,9.0,"C,H,O",True,False
LJOODBDWMQKMFB-UHFFFAOYSA-N,cyclohexylacetic acid,C1CCC(CC1)CC(=O)O,,False,10.0,"C,H,O",True,True
KKFDCBRMNNSAAW-UHFFFAOYSA-N,N-.beta.-hydroxyethylmorpholine,C1COCCN1CCO,,False,9.0,"C,H,N,O",True,False
QOHMWDJIBGVPIF-UHFFFAOYSA-N,3-diethylaminopropylamine,CCN(CC)CCCN,,False,9.0,"C,H,N",True,True
JBTWLSYIZRCDFO-UHFFFAOYSA-N,carbonic_acid_methyl_ethyl_ester,C(=O)(OC)OCC,623-53-0,True,7.0,"C,H,O",True,False
HUAZGNHGCJGYNP-UHFFFAOYSA-N,n-propyl_n-butyrate,CCCC(=O)OCCC,105-66-8,True,9.0,"C,H,O",True,False
QYSXYAURTRCDJU-UHFFFAOYSA-N,"propanol, oxybis-",CCC(O)OC(O)CC,,False,9.0,"C,H,O",True,False
FKNQCJSGGFJEIZ-UHFFFAOYSA-N,4-methylpyridine,c1c(ccnc1)C,108-89-4,True,7.0,"C,H,N",True,False
BGJSXRVXTHVRSN-UHFFFAOYSA-N,trioxane,C1OCOCO1,110-88-3,True,6.0,"C,H,O",True,True
WEEGYLXZBRQIMU-WAAGHKOSSA-N,"1,8-cineole",[C@@]12(CC[C@H](C(O1)(C)C)CC2)C,470-82-6,True,11.0,"C,H,O",True,False
VILCJCGEZXAXTO-UHFFFAOYSA-N,triethylenetetramine,NCCNCCNCCN,112-24-3,True,10.0,"C,H,N",True,False
RAXXELZNTBOGNW-UHFFFAOYSA-N,1H-imidazole,C1=CN=CN1,,False,5.0,"C,H,N",True,False
LXBGSDVWAMZHDD-UHFFFAOYSA-N,2-methyl-1h-imidazole,[nH]1ccnc1C,693-98-1,True,6.0,"C,H,N",True,False
PYSGFFTXMUWEOT-UHFFFAOYSA-N,3-(dimethylamino)-1-propanol,CN(C)CCCO,,False,7.0,"C,H,N,O",True,False
PYGSKMBEVAICCR-UHFFFAOYSA-N,"1,5-hexadiene",C=CCCC=C,592-42-7,True,6.0,"C,H",True,True
HFPZCAJZSCWRBC-UHFFFAOYSA-N,p-cymene,c1(ccc(cc1)C(C)C)C,99-87-6,True,10.0,"C,H",True,False
NBBJYMSMWIIQGU-UHFFFAOYSA-N,propanal,CCC=O,123-38-6,True,4.0,"C,H,O",True,False
WGQKYBSKWIADBV-UHFFFAOYSA-N,benzylamine,c1cccc(c1)CN,100-46-9,True,8.0,"C,H,N",True,False
VKCYHJWLYTUGCC-UHFFFAOYSA-N,2-nonanone,CC(=O)CCCCCCC,821-55-6,True,10.0,"C,H,O",True,False
KYWIYKKSMDLRDC-UHFFFAOYSA-N,2-undecanone,CCCCCCCCCC(=O)C,,False,12.0,"C,H,O",True,True
CYIFVRUOHKNECG-UHFFFAOYSA-N,methyl undecyl ketone,CCCCCCCCCCCC(=O)C,,False,14.0,"C,H,O",True,False
ZAJNGDIORYACQU-UHFFFAOYSA-N,2-decanone,CCCCCCCCC(=O)C,,False,11.0,"C,H,O",True,False
CDOSHBSSFJOMGT-UHFFFAOYSA-N,"1,6-octadien-3-ol, 3,7-dimethyl-",CC(=CCCC(C)(C=C)O)C,,True,11.0,"C,H,O",True,False
LHXDLQBQYFFVNW-XCBNKYQSSA-N,(+)-fenchone,C1C[C@H]2C(C(=O)[C@@]1(C2)C)(C)C,4695-62-9,True,11.0,"C,H,O",True,False
AOHJOMMDDJHIJH-VKHMYHEASA-N,"1,2-propanediamine",NC[C@H](C)N,78-90-0,True,5.0,"C,H,N",True,True
JYVLIDXNZAXMDK-UHFFFAOYSA-N,pentan-2-ol,CCCC(C)O,,True,6.0,"C,H,O",True,True
YBRBMKDOPFTVDT-UHFFFAOYSA-N,tert-butylamine,CC(N)(C)C,75-64-9,True,5.0,"C,H,N",True,False
YQLZOAVZWJBZSY-UHFFFAOYSA-N,"1,10-diaminodecane",C(CCCCCN)CCCCN,,False,12.0,"C,H,N",True,False
QFTYSVGGYOXFRQ-UHFFFAOYSA-N,"1,12-diaminododecane",C(CCCCCCN)CCCCCN,,False,14.0,"C,H,N",True,False
HXVNBWAKAOHACI-UHFFFAOYSA-N,diisopropyl_ketone,C(=O)(C(C)C)C(C)C,565-80-0,True,8.0,"C,H,O",True,False
QHJABUZHRJTCAR-UHFFFAOYSA-N,N-methyltrimethylenediamine,CNCCCN,,False,6.0,"C,H,N",True,False
IUNMPGNGSSIWFP-UHFFFAOYSA-N,"1,3-propanediamine, N,N-dimethyl-",CN(C)CCCN,,False,7.0,"C,H,N",True,False
LEQCJROTXBYLEU-IWSPIJDZSA-N,tripropylene_glycol,O([C@@H](COC[C@@H](C)O)C)C[C@@H](C)O,24800-44-0,True,13.0,"C,H,O",True,False
KCXMKQUNVWSEMD-UHFFFAOYSA-N,benzyl_chloride,c1(ccccc1)CCl,100-44-7,True,8.0,"C,Cl,H",True,False
UDGSVBYJWHOHNN-UHFFFAOYSA-N,"1,2-ethanediamine, N,N-diethyl-",CCN(CC)CCN,,False,8.0,"C,H,N",True,False
PUPZLCDOIYMWBV-UHFFFAOYSA-N,"1,3-dihydroxybutane",CC(CCO)O,,True,6.0,"C,H,O",True,False
LPEKGGXMPWTOCB-UHFFFAOYSA-N,methyl 2-hydroxypropionate,CC(C(=O)OC)O,,True,7.0,"C,H,O",True,True
DTOSIQBPPRVQHS-PDBXOOCHSA-N,"9,12,15-octadecatrienoic acid",CC/C=C\C/C=C\C/C=C\CCCCCCCC(=O)O,,True,20.0,"C,H,O",True,False
ZLCSFXXPPANWQY-UHFFFAOYSA-N,m-ethyltoluene,c1(cccc(c1)CC)C,620-14-4,True,9.0,"C,H",True,False
JRLPEMVDPFPYPJ-UHFFFAOYSA-N,p-ethyltoluene,c1(ccc(cc1)CC)C,622-96-8,True,9.0,"C,H",True,False
HVCNXQOWACZAFN-UHFFFAOYSA-N,4-ethylmorpholine,CCN1CCOCC1,,False,8.0,"C,H,N,O",True,False
VMOWKUTXPNPTEN-UHFFFAOYSA-N,dimethyl_isopropyl_amine,CN(C)C(C)C,996-35-0,True,6.0,"C,H,N",True,False
IKHGUXGNUITLKF-UHFFFAOYSA-N,acetaldehyde,CC=O,75-07-0,True,3.0,"C,H,O",True,False
RPNUMPOLZDHAAY-UHFFFAOYSA-N,diethylenetriamine,NCCNCCN,111-40-0,True,7.0,"C,H,N",True,False
WYACBZDAHNBPPB-UHFFFAOYSA-N,diethyl_oxalate,CCOC(=O)C(=O)OCC,95-92-1,True,10.0,"C,H,O",True,False
OUDFNZMQXZILJD-UHFFFAOYSA-N,5-methylfurfural,c1cc(oc1C=O)C,620-02-0,True,8.0,"C,H,O",True,False
GMEONFUTDYJSNV-UHFFFAOYSA-N,ethyl levulinate,CCOC(=O)CCC(=O)C,,False,10.0,"C,H,O",True,False
MTZQAGJQAFMTAQ-UHFFFAOYSA-N,ethyl_benzoate,c1(C(=O)OCC)ccccc1,93-89-0,True,11.0,"C,H,O",True,False
DLRJIFUOBPOJNS-UHFFFAOYSA-N,phenetole,c1ccc(cc1)OCC,103-73-1,True,9.0,"C,H,O",True,False
XWJBRBSPAODJER-UHFFFAOYSA-N,"1,7-octadiene",C(=C)CCCCC=C,3710-30-3,True,8.0,"C,H",True,False
XQQBUAPQHNYYRS-UHFFFAOYSA-N,2-methylthiophene,c1sc(cc1)C,554-14-3,True,6.0,"C,H,S",True,True
WTSXICLFTPPDTL-UHFFFAOYSA-N,"1,3-pentanediamine",CCC(CCN)N,,False,7.0,"C,H,N",True,False
JZUHIOJYCPIVLQ-UHFFFAOYSA-N,"2-methyl-1,5-pentanediamine",CC(CCCN)CN,,True,8.0,"C,H,N",True,False
UKODFQOELJFMII-UHFFFAOYSA-N,"N,N,N',N'',N''-pentamethyldiethylenetriamine",CN(C)CCN(C)CCN(C)C,,False,12.0,"C,H,N",True,False
WFCSWCVEJLETKA-UHFFFAOYSA-N,n-(2-hydroxyethyl)piperazine,N1CCN(CC1)CCO,103-76-4,True,9.0,"C,H,N,O",True,False
UIKUBYKUYUSRSM-UHFFFAOYSA-N,N-(3-aminopropyl)morpholine,C1COCCN1CCCN,,False,10.0,"C,H,N,O",True,False
HNVRRHSXBLFLIG-UHFFFAOYSA-N,2-methyl-3-buten-2-ol,OC(C)(C=C)C,115-18-4,True,6.0,"C,H,O",True,False
SQNZJJAZBFDUTD-UHFFFAOYSA-N,"1,2,4,5-tetramethylbenzene",c1(cc(c(cc1C)C)C)C,95-93-2,True,10.0,"C,H",True,False
SHZIWNPUGXLXDT-UHFFFAOYSA-N,ethyl-hexanoate,C(C(=O)OCC)CCCC,123-66-0,True,10.0,"C,H,O",True,False
RGXWDWUGBIJHDO-UHFFFAOYSA-N,ethyl-decanoate,C(CCCCCCCC)C(=O)OCC,110-38-3,True,14.0,"C,H,O",True,False
QLNJFJADRCOGBJ-UHFFFAOYSA-N,propionamide,CCC(=O)N,,False,5.0,"C,H,N,O",True,False
QSJXEFYPDANLFS-UHFFFAOYSA-N,"2,3-butanedione",CC(=O)C(=O)C,431-03-8,True,6.0,"C,H,O",True,False
AOHJOMMDDJHIJH-UHFFFAOYSA-N,"1,2-diaminopropane",CC(CN)N,,True,5.0,"C,H,N",True,True
SVONRAPFKPVNKG-UHFFFAOYSA-N,2-ethoxyethyl_acetate,CC(=O)OCCOCC,111-15-9,True,9.0,"C,H,O",True,False
HQJQYILBCQPYBI-UHFFFAOYSA-N,"4,4'-dibromobiphenyl",C1=CC(=CC=C1C2=CC=C(C=C2)Br)Br,,False,14.0,"Br,C,H",True,False
QCDWFXQBSFUVSP-UHFFFAOYSA-N,ethylene glycol monophenyl ether,C1=CC=C(C=C1)OCCO,,False,10.0,"C,H,O",True,False
NHDODQWIKUYWMW-UHFFFAOYSA-N,"benzene, 1-bromo-4-chloro-",C1=CC(=CC=C1Cl)Br,,False,8.0,"Br,C,Cl,H",True,False
WRQNANDWMGAFTP-UHFFFAOYSA-N,methyl_acetoacetate,CC(=O)CC(=O)OC,105-45-3,True,8.0,"C,H,O",True,False
JRXXLCKWQFKACW-UHFFFAOYSA-N,diphenylacetylene,c1ccc(cc1)C#Cc1ccccc1,501-65-5,True,14.0,"C,H",True,False
GIWQSPITLQVMSG-UHFFFAOYSA-N,"1,2-dimethylimidazole",CC1=NC=CN1C,,False,7.0,"C,H,N",True,False
OXQHJIGWZNIQDS-UHFFFAOYSA-N,"butane, 2,2-dimethoxy-",CCC(C)(OC)OC,,False,8.0,"C,H,O",True,False
DHKHKXVYLBGOIT-UHFFFAOYSA-N,acetal,C(OCC)(OCC)C,105-57-7,True,8.0,"C,H,O",True,True
HNHVTXYLRVGMHD-UHFFFAOYSA-N,n-butyl_isocyanate,CCCCN=C=O,111-36-4,True,7.0,"C,H,N,O",True,False
JOYRKODLDBILNP-UHFFFAOYSA-N,urethane,CCOC(=O)N,,False,6.0,"C,H,N,O",True,False
ABDKAPXRBAPSQN-UHFFFAOYSA-N,"1,2-dimethoxybenzene",c1(ccccc1OC)OC,91-16-7,True,10.0,"C,H,O",True,True
OSDWBNJEKMUWAV-UHFFFAOYSA-N,3-chloropropene,ClCC=C,107-05-1,True,4.0,"C,Cl,H",True,False
GOUHYARYYWKXHS-UHFFFAOYSA-N,4-carboxybenzaldehyde,C1=CC(=CC=C1C=O)C(=O)O,,False,11.0,"C,H,O",True,False
VAJVDSVGBWFCLW-UHFFFAOYSA-N,3-phenyl-1-propanol,c1ccc(cc1)CCCO,122-97-4,True,10.0,"C,H,O",True,True
RIQRGMUSBYGDBL-UHFFFAOYSA-N,"1,1,1,2,2,3,4,5,5,5-decafluoropentane",C(C(C(F)(F)F)F)(C(C(F)(F)F)(F)F)F,,False,15.0,"C,F,H",True,False
LKLFXAVIFCLZQS-UHFFFAOYSA-N,"1,1,2,2,3,3,4,4-octafluorobutane_[hfc-338pcc]",C(C(C(C(F)F)(F)F)(F)F)(F)F,377-36-6,True,12.0,"C,F,H",True,False
RQEUFEKYXDPUSK-UHFFFAOYSA-N,DL-1-phenylethylamine,CC(C1=CC=CC=C1)N,,True,9.0,"C,H,N",True,False
OTKFCIVOVKCFHR-UHFFFAOYSA-N,methyl (methylthio)methyl sulfoxide,CSCS(=O)C,,False,6.0,"C,H,O,S",True,False
DTUQWGWMVIHBKE-UHFFFAOYSA-N,benzeneacetaldehyde,C1=CC=C(C=C1)CC=O,,False,9.0,"C,H,O",True,False
IAYPIBMASNFSPL-UHFFFAOYSA-N,ethylene_oxide,O1CC1,75-21-8,True,3.0,"C,H,O",True,False
BZHJMEDXRYGGRV-UHFFFAOYSA-N,vinyl_chloride,C=CCl,75-01-4,True,3.0,"C,Cl,H",True,True
IQVAERDLDAZARL-MRVPVSSYSA-N,2-phenylpropionaldehyde,c1ccccc1[C@@H](C=O)C,93-53-8,True,10.0,"C,H,O",True,False
CPJRRXSHAYUTGL-UHFFFAOYSA-N,3-methyl-3-buten-1-ol,C=C(C)CCO,763-32-6,True,6.0,"C,H,O",True,False
FWFSEYBSWVRWGL-UHFFFAOYSA-N,2-cyclohexen-1-one,C1CCC=CC1=O,930-68-7,True,7.0,"C,H,O",True,False
AUQDITHEDVOTCU-UHFFFAOYSA-N,cyclopropyl cyanide,C1CC1C#N,,False,5.0,"C,H,N",True,False
RGDQRXPEZUNWHX-UHFFFAOYSA-N,2-amino-3-picoline,CC1=C(N=CC=C1)N,,False,8.0,"C,H,N",True,False
BFKJFAAPBSQJPD-UHFFFAOYSA-N,tetrafluoroethylene,C(=C(F)F)(F)F,116-14-3,True,6.0,"C,F",True,False
DJEQZVQFEPKLOY-UHFFFAOYSA-N,"n,n-dimethyl-n-butylamine",CCCCN(C)C,927-62-8,True,7.0,"C,H,N",True,False
UQKAOOAFEFCDGT-UHFFFAOYSA-N,"n,n-dimethyloctylamine",CN(CCCCCCCC)C,7378-99-6,True,11.0,"C,H,N",True,False
SCZVXVGZMZRGRU-UHFFFAOYSA-N,N-ethylethylenediamine,CCNCCN,,False,6.0,"C,H,N",True,False
WLVCBAMXYMWGLJ-UHFFFAOYSA-N,"hexane, 1-chloro-2-ethyl-",CCCCC(CC)CCl,,True,9.0,"C,Cl,H",True,False
HYFLWBNQFMXCPA-UHFFFAOYSA-N,o-ethyltoluene,c1(ccccc1CC)C,611-14-3,True,9.0,"C,H",True,False
QPRQEDXDYOZYLA-UHFFFAOYSA-N,"1-butanol, 2-methyl-",CCC(C)CO,,True,6.0,"C,H,O",True,False
XHIUFYZDQBSEMF-UHFFFAOYSA-N,2-methylbutyl acetate,CCC(C)COC(=O)C,,False,9.0,"C,H,O",True,False
WMXCDAVJEZZYLT-UHFFFAOYSA-N,tert-butyl_mercaptan,C(S)(C)(C)C,75-66-1,True,5.0,"C,H,S",True,True
YBBRCQOCSYXUOC-UHFFFAOYSA-N,sulfuryl chloride,O=S(=O)(Cl)Cl,,False,5.0,"Cl,O,S",True,True
BOSAWIQFTJIYIS-UHFFFAOYSA-N,"1,1,1-trichlorotrifluoroethane",C(C(F)(F)F)(Cl)(Cl)Cl,354-58-5,True,8.0,"C,Cl,F",True,True
GTCAXTIRRLKXRU-UHFFFAOYSA-N,methylcarbamate,NC(=O)OC,598-55-0,True,5.0,"C,H,N,O",True,False
IAGUPODHENSJEZ-UHFFFAOYSA-N,n-phenyl_carbamic_acid_methylester,c1(ccccc1)NC(=O)OC,2603-10-3,True,11.0,"C,H,N,O",True,True
RFCAUADVODFSLZ-UHFFFAOYSA-N,chloropentafluoroethane,C(C(F)(F)F)(F)(F)Cl,76-15-3,True,8.0,"C,Cl,F",True,False
NGAZZOYFWWSOGK-UHFFFAOYSA-N,3-heptanone,CCC(=O)CCCC,106-35-4,True,8.0,"C,H,O",True,False
MNNZINNZIQVULG-UHFFFAOYSA-N,(2-chloroethyl)benzene,C1=CC=C(C=C1)CCCl,,False,9.0,"C,Cl,H",True,True
XZBXAYCCBFTQHH-UHFFFAOYSA-N,"benzene, (3-chloropropyl)-",C1=CC=C(C=C1)CCCCl,,False,10.0,"C,Cl,H",True,False
HETCEOQFVDFGSY-UHFFFAOYSA-N,isopropenyl_acetate,C=C(C)OC(=O)C,108-22-5,True,7.0,"C,H,O",True,False
RHLVCLIPMVJYKS-UHFFFAOYSA-N,3-octanone,CCCCCC(=O)CC,,False,9.0,"C,H,O",True,False
VYMPLPIFKRHAAC-UHFFFAOYSA-N,"1,2-ethanedithiol",SCCS,540-63-6,True,4.0,"C,H,S",True,True
DUCKXCGALKOSJF-UHFFFAOYSA-N,pentanoic anhydride,CCCCC(=O)OC(=O)CCCC,,False,13.0,"C,H,O",True,False
PKHMTIRCAFTBDS-UHFFFAOYSA-N,hexanoic anhydride,CCCCCC(=O)OC(=O)CCCCC,,False,15.0,"C,H,O",True,False
