series,c1,c2,T,split,name1,name2,fp_unifac_do,fp_cosmosac2010,fp_cosmosac_dsp,fp_Z0,fp_Z1,fp_Z0e,fp_Z0s,fp_Z0x,fp_hanna
je050327l.xml#10#T#253.2,QQONPFPTGQHPMA-UHFFFAOYSA-N,LCGLNKUTAGEVQW-UHFFFAOYSA-N,253.15,train,propene,methoxymethane,0.0,0.0,0.0,0.0,0.0,0.0,0.0,0.0,0.0
je400837p.xml#2#T#253.2,RFCAUADVODFSLZ-UHFFFAOYSA-N,GTLACDSXYULKMZ-UHFFFAOYSA-N,253.15,train,chloropentafluoroethane,pentafluoroethane,,0.0,0.0,0.0,0.0,0.0,0.0,0.0,0.0
je7001539.xml#2#T#253.2,NNPPMTNAJDCUHE-UHFFFAOYSA-N,GTLACDSXYULKMZ-UHFFFAOYSA-N,253.15,train,2-methylpropane,"ethane, pentafluoro-",,0.0,0.0,0.0,0.0,0.0,0.0,0.0,0.0
j.jct.2010.11.001.xml#2#T#255.0,ATUOYWHBWRKTHZ-UHFFFAOYSA-N,LVGUZGTVOIAKKC-UHFFFAOYSA-N,255.0,train,n-propane,"ethane, 1,1,1,2-tetrafluoro-",,0.0,0.0,0.0,0.0,0.0,0.0,0.0,0.0
j.fluid.2006.09.017.xml#2#T#258.2,RWRIWBAIICGTTQ-UHFFFAOYSA-N,LVGUZGTVOIAKKC-UHFFFAOYSA-N,258.15,train,difluoromethane,"ethane, 1,1,1,2-tetrafluoro-",,0.0,0.0,0.0,0.0,0.0,0.0,0.0,0.0
je060184i.xml#6#T#263.2,YKYONYBAUNKHLG-UHFFFAOYSA-N,XDTMQSROBMDMFD-UHFFFAOYSA-N,263.15,train,propyl ethanoate,cyclohexane,0.0,0.0,0.0,0.0,0.0,0.0,0.0,0.0,0.0
j.fluid.2005.11.016.xml#6#T#263.2,OISVCGZHLKNMSJ-UHFFFAOYSA-N,YXFVVABEGXRONW-UHFFFAOYSA-N,263.15,train,"2,6-dimethylpyridine",toluene,0.0,0.0,0.0,0.0,0.0,0.0,0.0,0.0,0.0
j.fluid.2010.10.022.xml#1#T#273.2,YKYONYBAUNKHLG-UHFFFAOYSA-N,CGHIBGNXEGJPQZ-UHFFFAOYSA-N,273.15,test_one,propyl ethanoate,1-hexyne,,0.0,0.0,0.0,0.0,0.0,0.0,0.0,0.0
je050317k.xml#19#T#273.2,NEHMKBQYUWJMIP-UHFFFAOYSA-N,BZHJMEDXRYGGRV-UHFFFAOYSA-N,273.15,test_one,chloromethane,chloroethene,,0.0,0.0,0.0,0.0,0.0,0.0,0.0,0.0
j.jct.2013.03.020.xml#5#T#273.2,VMOWKUTXPNPTEN-UHFFFAOYSA-N,XLYOFNOQVPJJNP-UHFFFAOYSA-N,273.15,train,"N,N-dimethylisopropylamine",water,0.0,1.0,1.0,1.0,1.0,1.0,1.0,1.0,0.0
j.jct.2012.03.016.xml#8#T#273.2,LIKMAJRDDDTEIG-UHFFFAOYSA-N,BZLVMXJERCGZMT-UHFFFAOYSA-N,273.15,train,1-hexene,methyl tert-butyl ether,0.0,0.0,0.0,0.0,0.0,0.0,0.0,0.0,0.0
je800888n.xml#2#T#273.2,FERIUCNNQQJTOY-UHFFFAOYSA-N,YXFVVABEGXRONW-UHFFFAOYSA-N,273.15,test_one,butanoic acid,toluene,0.0,0.0,0.0,0.0,0.0,0.0,0.0,0.0,0.0
j.jct.2013.03.020.xml#6#T#273.2,UEEJHVSXFDXPFK-UHFFFAOYSA-N,XLYOFNOQVPJJNP-UHFFFAOYSA-N,273.15,train,N-(2-hydroxyethyl)dimethylamine,water,0.0,1.0,1.0,1.0,1.0,1.0,0.0,1.0,0.0
je401123k.xml#3#T#273.2,QYSGYZVSCZSLHT-UHFFFAOYSA-N,BCCOBQSFUDVTJQ-UHFFFAOYSA-N,273.15,train,octafluoropropane,octafluorocyclobutane,0.0,0.0,0.0,0.0,0.0,0.0,0.0,0.0,0.0
je060184i.xml#4#T#273.2,YKYONYBAUNKHLG-UHFFFAOYSA-N,IMNFDUFMRHMDMM-UHFFFAOYSA-N,273.15,train,propyl ethanoate,heptane,0.0,0.0,0.0,0.0,0.0,0.0,0.0,0.0,0.0
je060184i.xml#8#T#273.2,YKYONYBAUNKHLG-UHFFFAOYSA-N,LIKMAJRDDDTEIG-UHFFFAOYSA-N,273.15,train,propyl ethanoate,1-hexene,0.0,0.0,0.0,0.0,0.0,0.0,0.0,0.0,0.0
j.fluid.2010.10.022.xml#7#T#273.2,YKYONYBAUNKHLG-UHFFFAOYSA-N,DQQNMIPXXNPGCV-UHFFFAOYSA-N,273.15,train,propyl ethanoate,3-hexyne,,0.0,0.0,0.0,0.0,0.0,0.0,0.0,0.0
j.jct.2013.09.046.xml#9#T#273.2,PEDCQBHIVMGVHV-UHFFFAOYSA-N,LFQSCWFLJHTTHZ-UHFFFAOYSA-N,273.15,test_one,glycerol,ethanol,0.0,0.0,0.0,0.0,0.0,0.0,0.0,0.0,0.0
j.jct.2013.09.046.xml#10#T#273.2,PEDCQBHIVMGVHV-UHFFFAOYSA-N,XLYOFNOQVPJJNP-UHFFFAOYSA-N,273.15,test_one,glycerol,water,0.0,0.0,0.0,0.0,0.0,0.0,0.0,0.0,0.0
j.fluid.2011.07.002.xml#2#T#278.2,LFQSCWFLJHTTHZ-UHFFFAOYSA-N,WEEGYLXZBRQIMU-UHFFFAOYSA-N,278.15,test_one,ethanol,"1,3,3-trimethyl-2-oxabicyclo[2.2.2]octane",,0.0,0.0,0.0,0.0,,,,0.0
je020110g.xml#3#T#278.2,ZXEKIIBDNHEJCQ-UHFFFAOYSA-N,MPPPKRYCTPRNTB-UHFFFAOYSA-N,278.15,test_one,2-methyl-1-propanol,1-bromobutane,0.0,0.0,0.0,0.0,0.0,0.0,0.0,0.0,0.0
je300736k.xml#2#T#278.2,BDERNNFJNOPAEC-UHFFFAOYSA-N,WEEGYLXZBRQIMU-WAAGHKOSSA-N,278.15,train,propan-1-ol,"1,8-cineole",,0.0,0.0,0.0,0.0,0.0,0.0,0.0,0.0
je200011e.xml#2#T#278.2,LRHPLDYGYMQRHN-UHFFFAOYSA-N,WEEGYLXZBRQIMU-WAAGHKOSSA-N,278.15,train,butan-1-ol,"1,8-cineole",,0.0,0.0,0.0,0.0,0.0,0.0,0.0,0.0
j.jct.2010.07.008.xml#1#T#283.2,WGQKYBSKWIADBV-UHFFFAOYSA-N,XLYOFNOQVPJJNP-UHFFFAOYSA-N,283.15,train,benzylamine,water,1.0,1.0,1.0,1.0,1.0,1.0,1.0,1.0,1.0
je049824c.xml#1#T#283.2,LPEKGGXMPWTOCB-UHFFFAOYSA-N,XLYOFNOQVPJJNP-UHFFFAOYSA-N,283.15,test_one,"propanoic acid, 2-hydroxy-, methyl ester",water,1.0,0.0,0.0,0.0,0.0,,,,0.0
je800530u.xml#6#T#283.2,HZAXFHJVJLSVMW-UHFFFAOYSA-N,XLYOFNOQVPJJNP-UHFFFAOYSA-N,283.15,train,2-aminoethanol,water,0.0,0.0,0.0,0.0,0.0,0.0,0.0,0.0,0.0
j.jct.2003.09.009.xml#4#T#283.2,VFWCMGCRMGJXDK-UHFFFAOYSA-N,MWKFXSUHUHTGQN-UHFFFAOYSA-N,283.15,test_one,1-chlorobutane,1-decanol,0.0,0.0,0.0,0.0,0.0,0.0,0.0,0.0,0.0
j.jct.2005.06.003.xml#4#T#283.2,WYURNTSHIVDZCO-UHFFFAOYSA-N,CYTYCFOTNPOANT-UHFFFAOYSA-N,283.15,test_one,tetrahydrofuran,tetrachloroethene,0.0,0.0,0.0,0.0,0.0,0.0,0.0,0.0,0.0
j.jct.2005.06.003.xml#3#T#283.2,QPFMBZIOSGYJDE-UHFFFAOYSA-N,WYURNTSHIVDZCO-UHFFFAOYSA-N,283.15,test_one,"1,1,2,2-tetrachloroethane",tetrahydrofuran,0.0,0.0,0.0,0.0,0.0,0.0,0.0,0.0,0.0
je030168a.xml#6#T#283.2,MPPPKRYCTPRNTB-UHFFFAOYSA-N,MWKFXSUHUHTGQN-UHFFFAOYSA-N,283.15,test_one,1-bromobutane,1-decanol,0.0,0.0,0.0,0.0,0.0,0.0,0.0,0.0,0.0
je500116z.xml#8#T#288.2,VLKZOEOYAKHREP-UHFFFAOYSA-N,NBRKLOOSMBRFMH-UHFFFAOYSA-N,288.15,train,n-hexane,2-chloro-2-methylpropane,0.0,0.0,0.0,0.0,0.0,0.0,0.0,0.0,0.0
je500116z.xml#6#T#288.2,VLKZOEOYAKHREP-UHFFFAOYSA-N,QTBFPMKWQKYFLR-UHFFFAOYSA-N,288.15,test_one,n-hexane,1-chloro-2-methylpropane,0.0,0.0,0.0,0.0,0.0,0.0,0.0,0.0,0.0
je800591u.xml#4#T#288.2,VQTUBCCKSQIDNK-UHFFFAOYSA-N,YFMFNYKEUDLDTL-UHFFFAOYSA-N,288.15,train,2-methylpropene,2H-perfluoropropane,,0.0,0.0,0.0,0.0,0.0,0.0,0.0,0.0
j.fluid.2015.09.031.xml#7#T#288.2,BSPCSKHALVHRSR-UHFFFAOYSA-N,IMNFDUFMRHMDMM-UHFFFAOYSA-N,288.15,train,2-chlorobutane,n-heptane,0.0,0.0,0.0,0.0,0.0,,,,0.0
j.fluid.2015.09.031.xml#5#T#288.2,VFWCMGCRMGJXDK-UHFFFAOYSA-N,IMNFDUFMRHMDMM-UHFFFAOYSA-N,288.15,train,1-chlorobutane,n-heptane,0.0,0.0,0.0,0.0,0.0,0.0,0.0,0.0,0.0
je500116z.xml#4#T#288.2,BSPCSKHALVHRSR-UHFFFAOYSA-N,VLKZOEOYAKHREP-UHFFFAOYSA-N,288.15,train,2-chlorobutane,n-hexane,0.0,0.0,0.0,0.0,0.0,,,,0.0
j.jct.2010.04.015.xml#2#T#293.2,CBTVGIZVANVGBH-UHFFFAOYSA-N,XLYOFNOQVPJJNP-UHFFFAOYSA-N,293.15,train,2-amino-2-methyl-1-propanol,water,0.0,0.0,1.0,1.0,1.0,1.0,0.0,1.0,0.0
j.jct.2010.12.010.xml#10#T#293.2,PIICEJLVQHRZGT-UHFFFAOYSA-N,XLYOFNOQVPJJNP-UHFFFAOYSA-N,293.15,train,ethylenediamine,water,0.0,0.0,0.0,0.0,0.0,0.0,0.0,0.0,0.0
j.jct.2010.12.010.xml#13#T#293.2,KIDHWZJUCRJVML-UHFFFAOYSA-N,XLYOFNOQVPJJNP-UHFFFAOYSA-N,293.15,test_one,"1,4-butanediamine",water,0.0,0.0,0.0,0.0,0.0,0.0,0.0,0.0,0.0
j.jct.2010.12.010.xml#12#T#293.2,XFNJVJPLKCPIBV-UHFFFAOYSA-N,XLYOFNOQVPJJNP-UHFFFAOYSA-N,293.15,train,"1,3-diaminopropane",water,0.0,0.0,0.0,0.0,0.0,0.0,0.0,0.0,0.0
j.jct.2010.12.010.xml#11#T#293.2,AOHJOMMDDJHIJH-VKHMYHEASA-N,XLYOFNOQVPJJNP-UHFFFAOYSA-N,293.15,test_one,"1,2-propanediamine",water,0.0,0.0,0.0,0.0,0.0,0.0,0.0,0.0,0.0
j.jct.2005.07.016.xml#7#T#298.2,UOCLXMDMGBRAIB-UHFFFAOYSA-N,BGTOWKSIORTVQH-UHFFFAOYSA-N,298.15,train,"1,1,1-trichloroethane",cyclopentanone,0.0,0.0,0.0,0.0,0.0,0.0,0.0,0.0,0.0
j.fluid.2014.05.031.xml#2#T#298.2,LFQSCWFLJHTTHZ-UHFFFAOYSA-N,QTBSBXVTEAMEQO-UHFFFAOYSA-N,298.15,test_one,ethanol,acetic acid,0.0,0.0,0.0,0.0,0.0,0.0,0.0,0.0,0.0
j.fluid.2006.10.024.xml#16#T#298.2,RYHBNJHYFVUHQT-UHFFFAOYSA-N,SQCZQTSHSZLZIQ-UHFFFAOYSA-N,298.15,test_one,"1,4-dioxane",1-chloropentane,0.0,0.0,0.0,0.0,0.0,0.0,0.0,0.0,0.0
je034278t.xml#1#T#298.2,CCAFPWNGIUBUSD-UHFFFAOYSA-N,XLYOFNOQVPJJNP-UHFFFAOYSA-N,298.15,train,diethyl sulfoxide,water,,0.0,0.0,0.0,0.0,0.0,0.0,0.0,0.0
j.tca.2011.07.023.xml#20#T#298.2,IMNFDUFMRHMDMM-UHFFFAOYSA-N,SNMVRZFUUCLYTO-UHFFFAOYSA-N,298.15,train,heptane,1-chloropropane,0.0,0.0,0.0,0.0,0.0,0.0,0.0,0.0,0.0
je050317k.xml#14#T#298.2,IAYPIBMASNFSPL-UHFFFAOYSA-N,NNPPMTNAJDCUHE-UHFFFAOYSA-N,298.15,train,oxirane,2-methylpropane,0.0,0.0,0.0,0.0,0.0,0.0,0.0,0.0,0.0
j.tca.2011.07.023.xml#15#T#298.2,VLKZOEOYAKHREP-UHFFFAOYSA-N,SNMVRZFUUCLYTO-UHFFFAOYSA-N,298.15,train,n-hexane,1-chloropropane,0.0,0.0,0.0,0.0,0.0,0.0,0.0,0.0,0.0
j.fluid.2010.06.007.xml#6#T#298.2,HEDRZPFGACZZDS-UHFFFAOYSA-N,XDTMQSROBMDMFD-UHFFFAOYSA-N,298.15,train,chloroform,cyclohexane,0.0,0.0,0.0,0.0,0.0,0.0,0.0,0.0,0.0
j.jct.2007.03.008.xml#13#T#298.2,BGTOWKSIORTVQH-UHFFFAOYSA-N,YHRUOJUYPBUZOS-UHFFFAOYSA-N,298.15,train,cyclopentanone,"1,3-dichloropropane",0.0,0.0,0.0,0.0,0.0,0.0,0.0,0.0,0.0
j.jct.2008.03.017.xml#12#T#298.2,DHXVGJBLRPWPCS-UHFFFAOYSA-N,MLRVZFYXUZQSRU-UHFFFAOYSA-N,298.15,train,tetrahydropyran,1-chlorohexane,0.0,0.0,0.0,0.0,0.0,0.0,0.0,0.0,0.0
j.jct.2007.03.008.xml#14#T#298.2,KJDRSWPQXHESDQ-UHFFFAOYSA-N,BGTOWKSIORTVQH-UHFFFAOYSA-N,298.15,train,"1,4-dichlorobutane",cyclopentanone,0.0,0.0,0.0,0.0,0.0,0.0,0.0,0.0,0.0
j.fluid.2008.02.018.xml#13#T#298.2,HEDRZPFGACZZDS-UHFFFAOYSA-N,BGTOWKSIORTVQH-UHFFFAOYSA-N,298.15,train,chloroform,cyclopentanone,0.0,0.0,0.0,0.0,0.0,0.0,0.0,0.0,0.0
j.fluid.2008.02.018.xml#14#T#298.2,HEDRZPFGACZZDS-UHFFFAOYSA-N,JHIVVAPYMSGYDF-UHFFFAOYSA-N,298.15,train,chloroform,cyclohexanone,0.0,0.0,0.0,0.0,0.0,0.0,0.0,0.0,0.0
j.fluid.2010.06.007.xml#3#T#298.2,HEDRZPFGACZZDS-UHFFFAOYSA-N,WYURNTSHIVDZCO-UHFFFAOYSA-N,298.15,train,chloroform,tetramethylene oxide,0.0,0.0,0.0,0.0,0.0,0.0,0.0,0.0,0.0
j.fluid.2010.04.017.xml#3#T#298.2,WYURNTSHIVDZCO-UHFFFAOYSA-N,SNMVRZFUUCLYTO-UHFFFAOYSA-N,298.15,train,tetrahydrofuran,1-chloropropane,0.0,0.0,0.0,0.0,0.0,0.0,0.0,0.0,0.0
j.jct.2005.07.016.xml#6#T#298.2,WSLDOOZREJYCGB-UHFFFAOYSA-N,BGTOWKSIORTVQH-UHFFFAOYSA-N,298.15,train,"1,2-dichloroethane",cyclopentanone,0.0,0.0,0.0,0.0,0.0,0.0,0.0,0.0,0.0
j.jct.2007.03.008.xml#12#T#298.2,VFWCMGCRMGJXDK-UHFFFAOYSA-N,BGTOWKSIORTVQH-UHFFFAOYSA-N,298.15,train,1-chlorobutane,cyclopentanone,0.0,0.0,0.0,0.0,0.0,0.0,0.0,0.0,0.0
je800557h.xml#5#T#298.2,WEVYAHXRMPXWCK-UHFFFAOYSA-N,XLYOFNOQVPJJNP-UHFFFAOYSA-N,298.15,train,acetonitrile,water,1.0,0.0,0.0,0.0,0.0,0.0,0.0,0.0,0.0
j.fluid.2006.10.024.xml#14#T#298.2,SQCZQTSHSZLZIQ-UHFFFAOYSA-N,WNXJIVFYUVYPPR-UHFFFAOYSA-N,298.15,test_both,1-chloropentane,"1,3-dioxolane",0.0,0.0,0.0,0.0,0.0,0.0,0.0,0.0,0.0
je050473r.xml#8#T#303.2,WSLDOOZREJYCGB-UHFFFAOYSA-N,KFUSEUYYWQURPO-OWOJBTEDSA-N,303.15,train,"1,2-dichloroethane","(E)-1,2-dichloroethene",0.0,0.0,0.0,0.0,0.0,0.0,0.0,0.0,0.0
je060150a.xml#11#T#303.2,HEDRZPFGACZZDS-UHFFFAOYSA-N,ZWEHNKRNPOVVGH-UHFFFAOYSA-N,303.15,train,chloroform,butanone,0.0,0.0,0.0,0.0,0.0,0.0,0.0,0.0,0.0
je100821g.xml#8#T#303.2,HEDRZPFGACZZDS-UHFFFAOYSA-N,BZLVMXJERCGZMT-UHFFFAOYSA-N,303.15,train,chloroform,methyl tert-butyl ether,0.0,0.0,0.0,0.0,0.0,0.0,0.0,0.0,0.0
j.jct.2008.02.016.xml#3#T#303.2,POAOYUHQDCAZBD-UHFFFAOYSA-N,IMNFDUFMRHMDMM-UHFFFAOYSA-N,303.15,train,2-butoxyethanol,heptane,0.0,0.0,0.0,1.0,0.0,1.0,0.0,1.0,0.0
j.jct.2008.02.016.xml#2#T#303.2,VLKZOEOYAKHREP-UHFFFAOYSA-N,POAOYUHQDCAZBD-UHFFFAOYSA-N,303.15,train,hexane,2-butoxyethanol,1.0,0.0,0.0,1.0,0.0,1.0,0.0,0.0,0.0
j.jct.2015.02.006.xml#3#T#303.2,LFQSCWFLJHTTHZ-UHFFFAOYSA-N,GOOHAUXETOMSMM-UHFFFAOYSA-N,303.15,train,ethanol,propylene oxide,0.0,0.0,0.0,0.0,0.0,,,,0.0
j.jct.2015.02.006.xml#4#T#303.2,BDERNNFJNOPAEC-UHFFFAOYSA-N,GOOHAUXETOMSMM-UHFFFAOYSA-N,303.15,train,1-propanol,propylene oxide,0.0,0.0,0.0,0.0,0.0,,,,0.0
j.jct.2015.11.021.xml#2#T#303.2,IJDNQMDRQITEOD-UHFFFAOYSA-N,MSSNHSVIGIHOJA-UHFFFAOYSA-N,303.15,test_one,n-butane,"1,1,1,3,3-pentafluoropropane",,0.0,0.0,0.0,0.0,0.0,0.0,0.0,0.0
je034153o.xml#4#T#303.2,VZGDMQKNWNREIO-UHFFFAOYSA-N,ZNQVEEAIQZEUHB-UHFFFAOYSA-N,303.15,test_one,carbon tetrachloride,"ethanol, 2-ethoxy-",0.0,0.0,0.0,0.0,0.0,0.0,0.0,0.0,0.0
je034153o.xml#5#T#303.2,HEDRZPFGACZZDS-UHFFFAOYSA-N,ZNQVEEAIQZEUHB-UHFFFAOYSA-N,303.15,train,chloroform,"ethanol, 2-ethoxy-",0.0,0.0,0.0,0.0,0.0,0.0,0.0,0.0,0.0
je034153o.xml#6#T#303.2,YMWUJEATGCHHMB-UHFFFAOYSA-N,ZNQVEEAIQZEUHB-UHFFFAOYSA-N,303.15,test_one,dichloromethane,"ethanol, 2-ethoxy-",0.0,0.0,0.0,0.0,0.0,0.0,0.0,0.0,0.0
j.fluid.2008.01.030.xml#12#T#307.9,QMMFVYPAHWMCMS-UHFFFAOYSA-N,NNPPMTNAJDCUHE-UHFFFAOYSA-N,307.86,train,2-thiapropane,2-methylpropane,0.0,0.0,0.0,0.0,0.0,0.0,0.0,0.0,0.0
je101343m.xml#7#T#308.1,YTPLMLYBLZKORZ-UHFFFAOYSA-N,VQTUBCCKSQIDNK-UHFFFAOYSA-N,308.12,train,thiophene,2-methylpropene,0.0,0.0,0.0,0.0,0.0,0.0,0.0,0.0,0.0
je101343m.xml#8#T#308.1,YTPLMLYBLZKORZ-UHFFFAOYSA-N,IAQRGUVFOMOMEM-ONEGZZNKSA-N,308.14,train,thiophene,trans-2-butene,0.0,0.0,0.0,0.0,0.0,0.0,0.0,0.0,0.0
je101343m.xml#6#T#308.1,NNPPMTNAJDCUHE-UHFFFAOYSA-N,YTPLMLYBLZKORZ-UHFFFAOYSA-N,308.14,train,"propane, 2-methyl-",thiophene,0.0,0.0,0.0,0.0,0.0,0.0,0.0,0.0,0.0
je049867t.xml#7#T#308.2,YXFVVABEGXRONW-UHFFFAOYSA-N,BZLVMXJERCGZMT-UHFFFAOYSA-N,308.15,train,toluene,methyl tert-butyl ether,0.0,0.0,0.0,0.0,0.0,0.0,0.0,0.0,0.0
j.tca.2010.07.027.xml#16#T#308.2,RNVCVTLRINQCPJ-UHFFFAOYSA-N,WNXJIVFYUVYPPR-UHFFFAOYSA-N,308.15,test_both,2-methylaniline,"1,3-dioxolane",,0.0,0.0,0.0,0.0,0.0,0.0,0.0,0.0
je1005196.xml#23#T#308.2,WGQKYBSKWIADBV-UHFFFAOYSA-N,DHXVGJBLRPWPCS-UHFFFAOYSA-N,308.15,train,phenylmethylamine,tetrahydropyran,0.0,0.0,0.0,0.0,0.0,0.0,0.0,0.0,0.0
je1005196.xml#27#T#308.2,RNVCVTLRINQCPJ-UHFFFAOYSA-N,DHXVGJBLRPWPCS-UHFFFAOYSA-N,308.15,test_one,2-methylaniline,tetrahydropyran,,0.0,0.0,0.0,0.0,0.0,0.0,0.0,0.0
j.tca.2010.07.027.xml#12#T#308.2,WGQKYBSKWIADBV-UHFFFAOYSA-N,WNXJIVFYUVYPPR-UHFFFAOYSA-N,308.15,test_one,phenylmethylamine,"1,3-dioxolane",0.0,0.0,0.0,0.0,0.0,0.0,0.0,0.0,0.0
j.tca.2010.07.027.xml#8#T#308.2,PAYRUJLWNCNPSJ-UHFFFAOYSA-N,WNXJIVFYUVYPPR-UHFFFAOYSA-N,308.15,test_both,aniline,"1,3-dioxolane",,0.0,0.0,0.0,0.0,0.0,0.0,0.0,0.0
j.fluid.2015.03.023.xml#22#T#308.2,FJBFPHVGVWTDIP-UHFFFAOYSA-N,JPOXNPPZZKNXOV-UHFFFAOYSA-N,308.15,test_both,dibromomethane,bromochloromethane,0.0,0.0,0.0,0.0,0.0,0.0,0.0,0.0,0.0
j.fluid.2015.09.031.xml#9#T#308.2,IMNFDUFMRHMDMM-UHFFFAOYSA-N,QTBFPMKWQKYFLR-UHFFFAOYSA-N,308.15,test_one,n-heptane,1-chloro-2-methylpropane,0.0,0.0,0.0,0.0,0.0,0.0,0.0,0.0,0.0
j.fluid.2008.02.018.xml#12#T#308.2,WSLDOOZREJYCGB-UHFFFAOYSA-N,JHIVVAPYMSGYDF-UHFFFAOYSA-N,308.15,train,"1,2-dichloroethane",cyclohexanone,0.0,0.0,0.0,0.0,0.0,0.0,0.0,0.0,0.0
j.jct.2012.01.020.xml#2#T#308.2,XEKOWRVHYACXOJ-UHFFFAOYSA-N,NHTMVDHEPJAVLT-UHFFFAOYSA-N,308.15,train,ethyl acetate,isooctane,0.0,0.0,0.0,0.0,0.0,0.0,0.0,0.0,0.0
je101343m.xml#5#T#308.2,IJDNQMDRQITEOD-UHFFFAOYSA-N,YTPLMLYBLZKORZ-UHFFFAOYSA-N,308.15,train,n-butane,thiophene,0.0,0.0,0.0,0.0,0.0,0.0,0.0,0.0,0.0
je1005196.xml#19#T#308.2,PAYRUJLWNCNPSJ-UHFFFAOYSA-N,DHXVGJBLRPWPCS-UHFFFAOYSA-N,308.15,test_one,aniline,tetrahydropyran,,0.0,0.0,0.0,0.0,0.0,0.0,0.0,0.0
j.fluid.2008.01.030.xml#7#T#312.6,QMMFVYPAHWMCMS-UHFFFAOYSA-N,VXNZUUAINFGPBY-UHFFFAOYSA-N,312.58,test_one,2-thiapropane,1-butene,0.0,0.0,0.0,0.0,0.0,0.0,0.0,0.0,0.0
j.fluid.2008.01.030.xml#8#T#312.6,QMMFVYPAHWMCMS-UHFFFAOYSA-N,IAQRGUVFOMOMEM-ARJAWSKDSA-N,312.59,test_one,2-thiapropane,cis-2-butene,0.0,0.0,0.0,0.0,0.0,0.0,0.0,0.0,0.0
j.fluid.2008.01.030.xml#10#T#312.6,QMMFVYPAHWMCMS-UHFFFAOYSA-N,VQTUBCCKSQIDNK-UHFFFAOYSA-N,312.6,train,2-thiapropane,2-methylpropene,0.0,0.0,0.0,0.0,0.0,0.0,0.0,0.0,0.0
j.fluid.2010.09.023.xml#16#T#312.9,FVSKHRXBFJPNKK-UHFFFAOYSA-N,NUMQCACRALPSHD-UHFFFAOYSA-N,312.86,test_one,propanenitrile,"ethyl 1,1-dimethylethyl ether",0.0,0.0,0.0,0.0,0.0,0.0,0.0,0.0,0.0
je060253t.xml#3#T#313.2,BDERNNFJNOPAEC-UHFFFAOYSA-N,BZLVMXJERCGZMT-UHFFFAOYSA-N,313.15,train,1-propanol,methyl tert-butyl ether,0.0,0.0,0.0,0.0,0.0,0.0,0.0,0.0,0.0
je0602115.xml#4#T#313.2,YXFVVABEGXRONW-UHFFFAOYSA-N,IMNFDUFMRHMDMM-UHFFFAOYSA-N,313.15,train,toluene,heptane,0.0,0.0,0.0,0.0,0.0,0.0,0.0,0.0,0.0
j.fluid.2014.10.016.xml#4#T#313.2,NHTMVDHEPJAVLT-UHFFFAOYSA-N,JYVLIDXNZAXMDK-YFKPBYRVSA-N,313.15,train,"2,2,4-trimethylpentane",2-pentanol,0.0,0.0,0.0,0.0,0.0,0.0,0.0,0.0,0.0
je0602115.xml#5#T#313.2,YXFVVABEGXRONW-UHFFFAOYSA-N,NUMQCACRALPSHD-UHFFFAOYSA-N,313.15,test_one,toluene,tert-butyl ethyl ether,0.0,0.0,0.0,0.0,0.0,0.0,0.0,0.0,0.0
je00840e.xml#8#T#313.2,LRHPLDYGYMQRHN-UHFFFAOYSA-N,SNRUBQQJIBEYMU-UHFFFAOYSA-N,313.15,test_one,n-butyl alcohol,n-dodecane,0.0,0.0,0.0,1.0,0.0,1.0,0.0,1.0,0.0
je00840e.xml#7#T#313.2,LRHPLDYGYMQRHN-UHFFFAOYSA-N,NHTMVDHEPJAVLT-UHFFFAOYSA-N,313.15,train,n-butyl alcohol,isooctane,0.0,0.0,0.0,0.0,0.0,0.0,0.0,0.0,0.0
je00840e.xml#6#T#313.2,LRHPLDYGYMQRHN-UHFFFAOYSA-N,IMNFDUFMRHMDMM-UHFFFAOYSA-N,313.15,train,n-butyl alcohol,heptane,0.0,0.0,0.0,0.0,0.0,0.0,0.0,0.0,0.0
j.fluid.2012.01.007.xml#0#T#313.2,AMQJEAYHLZJPGS-UHFFFAOYSA-N,XDTMQSROBMDMFD-UHFFFAOYSA-N,313.15,test_one,1-pentanol,cyclohexane,0.0,0.0,0.0,0.0,0.0,0.0,0.0,0.0,0.0
je0602115.xml#3#T#313.2,IMNFDUFMRHMDMM-UHFFFAOYSA-N,NUMQCACRALPSHD-UHFFFAOYSA-N,313.15,test_one,heptane,tert-butyl ethyl ether,0.0,0.0,0.0,0.0,0.0,0.0,0.0,0.0,0.0
j.jct.2004.07.012.xml#11#T#313.2,BDERNNFJNOPAEC-UHFFFAOYSA-N,IBYHHJPAARCAIE-UHFFFAOYSA-N,313.15,test_one,1-propanol,1-bromo-2-chloroethane,0.0,0.0,0.0,0.0,0.0,0.0,0.0,0.0,0.0
j.fluid.2015.07.049.xml#3#T#313.2,IMNFDUFMRHMDMM-UHFFFAOYSA-N,NHTMVDHEPJAVLT-UHFFFAOYSA-N,313.15,train,heptane,"2,2,4-trimethylpentane",0.0,0.0,0.0,0.0,0.0,0.0,0.0,0.0,0.0
je025660t.xml#4#T#313.2,WEVYAHXRMPXWCK-UHFFFAOYSA-N,FVSKHRXBFJPNKK-UHFFFAOYSA-N,313.15,train,acetonitrile,propanenitrile,0.0,0.0,0.0,0.0,0.0,0.0,0.0,0.0,0.0
j.fluid.2012.01.007.xml#3#T#313.2,AMQJEAYHLZJPGS-UHFFFAOYSA-N,YXFVVABEGXRONW-UHFFFAOYSA-N,313.15,test_one,1-pentanol,toluene,0.0,0.0,0.0,0.0,0.0,0.0,0.0,0.0,0.0
je7007523.xml#4#T#313.2,IMNFDUFMRHMDMM-UHFFFAOYSA-N,DURPTKYDGMDSBL-UHFFFAOYSA-N,313.15,test_one,heptane,dibutyl ether,0.0,0.0,0.0,0.0,0.0,0.0,0.0,0.0,0.0
je7005488.xml#1#T#313.2,XDTMQSROBMDMFD-UHFFFAOYSA-N,NUMQCACRALPSHD-UHFFFAOYSA-N,313.15,test_one,cyclohexane,tert-butyl ethyl ether,0.0,0.0,0.0,0.0,0.0,0.0,0.0,0.0,0.0
j.fluid.2005.11.026.xml#3#T#313.2,YXFVVABEGXRONW-UHFFFAOYSA-N,DURPTKYDGMDSBL-UHFFFAOYSA-N,313.15,test_one,toluene,dibutyl ether,0.0,0.0,0.0,0.0,0.0,0.0,0.0,0.0,0.0
j.fluid.2006.10.024.xml#10#T#313.2,WYURNTSHIVDZCO-UHFFFAOYSA-N,SQCZQTSHSZLZIQ-UHFFFAOYSA-N,313.15,test_one,tetrahydrofuran,1-chloropentane,0.0,0.0,0.0,0.0,0.0,0.0,0.0,0.0,0.0
j.fluid.2005.11.026.xml#4#T#313.2,XDTMQSROBMDMFD-UHFFFAOYSA-N,DURPTKYDGMDSBL-UHFFFAOYSA-N,313.15,test_one,cyclohexane,dibutyl ether,0.0,0.0,0.0,0.0,0.0,0.0,0.0,0.0,0.0
j.fluid.2005.11.014.xml#3#T#313.2,BDERNNFJNOPAEC-UHFFFAOYSA-N,ZAFNJMIOTHYJRJ-UHFFFAOYSA-N,313.15,train,1-propanol,isopropyl ether,0.0,0.0,0.0,0.0,0.0,0.0,0.0,0.0,0.0
je7007523.xml#5#T#313.2,DURPTKYDGMDSBL-UHFFFAOYSA-N,LIKMAJRDDDTEIG-UHFFFAOYSA-N,313.15,test_one,dibutyl ether,1-hexene,0.0,0.0,0.0,0.0,0.0,0.0,0.0,0.0,0.0
j.fluid.2005.11.017.xml#3#T#313.2,ZXEKIIBDNHEJCQ-UHFFFAOYSA-N,ZAFNJMIOTHYJRJ-UHFFFAOYSA-N,313.15,test_one,2-methyl-1-propanol,isopropyl ether,0.0,0.0,0.0,0.0,0.0,0.0,0.0,0.0,0.0
j.fluid.2005.11.014.xml#4#T#313.2,BDERNNFJNOPAEC-UHFFFAOYSA-N,UHOVQNZJYSORNB-UHFFFAOYSA-N,313.15,train,1-propanol,benzene,0.0,0.0,0.0,0.0,0.0,0.0,0.0,0.0,0.0
j.jct.2005.08.001.xml#8#T#313.2,LFQSCWFLJHTTHZ-UHFFFAOYSA-N,FXHOOIRPVKKKFG-UHFFFAOYSA-N,313.15,train,ethanol,"N,N-dimethylacetamide",0.0,0.0,0.0,0.0,0.0,0.0,0.0,0.0,0.0
je00840e.xml#10#T#313.2,LRHPLDYGYMQRHN-UHFFFAOYSA-N,YXFVVABEGXRONW-UHFFFAOYSA-N,313.15,train,n-butyl alcohol,toluene,0.0,0.0,0.0,0.0,0.0,0.0,0.0,0.0,0.0
j.jct.2004.07.012.xml#5#T#313.2,BDERNNFJNOPAEC-UHFFFAOYSA-N,FJBFPHVGVWTDIP-UHFFFAOYSA-N,313.15,test_one,1-propanol,dibromomethane,0.0,0.0,0.0,0.0,0.0,0.0,0.0,0.0,0.0
j.jct.2004.07.012.xml#9#T#313.2,BDERNNFJNOPAEC-UHFFFAOYSA-N,WSLDOOZREJYCGB-UHFFFAOYSA-N,313.15,train,1-propanol,"1,2-dichloroethane",0.0,0.0,0.0,0.0,0.0,0.0,0.0,0.0,0.0
je00840e.xml#9#T#313.2,LRHPLDYGYMQRHN-UHFFFAOYSA-N,XDTMQSROBMDMFD-UHFFFAOYSA-N,313.15,train,n-butyl alcohol,cyclohexane,0.0,0.0,0.0,0.0,0.0,0.0,0.0,0.0,0.0
j.fluid.2015.09.035.xml#0#T#313.2,XDTMQSROBMDMFD-UHFFFAOYSA-N,JYVLIDXNZAXMDK-YFKPBYRVSA-N,313.15,train,cyclohexane,2-pentanol,0.0,0.0,0.0,0.0,0.0,0.0,0.0,0.0,0.0
je900530f.xml#5#T#313.2,VLKZOEOYAKHREP-UHFFFAOYSA-N,JYVLIDXNZAXMDK-YFKPBYRVSA-N,313.15,train,hexane,2-pentanol,0.0,0.0,0.0,0.0,0.0,0.0,0.0,0.0,0.0
je900530f.xml#6#T#313.2,MSXVEPNJUHWQHW-UHFFFAOYSA-N,VLKZOEOYAKHREP-UHFFFAOYSA-N,313.15,train,2-methyl-2-butanol,hexane,0.0,0.0,0.0,0.0,0.0,0.0,0.0,0.0,0.0
je201284y.xml#7#T#313.2,BTANRVKWQNVYAZ-UHFFFAOYSA-N,XDTMQSROBMDMFD-UHFFFAOYSA-N,313.15,train,butan-2-ol,cyclohexane,0.0,0.0,0.0,0.0,0.0,,,,0.0
je201284y.xml#9#T#313.2,BTANRVKWQNVYAZ-UHFFFAOYSA-N,NHTMVDHEPJAVLT-UHFFFAOYSA-N,313.15,train,butan-2-ol,isooctane,0.0,0.0,0.0,0.0,0.0,,,,0.0
je201284y.xml#8#T#313.2,BTANRVKWQNVYAZ-UHFFFAOYSA-N,YXFVVABEGXRONW-UHFFFAOYSA-N,313.15,train,butan-2-ol,toluene,0.0,0.0,0.0,0.0,0.0,,,,0.0
je900977e.xml#3#T#313.2,KFZMGEQAYNKOFK-UHFFFAOYSA-N,UHOVQNZJYSORNB-UHFFFAOYSA-N,313.15,train,2-propanol,benzene,0.0,0.0,0.0,0.0,0.0,0.0,0.0,0.0,0.0
je201284y.xml#6#T#313.2,BTANRVKWQNVYAZ-UHFFFAOYSA-N,IMNFDUFMRHMDMM-UHFFFAOYSA-N,313.15,train,butan-2-ol,heptane,0.0,0.0,0.0,0.0,0.0,,,,0.0
je201284y.xml#10#T#313.2,BTANRVKWQNVYAZ-UHFFFAOYSA-N,SNRUBQQJIBEYMU-UHFFFAOYSA-N,313.15,test_one,butan-2-ol,n-dodecane,0.0,0.0,0.0,0.0,0.0,,,,0.0
je900050z.xml#7#T#313.2,MSXVEPNJUHWQHW-UHFFFAOYSA-N,XDTMQSROBMDMFD-UHFFFAOYSA-N,313.15,train,2-methyl-2-butanol,cyclohexane,0.0,0.0,0.0,0.0,0.0,0.0,0.0,0.0,0.0
j.jct.2005.07.004.xml#3#T#313.2,LRHPLDYGYMQRHN-UHFFFAOYSA-N,ZAFNJMIOTHYJRJ-UHFFFAOYSA-N,313.15,train,1-butanol,isopropyl ether,0.0,0.0,0.0,0.0,0.0,0.0,0.0,0.0,0.0
j.jct.2005.07.004.xml#6#T#313.2,UHOVQNZJYSORNB-UHFFFAOYSA-N,ZAFNJMIOTHYJRJ-UHFFFAOYSA-N,313.15,train,benzene,isopropyl ether,0.0,0.0,0.0,0.0,0.0,0.0,0.0,0.0,0.0
j.jct.2005.07.004.xml#4#T#313.2,LRHPLDYGYMQRHN-UHFFFAOYSA-N,UHOVQNZJYSORNB-UHFFFAOYSA-N,313.15,train,1-butanol,benzene,0.0,0.0,0.0,0.0,0.0,0.0,0.0,0.0,0.0
je500092v.xml#6#T#313.2,LIKMAJRDDDTEIG-UHFFFAOYSA-N,SECXISVLQFMRJM-UHFFFAOYSA-N,313.15,train,1-hexene,N-methyl-2-pyrrolidone,0.0,0.0,0.0,0.0,0.0,0.0,0.0,0.0,0.0
j.jct.2013.04.003.xml#3#T#313.2,LRHPLDYGYMQRHN-UHFFFAOYSA-N,LIKMAJRDDDTEIG-UHFFFAOYSA-N,313.15,train,n-butanol,1-hexene,0.0,0.0,0.0,0.0,0.0,0.0,0.0,0.0,0.0
j.fluid.2014.10.016.xml#7#T#313.2,IMNFDUFMRHMDMM-UHFFFAOYSA-N,JYVLIDXNZAXMDK-YFKPBYRVSA-N,313.15,train,n-heptane,2-pentanol,0.0,0.0,0.0,0.0,0.0,0.0,0.0,0.0,0.0
j.fluid.2015.09.035.xml#3#T#313.2,YXFVVABEGXRONW-UHFFFAOYSA-N,JYVLIDXNZAXMDK-YFKPBYRVSA-N,313.15,train,toluene,2-pentanol,0.0,0.0,0.0,0.0,0.0,0.0,0.0,0.0,0.0
je7005488.xml#0#T#313.2,LIKMAJRDDDTEIG-UHFFFAOYSA-N,NUMQCACRALPSHD-UHFFFAOYSA-N,313.15,test_one,1-hexene,tert-butyl ethyl ether,0.0,0.0,0.0,0.0,0.0,0.0,0.0,0.0,0.0
j.fluid.2012.11.005.xml#4#T#313.2,AMQJEAYHLZJPGS-UHFFFAOYSA-N,IMNFDUFMRHMDMM-UHFFFAOYSA-N,313.15,test_one,pentan-1-ol,heptane,0.0,0.0,0.0,0.0,0.0,0.0,0.0,0.0,0.0
j.fluid.2014.02.018.xml#3#T#313.2,BTANRVKWQNVYAZ-BYPYZUCNSA-N,LIKMAJRDDDTEIG-UHFFFAOYSA-N,313.15,train,2-butanol,1-hexene,0.0,0.0,0.0,0.0,0.0,0.0,0.0,0.0,0.0
je034259j.xml#18#T#313.2,JPOXNPPZZKNXOV-UHFFFAOYSA-N,XEKOWRVHYACXOJ-UHFFFAOYSA-N,313.15,test_one,bromochloromethane,ethyl ethanoate,0.0,0.0,0.0,0.0,0.0,0.0,0.0,0.0,0.0
j.fluid.2012.11.005.xml#1#T#313.2,AMQJEAYHLZJPGS-UHFFFAOYSA-N,NHTMVDHEPJAVLT-UHFFFAOYSA-N,313.15,test_one,pentan-1-ol,isooctane,0.0,0.0,0.0,0.0,0.0,0.0,0.0,0.0,0.0
j.fluid.2013.01.020.xml#12#T#313.2,ZFFMLCVRJBZUDZ-UHFFFAOYSA-N,SYBYTAAJFKOIEJ-UHFFFAOYSA-N,313.15,test_one,"2,3-dimethylbutane",methyl isopropyl ketone,0.0,0.0,0.0,0.0,0.0,0.0,0.0,0.0,0.0
je034259j.xml#16#T#313.2,FJBFPHVGVWTDIP-UHFFFAOYSA-N,XEKOWRVHYACXOJ-UHFFFAOYSA-N,313.15,test_one,dibromomethane,ethyl ethanoate,0.0,0.0,0.0,0.0,0.0,0.0,0.0,0.0,0.0
je800530u.xml#7#T#313.2,SJRJJKPEHAURKC-UHFFFAOYSA-N,XLYOFNOQVPJJNP-UHFFFAOYSA-N,313.15,train,N-methylmorpholine,water,,1.0,1.0,1.0,1.0,1.0,0.0,1.0,0.0
j.fluid.2005.11.017.xml#4#T#313.2,UHOVQNZJYSORNB-UHFFFAOYSA-N,ZXEKIIBDNHEJCQ-UHFFFAOYSA-N,313.15,test_one,benzene,2-methyl-1-propanol,0.0,0.0,0.0,0.0,0.0,0.0,0.0,0.0,0.0
je060359o.xml#5#T#313.2,DKGAVHZHDRPRBM-UHFFFAOYSA-N,FXNDIJDIPNCZQJ-UHFFFAOYSA-N,313.16,train,2-methyl-2-propanol,"2,4,4-trimethyl-1-pentene",0.0,0.0,0.0,0.0,0.0,0.0,0.0,0.0,0.0
j.fluid.2011.08.009.xml#5#T#313.2,BDERNNFJNOPAEC-UHFFFAOYSA-N,XLYOFNOQVPJJNP-UHFFFAOYSA-N,313.17,train,1-propanol,water,0.0,1.0,1.0,1.0,1.0,1.0,1.0,1.0,0.0
j.fluid.2008.01.030.xml#9#T#317.3,QMMFVYPAHWMCMS-UHFFFAOYSA-N,IAQRGUVFOMOMEM-ONEGZZNKSA-N,317.3,train,2-thiapropane,trans-2-butene,0.0,0.0,0.0,0.0,0.0,0.0,0.0,0.0,0.0
je901026b.xml#13#T#318.1,NHTMVDHEPJAVLT-UHFFFAOYSA-N,HVZJRWJGKQPSFL-UHFFFAOYSA-N,318.13,train,"pentane, 2,2,4-trimethyl-",tert-amyl methyl ether,0.0,0.0,0.0,0.0,0.0,0.0,0.0,0.0,0.0
je901026b.xml#9#T#318.1,DKGAVHZHDRPRBM-UHFFFAOYSA-N,HVZJRWJGKQPSFL-UHFFFAOYSA-N,318.13,train,tert-butanol,tert-amyl methyl ether,0.0,0.0,0.0,0.0,0.0,0.0,0.0,0.0,0.0
je200279q.xml#6#T#318.2,BDERNNFJNOPAEC-UHFFFAOYSA-N,NHTMVDHEPJAVLT-UHFFFAOYSA-N,318.15,train,propan-1-ol,"pentane, 2,2,4-trimethyl-",0.0,0.0,0.0,1.0,0.0,1.0,0.0,1.0,0.0
je800896m.xml#5#T#318.4,IJDNQMDRQITEOD-UHFFFAOYSA-N,RAOIDOHSFRTOEL-UHFFFAOYSA-N,318.35,test_one,butane,tetrahydrothiophene,0.0,0.0,0.0,0.0,0.0,0.0,0.0,0.0,0.0
je8004672.xml#6#T#318.4,LRHPLDYGYMQRHN-UHFFFAOYSA-N,IJDNQMDRQITEOD-UHFFFAOYSA-N,318.35,train,1-butanol,butane,0.0,0.0,0.0,0.0,0.0,0.0,0.0,0.0,0.0
je800896m.xml#8#T#318.4,RAOIDOHSFRTOEL-UHFFFAOYSA-N,IAQRGUVFOMOMEM-ONEGZZNKSA-N,318.35,test_one,tetrahydrothiophene,trans-2-butene,0.0,0.0,0.0,0.0,0.0,0.0,0.0,0.0,0.0
je0342421.xml#9#T#323.0,CSCPPACGZOOCGX-UHFFFAOYSA-N,NUMQCACRALPSHD-UHFFFAOYSA-N,323.0,test_one,propanone,tert-butyl ethyl ether,0.0,0.0,0.0,0.0,0.0,0.0,0.0,0.0,0.0
je7003947.xml#9#T#323.1,LFQSCWFLJHTTHZ-UHFFFAOYSA-N,IJDNQMDRQITEOD-UHFFFAOYSA-N,323.12,train,ethanol,butane,0.0,0.0,0.0,0.0,0.0,0.0,0.0,0.0,1.0
je0603022.xml#14#T#323.2,YTPLMLYBLZKORZ-UHFFFAOYSA-N,LIKMAJRDDDTEIG-UHFFFAOYSA-N,323.15,train,thiophene,1-hexene,0.0,0.0,0.0,0.0,0.0,0.0,0.0,0.0,0.0
je100019r.xml#2#T#323.2,CTQNGGLPUBDAKN-UHFFFAOYSA-N,DURPTKYDGMDSBL-UHFFFAOYSA-N,323.15,test_one,"1,2-dimethylbenzene",dibutyl ether,0.0,0.0,0.0,0.0,0.0,0.0,0.0,0.0,0.0
j.fluid.2009.11.013.xml#4#T#323.2,QTBSBXVTEAMEQO-UHFFFAOYSA-N,DKMROQRQHGEIOW-UHFFFAOYSA-N,323.15,test_one,ethanoic acid,diethyl butanedioate,0.0,0.0,0.0,0.0,0.0,0.0,0.0,0.0,0.0
j.fluid.2012.05.016.xml#5#T#323.2,YKYONYBAUNKHLG-UHFFFAOYSA-N,XEKOWRVHYACXOJ-UHFFFAOYSA-N,323.15,train,propyl ethanoate,ethyl ethanoate,0.0,0.0,0.0,0.0,0.0,0.0,0.0,0.0,0.0
je034253u.xml#4#T#323.2,GOOHAUXETOMSMM-UHFFFAOYSA-N,AFABGHUZZDYHJO-UHFFFAOYSA-N,323.15,train,epoxypropane,2-methylpentane,0.0,0.0,0.0,0.0,0.0,,,,0.0
je900050z.xml#8#T#323.2,XDTMQSROBMDMFD-UHFFFAOYSA-N,ZSIAUFGUXNUGDI-UHFFFAOYSA-N,323.15,test_one,cyclohexane,1-hexanol,0.0,0.0,0.0,0.0,0.0,0.0,0.0,0.0,0.0
j.jct.2005.10.001.xml#9#T#323.2,CSCPPACGZOOCGX-UHFFFAOYSA-N,FSGHEPDRMHVUCQ-UHFFFAOYSA-N,323.15,train,propanone,2-ethoxypropene,0.0,0.0,0.0,0.0,0.0,0.0,0.0,0.0,0.0
je101131x.xml#2#T#323.2,QTBSBXVTEAMEQO-UHFFFAOYSA-N,YKYONYBAUNKHLG-UHFFFAOYSA-N,323.15,test_one,acetic acid,propyl ethanoate,0.0,0.0,0.0,0.0,0.0,0.0,0.0,0.0,0.0
j.fluid.2012.05.016.xml#7#T#323.2,BDERNNFJNOPAEC-UHFFFAOYSA-N,XEKOWRVHYACXOJ-UHFFFAOYSA-N,323.15,train,1-propanol,ethyl ethanoate,0.0,0.0,0.0,0.0,0.0,0.0,0.0,0.0,0.0
j.fluid.2012.05.016.xml#3#T#323.2,LFQSCWFLJHTTHZ-UHFFFAOYSA-N,XEKOWRVHYACXOJ-UHFFFAOYSA-N,323.15,train,ethanol,ethyl ethanoate,0.0,0.0,0.0,0.0,0.0,0.0,0.0,0.0,0.0
j.fluid.2012.05.016.xml#15#T#323.2,BDERNNFJNOPAEC-UHFFFAOYSA-N,YKYONYBAUNKHLG-UHFFFAOYSA-N,323.15,train,1-propanol,propyl ethanoate,0.0,0.0,0.0,0.0,0.0,0.0,0.0,0.0,0.0
j.fluid.2012.05.016.xml#13#T#323.2,LFQSCWFLJHTTHZ-UHFFFAOYSA-N,BDERNNFJNOPAEC-UHFFFAOYSA-N,323.15,train,ethanol,1-propanol,0.0,0.0,0.0,0.0,0.0,0.0,0.0,0.0,0.0
j.fluid.2014.05.031.xml#5#T#323.2,QTBSBXVTEAMEQO-UHFFFAOYSA-N,XEKOWRVHYACXOJ-UHFFFAOYSA-N,323.15,test_one,acetic acid,ethyl acetate,0.0,0.0,0.0,0.0,0.0,0.0,0.0,0.0,0.0
je0603022.xml#10#T#323.2,YTPLMLYBLZKORZ-UHFFFAOYSA-N,VLKZOEOYAKHREP-UHFFFAOYSA-N,323.15,train,thiophene,hexane,0.0,0.0,0.0,0.0,0.0,0.0,0.0,0.0,0.0
je060460t.xml#7#T#323.2,VLKZOEOYAKHREP-UHFFFAOYSA-N,LJSQFQKUNVCTIA-UHFFFAOYSA-N,323.15,test_one,hexane,3-thiapentane,0.0,0.0,0.0,0.0,0.0,0.0,0.0,0.0,0.0
j.fluid.2008.02.021.xml#9#T#323.2,ZPVFWPFBNIEHGJ-UHFFFAOYSA-N,ZSIAUFGUXNUGDI-UHFFFAOYSA-N,323.15,test_one,2-octanone,1-hexanol,0.0,0.0,0.0,0.0,0.0,0.0,0.0,0.0,0.0
j.fluid.2008.02.021.xml#14#T#323.2,HPXRVTGHNJAIIH-UHFFFAOYSA-N,JHIVVAPYMSGYDF-UHFFFAOYSA-N,323.15,train,cyclohexanol,cyclohexanone,0.0,0.0,0.0,0.0,0.0,0.0,0.0,0.0,0.0
j.fluid.2009.11.014.xml#2#T#323.2,LFQSCWFLJHTTHZ-UHFFFAOYSA-N,DKMROQRQHGEIOW-UHFFFAOYSA-N,323.15,train,ethanol,diethyl butanedioate,0.0,0.0,0.0,0.0,0.0,0.0,0.0,0.0,0.0
je7003947.xml#12#T#323.2,KFZMGEQAYNKOFK-UHFFFAOYSA-N,IJDNQMDRQITEOD-UHFFFAOYSA-N,323.175,train,2-propanol,butane,0.0,0.0,0.0,0.0,0.0,0.0,0.0,0.0,0.0
je7003947.xml#14#T#323.2,DKGAVHZHDRPRBM-UHFFFAOYSA-N,IJDNQMDRQITEOD-UHFFFAOYSA-N,323.21,train,2-methyl-2-propanol,butane,0.0,0.0,0.0,0.0,0.0,0.0,0.0,0.0,0.0
j.jct.2008.03.017.xml#14#T#328.2,MLRVZFYXUZQSRU-UHFFFAOYSA-N,WNXJIVFYUVYPPR-UHFFFAOYSA-N,328.15,test_one,1-chlorohexane,"1,3-dioxolane",0.0,0.0,0.0,0.0,0.0,0.0,0.0,0.0,0.0
j.jct.2008.03.017.xml#16#T#328.2,RYHBNJHYFVUHQT-UHFFFAOYSA-N,MLRVZFYXUZQSRU-UHFFFAOYSA-N,328.15,train,"1,4-dioxane",1-chlorohexane,0.0,0.0,0.0,0.0,0.0,0.0,0.0,0.0,0.0
je049816w.xml#9#T#328.3,CSCPPACGZOOCGX-UHFFFAOYSA-N,DHKHKXVYLBGOIT-UHFFFAOYSA-N,328.3,test_one,propanone,"1,1-diethoxyethane",0.0,0.0,0.0,0.0,0.0,0.0,0.0,0.0,0.0
je050062a.xml#9#T#330.0,AFABGHUZZDYHJO-UHFFFAOYSA-N,SYBYTAAJFKOIEJ-UHFFFAOYSA-N,330.0,test_one,2-methylpentane,3-methyl-2-butanone,0.0,0.0,0.0,0.0,0.0,0.0,0.0,0.0,0.0
j.fluid.2005.05.024.xml#7#T#330.0,KFZMGEQAYNKOFK-UHFFFAOYSA-N,NTIZESTWPVYFNL-UHFFFAOYSA-N,330.0,train,2-propanol,4-methyl-2-pentanone,0.0,0.0,0.0,0.0,0.0,0.0,0.0,0.0,0.0
j.fluid.2007.10.016.xml#11#T#330.0,KFZMGEQAYNKOFK-UHFFFAOYSA-N,SYBYTAAJFKOIEJ-UHFFFAOYSA-N,330.0,test_one,2-propanol,3-methyl-2-butanone,0.0,0.0,0.0,0.0,0.0,0.0,0.0,0.0,0.0
j.fluid.2007.10.016.xml#13#T#330.0,NHTMVDHEPJAVLT-UHFFFAOYSA-N,SYBYTAAJFKOIEJ-UHFFFAOYSA-N,330.0,test_one,"2,2,4-trimethylpentane",3-methyl-2-butanone,0.0,0.0,0.0,0.0,0.0,0.0,0.0,0.0,0.0
je050062a.xml#11#T#330.0,AFABGHUZZDYHJO-UHFFFAOYSA-N,MXLMTQWGSQIYOW-RXMQYKEDSA-N,330.0,train,2-methylpentane,3-methyl-2-butanol,0.0,0.0,0.0,0.0,0.0,0.0,0.0,0.0,0.0
je050062a.xml#13#T#330.0,SYBYTAAJFKOIEJ-UHFFFAOYSA-N,MXLMTQWGSQIYOW-RXMQYKEDSA-N,330.0,test_one,3-methyl-2-butanone,3-methyl-2-butanol,0.0,0.0,0.0,0.0,0.0,0.0,0.0,0.0,0.0
j.fluid.2007.10.016.xml#15#T#330.0,KFZMGEQAYNKOFK-UHFFFAOYSA-N,NHTMVDHEPJAVLT-UHFFFAOYSA-N,330.0,train,2-propanol,"2,2,4-trimethylpentane",0.0,0.0,0.0,1.0,0.0,0.0,0.0,0.0,0.0
j.jct.2011.09.007.xml#14#T#330.0,NHTMVDHEPJAVLT-UHFFFAOYSA-N,HXVNBWAKAOHACI-UHFFFAOYSA-N,330.0,train,isooctane,diisopropyl ketone,,0.0,0.0,0.0,0.0,0.0,0.0,0.0,0.0
j.jct.2011.09.007.xml#12#T#330.0,KFZMGEQAYNKOFK-UHFFFAOYSA-N,HXVNBWAKAOHACI-UHFFFAOYSA-N,330.0,train,2-propanol,diisopropyl ketone,,0.0,0.0,0.0,0.0,0.0,0.0,0.0,0.0
j.fluid.2009.01.016.xml#0#T#330.0,KPSSIOMAKSHJJG-UHFFFAOYSA-N,PJGSXYOJTGTZAV-UHFFFAOYSA-N,330.0,train,"2,2-dimethyl-1-propanol","3,3-dimethyl-2-butanone",0.0,0.0,0.0,0.0,0.0,0.0,0.0,0.0,0.0
j.fluid.2009.01.016.xml#2#T#330.0,KPSSIOMAKSHJJG-UHFFFAOYSA-N,BZLVMXJERCGZMT-UHFFFAOYSA-N,330.0,train,"2,2-dimethyl-1-propanol","1,1-dimethylethyl methyl ether",0.0,0.0,0.0,0.0,0.0,0.0,0.0,0.0,0.0
j.fluid.2005.06.017.xml#7#T#333.2,SECXISVLQFMRJM-UHFFFAOYSA-N,BZLVMXJERCGZMT-UHFFFAOYSA-N,333.15,train,N-methyl-2-pyrrolidone,methyl tert-butyl ether,,0.0,0.0,0.0,0.0,0.0,0.0,0.0,0.0
j.jct.2005.10.001.xml#11#T#333.2,ZWEHNKRNPOVVGH-UHFFFAOYSA-N,FSGHEPDRMHVUCQ-UHFFFAOYSA-N,333.15,train,butanone,2-ethoxypropene,0.0,0.0,0.0,0.0,0.0,0.0,0.0,0.0,0.0
j.jct.2004.11.007.xml#15#T#333.2,CSCPPACGZOOCGX-UHFFFAOYSA-N,SECXISVLQFMRJM-UHFFFAOYSA-N,333.15,train,propanone,N-methyl-2-pyrrolidone,,0.0,0.0,0.0,0.0,0.0,0.0,0.0,0.0
je0302349.xml#7#T#333.2,DKGAVHZHDRPRBM-UHFFFAOYSA-N,ABDKAPXRBAPSQN-UHFFFAOYSA-N,333.15,test_one,2-methyl-2-propanol,o-dimethoxybenzene,0.0,0.0,0.0,0.0,0.0,0.0,0.0,0.0,0.0
je400885z.xml#14#T#333.2,LRHPLDYGYMQRHN-UHFFFAOYSA-N,OFBQJSOFQDEBGM-UHFFFAOYSA-N,333.15,train,1-butanol,n-pentane,0.0,0.0,0.0,0.0,0.0,0.0,0.0,0.0,0.0
je800535c.xml#12#T#333.2,LFQSCWFLJHTTHZ-UHFFFAOYSA-N,VFWCMGCRMGJXDK-UHFFFAOYSA-N,333.15,train,ethanol,1-chlorobutane,0.0,0.0,0.0,0.0,0.0,0.0,0.0,0.0,0.0
j.fluid.2016.10.024.xml#3#T#333.2,CSCPPACGZOOCGX-UHFFFAOYSA-N,BTANRVKWQNVYAZ-BYPYZUCNSA-N,333.15,train,2-propanone,2-butanol,0.0,0.0,0.0,0.0,0.0,0.0,0.0,0.0,0.0
je0302349.xml#6#T#333.2,DKGAVHZHDRPRBM-UHFFFAOYSA-N,LHGVFZTZFXWLCP-UHFFFAOYSA-N,333.15,train,2-methyl-2-propanol,o-methoxyphenol,0.0,0.0,0.0,0.0,0.0,0.0,0.0,0.0,0.0
je800535c.xml#14#T#333.2,LFQSCWFLJHTTHZ-UHFFFAOYSA-N,WEVYAHXRMPXWCK-UHFFFAOYSA-N,333.15,train,ethanol,acetonitrile,0.0,0.0,0.0,0.0,0.0,0.0,0.0,0.0,0.0
je400814n.xml#0#T#333.2,JOOXCMJARBKPKM-UHFFFAOYSA-N,XLYOFNOQVPJJNP-UHFFFAOYSA-N,333.15,train,4-oxopentanoic acid,water,1.0,0.0,0.0,0.0,0.0,0.0,0.0,0.0,0.0
je501019y.xml#1#T#333.2,PEDCQBHIVMGVHV-UHFFFAOYSA-N,KFZMGEQAYNKOFK-UHFFFAOYSA-N,333.15,test_one,glycerol,2-propanol,0.0,0.0,0.0,0.0,0.0,0.0,0.0,0.0,0.0
j.fluid.2009.03.026.xml#0#T#333.2,LFQSCWFLJHTTHZ-UHFFFAOYSA-N,HVZJRWJGKQPSFL-UHFFFAOYSA-N,333.15,train,ethanol,"ether, methyl tert-pentyl",0.0,0.0,0.0,0.0,0.0,0.0,0.0,0.0,0.0
j.fluid.2009.03.012.xml#8#T#333.2,IVSZLXZYQVIEFR-UHFFFAOYSA-N,YXFVVABEGXRONW-UHFFFAOYSA-N,333.15,train,"1,3-dimethylbenzene",toluene,0.0,0.0,0.0,0.0,0.0,0.0,0.0,0.0,0.0
j.fluid.2009.03.012.xml#2#T#333.2,UHOVQNZJYSORNB-UHFFFAOYSA-N,YXFVVABEGXRONW-UHFFFAOYSA-N,333.15,train,benzene,toluene,0.0,0.0,0.0,0.0,0.0,0.0,0.0,0.0,0.0
je050316s.xml#34#T#333.2,YXFVVABEGXRONW-UHFFFAOYSA-N,PAFZNILMFXTMIY-UHFFFAOYSA-N,333.15,train,toluene,cyclohexylamine,0.0,0.0,0.0,0.0,0.0,0.0,0.0,0.0,0.0
je0499519.xml#6#T#333.2,BDERNNFJNOPAEC-UHFFFAOYSA-N,XXROGKLTLUQVRX-UHFFFAOYSA-N,333.15,train,1-propanol,2-propenol,0.0,0.0,0.0,0.0,0.0,0.0,0.0,0.0,0.0
j.fluid.2014.07.025.xml#6#T#333.2,BTANRVKWQNVYAZ-BYPYZUCNSA-N,FERIUCNNQQJTOY-UHFFFAOYSA-N,333.15,test_one,2-butanol,butyric acid,0.0,0.0,0.0,0.0,0.0,0.0,0.0,0.0,0.0
j.fluid.2009.03.012.xml#5#T#333.2,UHOVQNZJYSORNB-UHFFFAOYSA-N,ATHHXGZTWNVVOU-UHFFFAOYSA-N,333.15,train,benzene,N-methylmethanamide,0.0,0.0,0.0,0.0,0.0,0.0,0.0,0.0,0.0
j.fluid.2009.12.002.xml#3#T#333.2,CTQNGGLPUBDAKN-UHFFFAOYSA-N,ATHHXGZTWNVVOU-UHFFFAOYSA-N,333.15,train,"1,2-dimethylbenzene",N-methylmethanamide,1.0,0.0,1.0,1.0,0.0,1.0,0.0,1.0,0.0
j.fluid.2009.12.002.xml#7#T#333.2,IVSZLXZYQVIEFR-UHFFFAOYSA-N,ATHHXGZTWNVVOU-UHFFFAOYSA-N,333.15,train,"1,3-dimethylbenzene",N-methylmethanamide,1.0,0.0,1.0,1.0,0.0,1.0,0.0,1.0,0.0
j.fluid.2009.12.002.xml#11#T#333.2,URLKBWYHVLBVBO-UHFFFAOYSA-N,ATHHXGZTWNVVOU-UHFFFAOYSA-N,333.15,test_one,"1,4-dimethylbenzene",N-methylmethanamide,1.0,0.0,1.0,1.0,0.0,1.0,0.0,1.0,0.0
j.fluid.2009.09.024.xml#0#T#333.2,UHOVQNZJYSORNB-UHFFFAOYSA-N,BKIMMITUMNQMOS-UHFFFAOYSA-N,333.15,test_one,benzene,nonane,0.0,0.0,0.0,0.0,0.0,0.0,0.0,0.0,0.0
j.fluid.2009.03.012.xml#11#T#333.2,YXFVVABEGXRONW-UHFFFAOYSA-N,ATHHXGZTWNVVOU-UHFFFAOYSA-N,333.15,train,toluene,N-methylmethanamide,1.0,0.0,0.0,0.0,0.0,0.0,0.0,0.0,0.0
je0342522.xml#4#T#333.2,LYCAIKOWRPUZTN-UHFFFAOYSA-N,XLYOFNOQVPJJNP-UHFFFAOYSA-N,333.15,train,"1,2-ethanediol",water,0.0,0.0,0.0,0.0,0.0,0.0,0.0,0.0,0.0
j.fluid.2007.06.010.xml#7#T#333.2,YTPLMLYBLZKORZ-UHFFFAOYSA-N,NUMQCACRALPSHD-UHFFFAOYSA-N,333.15,test_one,thiophene,tert-butyl ethyl ether,,0.0,0.0,0.0,0.0,0.0,0.0,0.0,0.0
je100517z.xml#30#T#333.2,CTQNGGLPUBDAKN-UHFFFAOYSA-N,YXFVVABEGXRONW-UHFFFAOYSA-N,333.15,train,"1,2-dimethylbenzene",toluene,0.0,0.0,0.0,0.0,0.0,0.0,0.0,0.0,0.0
je100517z.xml#33#T#333.2,IVSZLXZYQVIEFR-UHFFFAOYSA-N,HXJUTPCZVOIRIF-UHFFFAOYSA-N,333.15,test_one,"1,3-dimethylbenzene",sulfolane,0.0,0.0,0.0,0.0,0.0,0.0,0.0,0.0,0.0
j.fluid.2011.05.011.xml#1#T#333.2,ZXEKIIBDNHEJCQ-UHFFFAOYSA-N,NHTMVDHEPJAVLT-UHFFFAOYSA-N,333.15,test_one,2-methyl-1-propanol,"2,2,4-trimethylpentane",0.0,0.0,0.0,0.0,0.0,0.0,0.0,0.0,0.0
je100517z.xml#36#T#333.2,CTQNGGLPUBDAKN-UHFFFAOYSA-N,HXJUTPCZVOIRIF-UHFFFAOYSA-N,333.15,test_one,"1,2-dimethylbenzene",sulfolane,0.0,0.0,0.0,0.0,0.0,0.0,0.0,0.0,0.0
j.fluid.2011.05.011.xml#9#T#333.2,NTIZESTWPVYFNL-UHFFFAOYSA-N,NHTMVDHEPJAVLT-UHFFFAOYSA-N,333.15,train,4-methyl-2-pentanone,"2,2,4-trimethylpentane",0.0,0.0,0.0,0.0,0.0,0.0,0.0,0.0,0.0
j.fluid.2011.05.011.xml#5#T#333.2,ZXEKIIBDNHEJCQ-UHFFFAOYSA-N,NTIZESTWPVYFNL-UHFFFAOYSA-N,333.15,test_one,2-methyl-1-propanol,4-methyl-2-pentanone,0.0,0.0,0.0,0.0,0.0,0.0,0.0,0.0,0.0
je050317k.xml#18#T#333.2,WEVYAHXRMPXWCK-UHFFFAOYSA-N,JMMWKPVZQRWMSS-UHFFFAOYSA-N,333.15,train,acetonitrile,isopropyl ethanoate,0.0,0.0,0.0,0.0,0.0,0.0,0.0,0.0,0.0
je050317k.xml#17#T#333.2,OSDWBNJEKMUWAV-UHFFFAOYSA-N,PYGSKMBEVAICCR-UHFFFAOYSA-N,333.15,test_one,3-chloro-1-propene,"1,5-hexadiene",0.0,0.0,0.0,0.0,0.0,0.0,0.0,0.0,0.0
j.fluid.2005.05.003.xml#9#T#333.2,PAFZNILMFXTMIY-UHFFFAOYSA-N,TVMXDCGIABBOFY-UHFFFAOYSA-N,333.15,train,cyclohexylamine,octane,0.0,0.0,0.0,0.0,0.0,0.0,0.0,0.0,0.0
j.fluid.2005.05.003.xml#7#T#333.2,PAFZNILMFXTMIY-UHFFFAOYSA-N,XLYOFNOQVPJJNP-UHFFFAOYSA-N,333.15,train,cyclohexylamine,water,1.0,1.0,1.0,1.0,1.0,1.0,1.0,1.0,1.0
j.fluid.2005.05.003.xml#5#T#333.2,PAYRUJLWNCNPSJ-UHFFFAOYSA-N,PAFZNILMFXTMIY-UHFFFAOYSA-N,333.15,test_one,aniline,cyclohexylamine,,0.0,0.0,0.0,0.0,0.0,0.0,0.0,0.0
j.fluid.2006.12.015.xml#10#T#333.2,LJSQFQKUNVCTIA-UHFFFAOYSA-N,NUMQCACRALPSHD-UHFFFAOYSA-N,333.15,test_both,3-thiapentane,tert-butyl ethyl ether,,0.0,0.0,0.0,0.0,0.0,0.0,0.0,0.0
j.fluid.2007.11.002.xml#19#T#333.2,ZXEKIIBDNHEJCQ-UHFFFAOYSA-N,RYHBNJHYFVUHQT-UHFFFAOYSA-N,333.15,test_one,2-methyl-1-propanol,"1,4-dioxane",0.0,0.0,0.0,0.0,0.0,0.0,0.0,0.0,0.0
je050537y.xml#2#T#333.2,LFQSCWFLJHTTHZ-UHFFFAOYSA-N,LZCLXQDLBQLTDK-BYPYZUCNSA-N,333.25,test_one,ethanol,ethyl lactate,0.0,0.0,0.0,0.0,0.0,0.0,0.0,0.0,0.0
je0342421.xml#5#T#333.3,KFZMGEQAYNKOFK-UHFFFAOYSA-N,NUMQCACRALPSHD-UHFFFAOYSA-N,333.3,test_one,2-propanol,tert-butyl ethyl ether,0.0,0.0,0.0,0.0,0.0,0.0,0.0,0.0,0.0
je0342421.xml#7#T#333.3,XEKOWRVHYACXOJ-UHFFFAOYSA-N,NUMQCACRALPSHD-UHFFFAOYSA-N,333.3,test_one,ethyl ethanoate,tert-butyl ethyl ether,0.0,0.0,0.0,0.0,0.0,0.0,0.0,0.0,0.0
j.fluid.2005.05.002.xml#4#T#337.4,OKKJLVBELUTLKV-UHFFFAOYSA-N,IEJIGPNLZYLLBP-UHFFFAOYSA-N,337.35,train,methanol,dimethyl carbonate,,0.0,0.0,0.0,0.0,0.0,0.0,0.0,0.0
j.fluid.2013.10.029.xml#5#T#338.2,KAESVJOAVNADME-UHFFFAOYSA-N,XDTMQSROBMDMFD-UHFFFAOYSA-N,338.15,train,pyrrole,cyclohexane,,1.0,1.0,1.0,0.0,1.0,0.0,1.0,0.0
j.fluid.2013.10.029.xml#3#T#338.2,UHOVQNZJYSORNB-UHFFFAOYSA-N,KAESVJOAVNADME-UHFFFAOYSA-N,338.15,train,benzene,pyrrole,,0.0,0.0,0.0,0.0,0.0,0.0,0.0,0.0
je030222n.xml#4#T#338.2,LRHPLDYGYMQRHN-UHFFFAOYSA-N,BKIMMITUMNQMOS-UHFFFAOYSA-N,338.15,test_one,1-butanol,nonane,0.0,0.0,0.0,0.0,0.0,0.0,0.0,0.0,0.0
j.fluid.2009.01.016.xml#4#T#340.0,PJGSXYOJTGTZAV-UHFFFAOYSA-N,BZLVMXJERCGZMT-UHFFFAOYSA-N,340.0,train,"3,3-dimethyl-2-butanone","1,1-dimethylethyl methyl ether",0.0,0.0,0.0,0.0,0.0,0.0,0.0,0.0,0.0
j.fluid.2011.08.009.xml#7#T#342.8,BDERNNFJNOPAEC-UHFFFAOYSA-N,SNRUBQQJIBEYMU-UHFFFAOYSA-N,342.8,test_one,1-propanol,dodecane,0.0,0.0,0.0,1.0,0.0,1.0,1.0,1.0,0.0
je101304x.xml#6#T#343.1,OKKJLVBELUTLKV-UHFFFAOYSA-N,OWWIWYDDISJUMY-UHFFFAOYSA-N,343.06,train,methanol,"2,3-dimethyl-1-butene",0.0,0.0,1.0,1.0,0.0,1.0,1.0,1.0,0.0
je301238f.xml#17#T#343.1,WEVYAHXRMPXWCK-UHFFFAOYSA-N,KFRVYYGHSPLXSZ-UHFFFAOYSA-N,343.09,train,acetonitrile,"1,1-dimethylpropyl ethyl ether",0.0,0.0,0.0,1.0,0.0,1.0,0.0,1.0,0.0
j.fluid.2015.10.041.xml#3#T#343.1,LFQSCWFLJHTTHZ-UHFFFAOYSA-N,LJSQFQKUNVCTIA-UHFFFAOYSA-N,343.13,test_one,ethanol,diethyl sulfide,0.0,0.0,0.0,0.0,0.0,0.0,0.0,0.0,0.0
je4004417.xml#6#T#343.2,VLKZOEOYAKHREP-UHFFFAOYSA-N,LCEDQNDDFOCWGG-UHFFFAOYSA-N,343.15,train,n-hexane,4-formylmorpholine,1.0,0.0,1.0,1.0,0.0,1.0,0.0,1.0,1.0
j.fluid.2010.02.030.xml#3#T#343.2,GDOPTJXRTPNYNR-UHFFFAOYSA-N,WQAQPCDUOCURKW-UHFFFAOYSA-N,343.15,train,methylcyclopentane,1-butanethiol,0.0,0.0,0.0,0.0,0.0,0.0,0.0,0.0,0.0
je4004417.xml#7#T#343.2,IMNFDUFMRHMDMM-UHFFFAOYSA-N,LCEDQNDDFOCWGG-UHFFFAOYSA-N,343.15,train,n-heptane,4-formylmorpholine,1.0,1.0,1.0,1.0,0.0,1.0,0.0,1.0,1.0
je500092v.xml#10#T#343.2,SECXISVLQFMRJM-UHFFFAOYSA-N,XLYOFNOQVPJJNP-UHFFFAOYSA-N,343.15,train,N-methyl-2-pyrrolidone,water,0.0,0.0,0.0,0.0,0.0,0.0,0.0,0.0,0.0
j.fluid.2007.06.010.xml#5#T#343.2,YTPLMLYBLZKORZ-UHFFFAOYSA-N,NHTMVDHEPJAVLT-UHFFFAOYSA-N,343.15,train,thiophene,"2,2,4-trimethylpentane",0.0,0.0,0.0,0.0,0.0,0.0,0.0,0.0,0.0
je200039y.xml#15#T#343.2,LFQSCWFLJHTTHZ-UHFFFAOYSA-N,WQOXQRCZOLPYPM-UHFFFAOYSA-N,343.15,train,ethanol,"2,3-dithiabutane",0.0,0.0,0.0,0.0,0.0,0.0,0.0,0.0,0.0
je200039y.xml#17#T#343.2,WQOXQRCZOLPYPM-UHFFFAOYSA-N,NUMQCACRALPSHD-UHFFFAOYSA-N,343.15,test_one,"2,3-dithiabutane",tert-butyl ethyl ether,0.0,0.0,0.0,0.0,0.0,0.0,0.0,0.0,0.0
j.fluid.2006.12.015.xml#7#T#343.2,XDTMQSROBMDMFD-UHFFFAOYSA-N,LJSQFQKUNVCTIA-UHFFFAOYSA-N,343.15,test_one,cyclohexane,3-thiapentane,0.0,0.0,0.0,0.0,0.0,0.0,0.0,0.0,0.0
j.fluid.2011.07.014.xml#1#T#343.2,OKKJLVBELUTLKV-UHFFFAOYSA-N,WGLLSSPDPJPLOR-UHFFFAOYSA-N,343.15,train,methanol,"2,3-dimethyl-2-butene",0.0,0.0,1.0,1.0,0.0,1.0,1.0,1.0,0.0
j.fluid.2016.12.025.xml#8#T#343.2,LRHPLDYGYMQRHN-UHFFFAOYSA-N,PHTQWCKDNZKARW-UHFFFAOYSA-N,343.2,train,1-butanol,3-methyl-1-butanol,0.0,0.0,0.0,0.0,0.0,0.0,0.0,0.0,0.0
j.fluid.2016.12.025.xml#18#T#343.2,PHTQWCKDNZKARW-UHFFFAOYSA-N,DKPFZGUDAPQIHT-UHFFFAOYSA-N,343.2,train,3-methyl-1-butanol,butyl acetate,0.0,0.0,0.0,0.0,0.0,0.0,0.0,0.0,0.0
j.fluid.2014.03.033.xml#16#T#345.6,MSXVEPNJUHWQHW-UHFFFAOYSA-N,HYBBIBNJHNGZAN-UHFFFAOYSA-N,345.61,test_one,tert-amyl alcohol,furfural,0.0,0.0,0.0,0.0,0.0,0.0,0.0,0.0,0.0
j.fluid.2014.03.033.xml#10#T#345.7,BTANRVKWQNVYAZ-BYPYZUCNSA-N,HYBBIBNJHNGZAN-UHFFFAOYSA-N,345.695,test_one,2-butanol,furfural,0.0,0.0,0.0,0.0,0.0,0.0,0.0,0.0,0.0
j.fluid.2014.03.033.xml#4#T#345.8,HYBBIBNJHNGZAN-UHFFFAOYSA-N,NTIZESTWPVYFNL-UHFFFAOYSA-N,345.79,test_one,furfural,methyl isobutyl ketone,0.0,0.0,0.0,0.0,0.0,0.0,0.0,0.0,0.0
j.fluid.2012.05.016.xml#9#T#348.2,LFQSCWFLJHTTHZ-UHFFFAOYSA-N,YKYONYBAUNKHLG-UHFFFAOYSA-N,348.15,train,ethanol,propyl ethanoate,0.0,0.0,0.0,0.0,0.0,0.0,0.0,0.0,0.0
je3004194.xml#12#T#348.2,BDERNNFJNOPAEC-UHFFFAOYSA-N,KAESVJOAVNADME-UHFFFAOYSA-N,348.2,train,propan-1-ol,azole,,0.0,0.0,0.0,0.0,0.0,0.0,0.0,0.0
je049816w.xml#7#T#348.3,DHKHKXVYLBGOIT-UHFFFAOYSA-N,XEKOWRVHYACXOJ-UHFFFAOYSA-N,348.3,test_one,"1,1-diethoxyethane",ethyl ethanoate,0.0,0.0,0.0,0.0,0.0,0.0,0.0,0.0,0.0
acs.jced.5b00724.xml#12#T#350.2,GAEKPEKOJKCEMS-BYPYZUCNSA-N,XLYOFNOQVPJJNP-UHFFFAOYSA-N,350.19,train,.gamma.-valerolactone,water,1.0,0.0,0.0,0.0,0.0,0.0,0.0,0.0,1.0
j.fluid.2013.06.044.xml#7#T#350.4,LFQSCWFLJHTTHZ-UHFFFAOYSA-N,QMMFVYPAHWMCMS-UHFFFAOYSA-N,350.39,train,ethanol,dimethyl sulfide,0.0,0.0,0.0,0.0,0.0,0.0,0.0,0.0,0.0
j.fluid.2005.06.017.xml#8#T#353.2,SECXISVLQFMRJM-UHFFFAOYSA-N,HVZJRWJGKQPSFL-UHFFFAOYSA-N,353.15,train,N-methyl-2-pyrrolidone,tert-amyl methyl ether,,0.0,0.0,0.0,0.0,0.0,0.0,0.0,0.0
j.fluid.2014.07.025.xml#8#T#353.2,ZXEKIIBDNHEJCQ-UHFFFAOYSA-N,FERIUCNNQQJTOY-UHFFFAOYSA-N,353.15,test_both,2-methyl-1-propanol,butyric acid,0.0,0.0,0.0,0.0,0.0,0.0,0.0,0.0,0.0
j.jct.2006.01.010.xml#10#T#353.2,QPFMBZIOSGYJDE-UHFFFAOYSA-N,JHIVVAPYMSGYDF-UHFFFAOYSA-N,353.15,test_one,"1,1,2,2-tetrachloroethane",cyclohexanone,0.0,0.0,0.0,0.0,0.0,0.0,0.0,0.0,0.0
je025566c.xml#4#T#353.2,WAPNOHKVXSQRPX-UHFFFAOYSA-N,ISWSIDIOOBJBQZ-UHFFFAOYSA-N,353.15,train,1-phenylethanol,phenol,0.0,0.0,0.0,0.0,0.0,,,,0.0
j.fluid.2005.06.017.xml#5#T#353.2,POLCUAVZOMRGSN-UHFFFAOYSA-N,SECXISVLQFMRJM-UHFFFAOYSA-N,353.15,train,dipropyl ether,N-methyl-2-pyrrolidone,,0.0,0.0,0.0,0.0,0.0,0.0,0.0,0.0
j.fluid.2012.11.026.xml#5#T#353.2,OIFBSDVPJOWBCH-UHFFFAOYSA-N,XLYOFNOQVPJJNP-UHFFFAOYSA-N,353.15,train,diethyl carbonate,water,,1.0,1.0,1.0,1.0,1.0,1.0,1.0,1.0
j.fluid.2013.10.029.xml#1#T#353.2,KAESVJOAVNADME-UHFFFAOYSA-N,JUJWROOIHBZHMG-UHFFFAOYSA-N,353.15,train,pyrrole,pyridine,,0.0,0.0,0.0,0.0,0.0,0.0,0.0,0.0
je700027n.xml#4#T#353.2,OKKJLVBELUTLKV-UHFFFAOYSA-N,UDSFAEKRVUSQDD-UHFFFAOYSA-N,353.15,train,methanol,dimethyl adipate,0.0,0.0,0.0,0.0,0.0,0.0,0.0,0.0,0.0
je049816w.xml#5#T#353.3,KFZMGEQAYNKOFK-UHFFFAOYSA-N,DHKHKXVYLBGOIT-UHFFFAOYSA-N,353.3,test_one,2-propanol,"1,1-diethoxyethane",0.0,0.0,0.0,0.0,0.0,0.0,0.0,0.0,0.0
je300670n.xml#21#T#358.1,BTANRVKWQNVYAZ-UHFFFAOYSA-N,KFRVYYGHSPLXSZ-UHFFFAOYSA-N,358.08,train,butan-2-ol,ethyl tert-pentyl ether,0.0,0.0,0.0,0.0,0.0,,,,0.0
je300670n.xml#17#T#358.1,MSXVEPNJUHWQHW-UHFFFAOYSA-N,KFRVYYGHSPLXSZ-UHFFFAOYSA-N,358.1,train,2-methyl-2-butanol,ethyl tert-pentyl ether,0.0,0.0,0.0,0.0,0.0,0.0,0.0,0.0,0.0
je300670n.xml#14#T#358.1,LRHPLDYGYMQRHN-UHFFFAOYSA-N,KFRVYYGHSPLXSZ-UHFFFAOYSA-N,358.11,train,1-butanol,ethyl tert-pentyl ether,0.0,0.0,0.0,0.0,0.0,0.0,0.0,0.0,0.0
j.fluid.2010.11.026.xml#7#T#358.2,BDERNNFJNOPAEC-UHFFFAOYSA-N,LJSQFQKUNVCTIA-UHFFFAOYSA-N,358.15,test_one,1-propanol,3-thiapentane,0.0,0.0,0.0,0.0,0.0,0.0,0.0,0.0,0.0
j.fluid.2010.03.022.xml#0#T#358.2,RAOIDOHSFRTOEL-UHFFFAOYSA-N,NHTMVDHEPJAVLT-UHFFFAOYSA-N,358.15,test_one,tetrahydrothiophene,"2,2,4-trimethylpentane",0.0,0.0,0.0,0.0,0.0,0.0,0.0,0.0,0.0
j.fluid.2010.03.022.xml#2#T#358.2,FXNDIJDIPNCZQJ-UHFFFAOYSA-N,RAOIDOHSFRTOEL-UHFFFAOYSA-N,358.15,test_one,"2,4,4-trimethyl-1-pentene",tetrahydrothiophene,0.0,0.0,0.0,0.0,0.0,0.0,0.0,0.0,0.0
je301238f.xml#21#T#363.1,FVSKHRXBFJPNKK-UHFFFAOYSA-N,KFRVYYGHSPLXSZ-UHFFFAOYSA-N,363.1,train,ethyl cyanide,"1,1-dimethylpropyl ethyl ether",0.0,0.0,0.0,0.0,0.0,0.0,0.0,0.0,0.0
j.fluid.2007.05.030.xml#10#T#363.2,LYCAIKOWRPUZTN-UHFFFAOYSA-N,HXDLWJWIAHWIKI-UHFFFAOYSA-N,363.15,test_one,"1,2-ethanediol",2-hydroxyethyl acetate,0.0,0.0,0.0,0.0,0.0,0.0,0.0,0.0,0.0
j.fluid.2007.05.030.xml#12#T#363.2,JTXMVXSTHSMVQF-UHFFFAOYSA-N,HXDLWJWIAHWIKI-UHFFFAOYSA-N,363.15,test_one,"1,2-ethanediol, diacetate",2-hydroxyethyl acetate,0.0,0.0,0.0,0.0,0.0,0.0,0.0,0.0,0.0
j.fluid.2007.05.030.xml#8#T#363.2,HXDLWJWIAHWIKI-UHFFFAOYSA-N,XLYOFNOQVPJJNP-UHFFFAOYSA-N,363.15,test_one,2-hydroxyethyl acetate,water,1.0,0.0,0.0,0.0,0.0,0.0,0.0,0.0,0.0
j.fluid.2007.05.030.xml#6#T#363.2,QTBSBXVTEAMEQO-UHFFFAOYSA-N,JTXMVXSTHSMVQF-UHFFFAOYSA-N,363.15,test_one,acetic acid,"1,2-ethanediol, diacetate",0.0,0.0,0.0,0.0,0.0,0.0,0.0,0.0,0.0
j.fluid.2007.05.030.xml#14#T#363.2,QTBSBXVTEAMEQO-UHFFFAOYSA-N,HXDLWJWIAHWIKI-UHFFFAOYSA-N,363.15,test_both,acetic acid,2-hydroxyethyl acetate,0.0,0.0,0.0,0.0,0.0,0.0,0.0,0.0,0.0
j.fluid.2007.05.030.xml#16#T#363.2,QTBSBXVTEAMEQO-UHFFFAOYSA-N,LYCAIKOWRPUZTN-UHFFFAOYSA-N,363.15,test_one,acetic acid,"1,2-ethanediol",,0.0,0.0,0.0,0.0,0.0,0.0,0.0,0.0
j.fluid.2007.05.030.xml#2#T#363.2,LYCAIKOWRPUZTN-UHFFFAOYSA-N,JTXMVXSTHSMVQF-UHFFFAOYSA-N,363.15,train,"1,2-ethanediol","1,2-ethanediol, diacetate",0.0,0.0,0.0,0.0,0.0,0.0,0.0,0.0,0.0
j.fluid.2007.11.002.xml#23#T#363.2,LRHPLDYGYMQRHN-UHFFFAOYSA-N,RYHBNJHYFVUHQT-UHFFFAOYSA-N,363.15,train,1-butanol,"1,4-dioxane",0.0,0.0,0.0,0.0,0.0,0.0,0.0,0.0,0.0
j.fluid.2010.11.026.xml#11#T#363.2,YKYONYBAUNKHLG-UHFFFAOYSA-N,LJSQFQKUNVCTIA-UHFFFAOYSA-N,363.15,test_one,propyl ethanoate,3-thiapentane,0.0,0.0,0.0,0.0,0.0,0.0,0.0,0.0,0.0
je0499059.xml#9#T#363.2,YXFVVABEGXRONW-UHFFFAOYSA-N,RQEUFEKYXDPUSK-UHFFFAOYSA-N,363.15,train,toluene,DL-1-phenylethylamine,0.0,0.0,0.0,0.0,0.0,,,,0.0
j.fluid.2012.11.026.xml#3#T#363.2,LFQSCWFLJHTTHZ-UHFFFAOYSA-N,OIFBSDVPJOWBCH-UHFFFAOYSA-N,363.15,train,ethanol,diethyl carbonate,,0.0,0.0,0.0,0.0,0.0,0.0,0.0,0.0
j.fluid.2012.11.026.xml#0#T#363.2,LFQSCWFLJHTTHZ-UHFFFAOYSA-N,XLYOFNOQVPJJNP-UHFFFAOYSA-N,363.15,train,ethanol,water,0.0,0.0,0.0,0.0,0.0,0.0,0.0,0.0,0.0
je020130i.xml#9#T#363.2,WEVYAHXRMPXWCK-UHFFFAOYSA-N,ATHHXGZTWNVVOU-UHFFFAOYSA-N,363.15,train,acetonitrile,N-methylformamide,0.0,0.0,0.0,0.0,0.0,0.0,0.0,0.0,0.0
je020130i.xml#8#T#363.2,MVPPADPHJFYWMZ-UHFFFAOYSA-N,ATHHXGZTWNVVOU-UHFFFAOYSA-N,363.15,train,chlorobenzene,N-methylformamide,0.0,0.0,0.0,0.0,0.0,0.0,0.0,0.0,0.0
je300678r.xml#16#T#368.0,BTANRVKWQNVYAZ-UHFFFAOYSA-N,NTIZESTWPVYFNL-UHFFFAOYSA-N,367.995,train,butan-2-ol,4-methyl-2-pentanone,0.0,0.0,0.0,0.0,0.0,,,,0.0
j.fluid.2009.02.010.xml#10#T#368.2,FXNDIJDIPNCZQJ-UHFFFAOYSA-N,QENGPZGAWFQWCZ-UHFFFAOYSA-N,368.15,test_one,"2,4,4-trimethyl-1-pentene",3-methylthiophene,0.0,0.0,0.0,0.0,0.0,0.0,0.0,0.0,0.0
j.fluid.2010.02.030.xml#5#T#368.2,WQAQPCDUOCURKW-UHFFFAOYSA-N,NHTMVDHEPJAVLT-UHFFFAOYSA-N,368.15,train,1-butanethiol,"2,2,4-trimethylpentane",0.0,0.0,0.0,0.0,0.0,0.0,0.0,0.0,0.0
j.fluid.2010.02.043.xml#6#T#368.2,NHTMVDHEPJAVLT-UHFFFAOYSA-N,WQOXQRCZOLPYPM-UHFFFAOYSA-N,368.15,train,"2,2,4-trimethylpentane","2,3-dithiabutane",0.0,0.0,0.0,0.0,0.0,0.0,0.0,0.0,0.0
j.fluid.2009.02.010.xml#11#T#368.2,XDTMQSROBMDMFD-UHFFFAOYSA-N,QENGPZGAWFQWCZ-UHFFFAOYSA-N,368.15,test_one,cyclohexane,3-methylthiophene,0.0,0.0,0.0,0.0,0.0,0.0,0.0,0.0,0.0
j.fluid.2009.11.017.xml#3#T#368.2,CTQNGGLPUBDAKN-UHFFFAOYSA-N,RAOIDOHSFRTOEL-UHFFFAOYSA-N,368.15,test_one,"1,2-dimethylbenzene",tetrahydrothiophene,0.0,0.0,0.0,0.0,0.0,0.0,0.0,0.0,0.0
j.fluid.2010.02.043.xml#2#T#368.2,YXFVVABEGXRONW-UHFFFAOYSA-N,WQOXQRCZOLPYPM-UHFFFAOYSA-N,368.15,train,toluene,"2,3-dithiabutane",0.0,0.0,0.0,0.0,0.0,0.0,0.0,0.0,0.0
j.fluid.2010.02.043.xml#10#T#368.2,FXNDIJDIPNCZQJ-UHFFFAOYSA-N,WQOXQRCZOLPYPM-UHFFFAOYSA-N,368.15,train,"2,4,4-trimethyl-1-pentene","2,3-dithiabutane",0.0,0.0,0.0,0.0,0.0,0.0,0.0,0.0,0.0
j.fluid.2009.02.010.xml#13#T#368.2,LIKMAJRDDDTEIG-UHFFFAOYSA-N,QENGPZGAWFQWCZ-UHFFFAOYSA-N,368.15,test_one,1-hexene,3-methylthiophene,0.0,0.0,0.0,0.0,0.0,0.0,0.0,0.0,0.0
j.fluid.2009.02.010.xml#7#T#368.2,NHTMVDHEPJAVLT-UHFFFAOYSA-N,QENGPZGAWFQWCZ-UHFFFAOYSA-N,368.15,test_one,"2,2,4-trimethylpentane",3-methylthiophene,0.0,0.0,0.0,0.0,0.0,0.0,0.0,0.0,0.0
je050327l.xml#8#T#373.2,IQVAERDLDAZARL-MRVPVSSYSA-N,ISWSIDIOOBJBQZ-UHFFFAOYSA-N,373.15,train,2-phenylpropionaldehyde,phenol,,0.0,0.0,0.0,0.0,0.0,0.0,0.0,0.0
j.fluid.2009.11.004.xml#22#T#373.2,UAEPNZWRGJTJPN-UHFFFAOYSA-N,QENGPZGAWFQWCZ-UHFFFAOYSA-N,373.15,test_both,methylcyclohexane,3-methylthiophene,0.0,0.0,0.0,0.0,0.0,0.0,0.0,0.0,0.0
je050473r.xml#10#T#373.2,NHTMVDHEPJAVLT-UHFFFAOYSA-N,JCCCMAAJYSNBPR-UHFFFAOYSA-N,373.15,train,"2,2,4-trimethylpentane","thiophene, 2-ethyl-",0.0,0.0,0.0,0.0,0.0,0.0,0.0,0.0,0.0
je0302349.xml#9#T#373.2,ABDKAPXRBAPSQN-UHFFFAOYSA-N,YNAVUWVOSKDBBP-UHFFFAOYSA-N,373.15,test_one,o-dimethoxybenzene,morpholine,,0.0,0.0,0.0,0.0,0.0,0.0,0.0,0.0
j.jct.2004.11.007.xml#21#T#373.2,QQZOPKMRPOGIEB-UHFFFAOYSA-N,SECXISVLQFMRJM-UHFFFAOYSA-N,373.15,train,2-hexanone,N-methyl-2-pyrrolidone,,0.0,0.0,0.0,0.0,0.0,0.0,0.0,0.0
je400885z.xml#22#T#373.2,DKGAVHZHDRPRBM-UHFFFAOYSA-N,DKPFZGUDAPQIHT-UHFFFAOYSA-N,373.15,train,2-methyl-2-propanol,butyl acetate,0.0,0.0,0.0,0.0,0.0,0.0,0.0,0.0,0.0
je400885z.xml#15#T#373.2,XXROGKLTLUQVRX-UHFFFAOYSA-N,HZAXFHJVJLSVMW-UHFFFAOYSA-N,373.15,train,1-propen-3-ol,2-aminoethanol,0.0,0.0,0.0,0.0,0.0,0.0,0.0,0.0,0.0
je050473r.xml#9#T#373.2,KWKAKUADMBZCLK-UHFFFAOYSA-N,XQQBUAPQHNYYRS-UHFFFAOYSA-N,373.15,test_one,1-octene,2-methylthiophene,0.0,0.0,0.0,0.0,0.0,0.0,0.0,0.0,0.0
je050327l.xml#11#T#373.2,XBDQKXXYIPTUBI-UHFFFAOYSA-N,FERIUCNNQQJTOY-UHFFFAOYSA-N,373.15,test_one,propanoic acid,butanoic acid,0.0,0.0,0.0,0.0,0.0,0.0,0.0,0.0,0.0
je060359o.xml#3#T#373.2,RWGFKTVRMDUZSP-UHFFFAOYSA-N,HUMNYLRZRPPJDN-UHFFFAOYSA-N,373.15,train,isopropylbenzene,benzaldehyde,0.0,0.0,0.0,0.0,0.0,0.0,0.0,0.0,0.0
je400885z.xml#20#T#373.2,HYBBIBNJHNGZAN-UHFFFAOYSA-N,ARXJGSRGQADJSQ-UHFFFAOYSA-N,373.15,test_one,.alpha.-furole,1-methoxy-2-propanol,0.0,0.0,0.0,0.0,0.0,,,,0.0
je400885z.xml#16#T#373.2,DKGAVHZHDRPRBM-UHFFFAOYSA-N,HZAXFHJVJLSVMW-UHFFFAOYSA-N,373.15,train,2-methyl-2-propanol,2-aminoethanol,0.0,0.0,0.0,0.0,0.0,0.0,0.0,0.0,0.0
je400885z.xml#19#T#373.2,HYBBIBNJHNGZAN-UHFFFAOYSA-N,XXROGKLTLUQVRX-UHFFFAOYSA-N,373.15,test_one,.alpha.-furole,1-propen-3-ol,0.0,0.0,0.0,0.0,0.0,0.0,0.0,0.0,0.0
je400885z.xml#21#T#373.2,XXROGKLTLUQVRX-UHFFFAOYSA-N,DKPFZGUDAPQIHT-UHFFFAOYSA-N,373.15,train,1-propen-3-ol,butyl acetate,0.0,0.0,0.0,0.0,0.0,0.0,0.0,0.0,0.0
je0302349.xml#8#T#373.2,LHGVFZTZFXWLCP-UHFFFAOYSA-N,YNAVUWVOSKDBBP-UHFFFAOYSA-N,373.15,train,o-methoxyphenol,morpholine,,0.0,0.0,0.0,0.0,0.0,0.0,0.0,0.0
je400885z.xml#17#T#373.2,ARXJGSRGQADJSQ-UHFFFAOYSA-N,HZAXFHJVJLSVMW-UHFFFAOYSA-N,373.15,train,1-methoxy-2-propanol,2-aminoethanol,,0.0,0.0,0.0,0.0,,,,0.0
je400885z.xml#18#T#373.2,ARXJGSRGQADJSQ-UHFFFAOYSA-N,XEKOWRVHYACXOJ-UHFFFAOYSA-N,373.15,train,1-methoxy-2-propanol,"acetic acid, ethyl ester",0.0,0.0,0.0,0.0,0.0,,,,0.0
j.jct.2004.11.007.xml#12#T#373.2,FDPIMTJIUBPUKL-UHFFFAOYSA-N,SECXISVLQFMRJM-UHFFFAOYSA-N,373.15,train,3-pentanone,N-methyl-2-pyrrolidone,,0.0,0.0,0.0,0.0,0.0,0.0,0.0,0.0
j.fluid.2005.06.017.xml#6#T#373.2,DURPTKYDGMDSBL-UHFFFAOYSA-N,SECXISVLQFMRJM-UHFFFAOYSA-N,373.15,test_one,dibutyl ether,N-methyl-2-pyrrolidone,,0.0,0.0,0.0,0.0,0.0,0.0,0.0,0.0
je050317k.xml#15#T#373.2,KWOLFJPFCHCOCG-UHFFFAOYSA-N,ISWSIDIOOBJBQZ-UHFFFAOYSA-N,373.15,test_one,acetophenone,phenol,0.0,0.0,0.0,0.0,0.0,0.0,0.0,0.0,0.0
j.fluid.2012.11.008.xml#9#T#373.2,XEKOWRVHYACXOJ-UHFFFAOYSA-N,BZLVMXJERCGZMT-UHFFFAOYSA-N,373.17,train,ethyl ethanoate,tert-butyl methyl ether,0.0,0.0,0.0,0.0,0.0,0.0,0.0,0.0,0.0
je0505366.xml#9#T#383.2,PAYRUJLWNCNPSJ-UHFFFAOYSA-N,TVMXDCGIABBOFY-UHFFFAOYSA-N,383.15,test_one,aniline,octane,0.0,0.0,0.0,1.0,0.0,1.0,0.0,1.0,0.0
je050317k.xml#20#T#383.2,YEJRWHAVMIAJKC-UHFFFAOYSA-N,WERYXYBDKMZEQL-UHFFFAOYSA-N,383.15,train,.gamma.-butyrolactone,"1,4-butanediol",0.0,0.0,0.0,0.0,0.0,0.0,0.0,0.0,0.0
j.fluid.2010.02.030.xml#7#T#383.2,YXFVVABEGXRONW-UHFFFAOYSA-N,QENGPZGAWFQWCZ-UHFFFAOYSA-N,383.15,test_one,toluene,3-methylthiophene,0.0,0.0,0.0,0.0,0.0,0.0,0.0,0.0,0.0
je400065j.xml#8#T#383.3,LFQSCWFLJHTTHZ-UHFFFAOYSA-N,ZWEHNKRNPOVVGH-UHFFFAOYSA-N,383.3,train,ethanol,ethyl methyl ketone,0.0,0.0,0.0,0.0,0.0,0.0,0.0,0.0,0.0
je300678r.xml#28#T#388.1,LWWJDXKGQVEZKT-QMMMGPOBSA-N,NTIZESTWPVYFNL-UHFFFAOYSA-N,388.08,test_one,2-ethyl-1-hexanol,4-methyl-2-pentanone,0.0,0.0,0.0,0.0,0.0,0.0,0.0,0.0,0.0
acs.jced.6b00139.xml#3#T#388.2,BDAGIHXWWSANSR-UHFFFAOYSA-N,XLYOFNOQVPJJNP-UHFFFAOYSA-N,388.15,train,formic acid,water,0.0,0.0,0.0,0.0,0.0,0.0,0.0,0.0,0.0
je101304x.xml#4#T#403.2,UHOVQNZJYSORNB-UHFFFAOYSA-N,XDTMQSROBMDMFD-UHFFFAOYSA-N,403.15,train,benzene,cyclohexane,0.0,0.0,0.0,0.0,0.0,0.0,0.0,0.0,0.0
j.fluid.2014.04.026.xml#10#T#403.2,XBDQKXXYIPTUBI-UHFFFAOYSA-N,FUZZWVXGSFPDMH-UHFFFAOYSA-N,403.15,train,propionic acid,caproic acid,0.0,0.0,0.0,0.0,0.0,0.0,0.0,0.0,0.0
j.fluid.2014.04.026.xml#12#T#408.2,KQNPFQTWMSNSAP-UHFFFAOYSA-N,FUZZWVXGSFPDMH-UHFFFAOYSA-N,408.15,train,isobutyric acid,caproic acid,0.0,0.0,0.0,0.0,0.0,0.0,0.0,0.0,0.0
acs.jced.5b01104.xml#1#T#412.6,QTBSBXVTEAMEQO-UHFFFAOYSA-N,XLYOFNOQVPJJNP-UHFFFAOYSA-N,412.6,test_one,acetic acid,water,0.0,0.0,0.0,0.0,0.0,0.0,0.0,0.0,0.0
je050141m.xml#8#T#413.2,ZSIAUFGUXNUGDI-UHFFFAOYSA-N,AOGQPLXWSUTHQB-UHFFFAOYSA-N,413.15,test_both,1-hexanol,hexyl ethanoate,0.0,0.0,0.0,0.0,0.0,0.0,0.0,0.0,0.0
je0302349.xml#4#T#413.2,LHGVFZTZFXWLCP-UHFFFAOYSA-N,ABDKAPXRBAPSQN-UHFFFAOYSA-N,413.15,test_one,o-methoxyphenol,o-dimethoxybenzene,0.0,0.0,0.0,0.0,0.0,0.0,0.0,0.0,0.0
je034254m.xml#0#T#413.2,HXJUTPCZVOIRIF-UHFFFAOYSA-N,XLYOFNOQVPJJNP-UHFFFAOYSA-N,413.18,test_one,sulfolane,water,0.0,0.0,0.0,1.0,0.0,1.0,1.0,1.0,1.0
je400885z.xml#23#T#423.2,ARXJGSRGQADJSQ-UHFFFAOYSA-N,DKPFZGUDAPQIHT-UHFFFAOYSA-N,423.15,train,1-methoxy-2-propanol,butyl acetate,0.0,0.0,0.0,0.0,0.0,,,,0.0
j.fluid.2014.04.026.xml#14#T#423.2,NQPDZGIKBAWPEJ-UHFFFAOYSA-N,FUZZWVXGSFPDMH-UHFFFAOYSA-N,423.15,train,valeric acid,caproic acid,0.0,0.0,0.0,0.0,0.0,0.0,0.0,0.0,0.0
je700027n.xml#6#T#433.2,JFCQEDHGNNZCLN-UHFFFAOYSA-N,XTDYIOOONNVFMA-UHFFFAOYSA-N,433.15,train,glutaric acid,dimethyl glutarate,0.0,0.0,0.0,0.0,0.0,0.0,0.0,0.0,0.0
j.fluid.2014.04.026.xml#16#T#443.2,MNWFXJYAOYHMED-UHFFFAOYSA-N,FUZZWVXGSFPDMH-UHFFFAOYSA-N,443.15,train,heptanoic acid,caproic acid,0.0,0.0,0.0,0.0,0.0,0.0,0.0,0.0,0.0
