key,case,recipe,UD_sha256,normalized_153_L1,normalized_total_L1,raw_second_moment,raw_abs_tail_A2,area_A2,volume_A3,normalization,net_sigma_moment,sigma_second_moment,tail_area_A2,flag,averaging,r_av_A,f_decay,source_sha256,NHB_area_A2,OH_area_A2,OT_area_A2
BKIMMITUMNQMOS-UHFFFAOYSA-N,/tmp/r5work/native/BKIMMITUMNQMOS-UHFFFAOYSA-N/svp_swig,hsieh,fb0d4923ce81578d9b4c8bf389f520c68e3eca0b2625d25f1d6175affe4e3074,0.36407017990182633,0.36407017990182633,5.131125710516393e-06,0.028785900526584963,224.77126881804517,201.10528857749682,1.0,-0.03524444525690458,1.7308952294044665e-06,0.0,NHB,Hsieh,1.5191269449366247,3.57,722440d08a59d6292fbc0231c695d4417ec7244acfb571424d111b423cffc06c,224.77126881804517,0.0,0.0
BKIMMITUMNQMOS-UHFFFAOYSA-N,/tmp/r5work/native/BKIMMITUMNQMOS-UHFFFAOYSA-N/svp_swig,coincident4,fb0d4923ce81578d9b4c8bf389f520c68e3eca0b2625d25f1d6175affe4e3074,0.3564828693146412,0.3564828693146412,5.131125710516393e-06,0.028785900526584963,224.77126881804514,201.10528857749682,1.0,-0.03556625822925668,1.748943445792237e-06,0.0,NHB,Hsieh,1.5191269449366247,3.57,8452544be2aab2b785c416eaf265fcf07428289e27645b7b85b86f3db4d3ea1f,224.77126881804514,0.0,0.0
BKIMMITUMNQMOS-UHFFFAOYSA-N,/tmp/r5work/native/BKIMMITUMNQMOS-UHFFFAOYSA-N/svp_swig,point_limit,fb0d4923ce81578d9b4c8bf389f520c68e3eca0b2625d25f1d6175affe4e3074,0.35395432677190436,0.35395432677190436,5.131125710516393e-06,0.028785900526584963,224.77126881804512,201.10528857749682,1.0,-0.03567511727458867,1.7550049765742112e-06,0.0,NHB,Hsieh,1.5191269449366247,3.57,54e10d59a6f6cf7ac29a0883c1d3e3ea32b2d5a44b716957731f5634862cae86,224.77126881804512,0.0,0.0
BKIMMITUMNQMOS-UHFFFAOYSA-N,/tmp/r5work/native/BKIMMITUMNQMOS-UHFFFAOYSA-N/tz_iswig,hsieh,fb0d4923ce81578d9b4c8bf389f520c68e3eca0b2625d25f1d6175affe4e3074,0.2279925373646535,0.2279925373646535,8.0866744120005e-06,0.0735036564012894,225.30719021782664,201.78821094410145,1.0,-0.04436093312943902,2.7171686700972488e-06,0.0,NHB,Hsieh,1.5191269449366247,3.57,dbf79533647889b7dc4259236e569798e3b1cd52e074e7b1a77a9661d44d1e58,225.30719021782664,0.0,0.0
BKIMMITUMNQMOS-UHFFFAOYSA-N,/tmp/r5work/native/BKIMMITUMNQMOS-UHFFFAOYSA-N/tz_iswig,coincident4,fb0d4923ce81578d9b4c8bf389f520c68e3eca0b2625d25f1d6175affe4e3074,0.2271410672273726,0.2271410672273726,8.0866744120005e-06,0.0735036564012894,225.3071902178266,201.78821094410145,1.0,-0.0447885769782551,2.7470847546381503e-06,0.0,NHB,Hsieh,1.5191269449366247,3.57,98464295d2f7dd3a1a530cf1764f6e1810ad03f4387c546e8a412c2e0e239c20,225.3071902178266,0.0,0.0
BKIMMITUMNQMOS-UHFFFAOYSA-N,/tmp/r5work/native/BKIMMITUMNQMOS-UHFFFAOYSA-N/tz_iswig,point_limit,fb0d4923ce81578d9b4c8bf389f520c68e3eca0b2625d25f1d6175affe4e3074,0.2268379315182884,0.2268379315182884,8.0866744120005e-06,0.0735036564012894,225.3071902178267,201.78821094410145,1.0,-0.044933269791972444,2.7571216624170797e-06,0.0,NHB,Hsieh,1.5191269449366247,3.57,e011c137182f2e79d681403d87829c56e5d4626b9015a62ad037d8a2dcd4d927,225.3071902178267,0.0,0.0
BKIMMITUMNQMOS-UHFFFAOYSA-N,/tmp/r5work/native/BKIMMITUMNQMOS-UHFFFAOYSA-N/tz_swig,hsieh,fb0d4923ce81578d9b4c8bf389f520c68e3eca0b2625d25f1d6175affe4e3074,0.24837710118494372,0.24837710118494372,8.146941579585012e-06,0.10655510906919706,224.77126881804523,201.10528857749682,1.0,-0.04240185729013858,2.736271334782069e-06,0.0,NHB,Hsieh,1.5191269449366247,3.57,affd58275f14eb632ba4df4e087126f5fb1415de3c3a268cb6d8a2d67020c90a,224.77126881804523,0.0,0.0
BKIMMITUMNQMOS-UHFFFAOYSA-N,/tmp/r5work/native/BKIMMITUMNQMOS-UHFFFAOYSA-N/tz_swig,coincident4,fb0d4923ce81578d9b4c8bf389f520c68e3eca0b2625d25f1d6175affe4e3074,0.24776816799480822,0.24776816799480822,8.146941579585012e-06,0.10655510906919706,224.77126881804537,201.10528857749682,1.0,-0.04280941134428984,2.7659423887942053e-06,0.0,NHB,Hsieh,1.5191269449366247,3.57,9c4eeeb81a91607b5b4a444f85b373235bfbc2fcdc6edf504145e9201e25665a,224.77126881804537,0.0,0.0
BKIMMITUMNQMOS-UHFFFAOYSA-N,/tmp/r5work/native/BKIMMITUMNQMOS-UHFFFAOYSA-N/tz_swig,point_limit,fb0d4923ce81578d9b4c8bf389f520c68e3eca0b2625d25f1d6175affe4e3074,0.24754292845979586,0.24754292845979586,8.146941579585012e-06,0.10655510906919706,224.77126881804523,201.10528857749682,1.0,-0.04294726851318274,2.775910362185301e-06,0.0,NHB,Hsieh,1.5191269449366247,3.57,772c9e24451229673da352925b7171e3c76556880ecb6e0ab66c8ad46f6fbe48,224.77126881804523,0.0,0.0
DNIAPMSPPWPWGF-UHFFFAOYSA-N,/tmp/r5work/native/DNIAPMSPPWPWGF-UHFFFAOYSA-N/svp_swig,hsieh,e94edc095ada5b966954b2e8ac9ced827737ce3005d373bc4999548d5a2ada70,0.40211551324814937,0.3982579475930779,7.39862669965369e-05,35.88856322699483,121.11022770596757,98.87222753355125,1.0,-0.018046119237793395,4.846546439115328e-05,27.619693284927553,HB-DONOR-ACCEPTOR,Hsieh,1.5191269449366247,3.57,1de5dba0c93da98fc4bf11caf4e1cbb744fe434b199b00503b4816da6efd0058,94.12569966871598,26.984528037251586,0.0
DNIAPMSPPWPWGF-UHFFFAOYSA-N,/tmp/r5work/native/DNIAPMSPPWPWGF-UHFFFAOYSA-N/svp_swig,coincident4,e94edc095ada5b966954b2e8ac9ced827737ce3005d373bc4999548d5a2ada70,0.3988514767760398,0.3951152453422855,7.39862669965369e-05,35.88856322699483,121.11022770596755,98.87222753355125,1.0,-0.018330888749687663,4.86418257510161e-05,27.707903744511725,HB-DONOR-ACCEPTOR,Hsieh,1.5191269449366247,3.57,725911b5514309ed71eb1ed76b7780d7962e19eec83d502de74ad325e2ad6b4e,94.07087747198301,27.03935023398453,0.0
DNIAPMSPPWPWGF-UHFFFAOYSA-N,/tmp/r5work/native/DNIAPMSPPWPWGF-UHFFFAOYSA-N/svp_swig,point_limit,e94edc095ada5b966954b2e8ac9ced827737ce3005d373bc4999548d5a2ada70,0.39773472431852525,0.39403741649138535,7.39862669965369e-05,35.88856322699483,121.11022770596747,98.87222753355125,1.0,-0.01842650505167784,4.870093439007733e-05,27.737483968036692,HB-DONOR-ACCEPTOR,Hsieh,1.5191269449366247,3.57,0287d4019622a5c9c793bc64fbd2de3af23f0e82844cf91f813fd9feb7569eb4,94.05257619793267,27.057651508034805,0.0
DNIAPMSPPWPWGF-UHFFFAOYSA-N,/tmp/r5work/native/DNIAPMSPPWPWGF-UHFFFAOYSA-N/tz_iswig,hsieh,e94edc095ada5b966954b2e8ac9ced827737ce3005d373bc4999548d5a2ada70,0.3287604798302775,0.3215727332257614,8.387378567703998e-05,38.35528849722292,121.19931617551605,99.00171990987648,1.0,-0.026589835587518568,5.455073127012468e-05,30.09066338046586,HB-DONOR-ACCEPTOR,Hsieh,1.5191269449366247,3.57,246eab48bfbf3cd0870550974312dcfeb7f6b95f8fe132b7ace825b79bae82ad,92.62708710562526,28.572229069890778,0.0
DNIAPMSPPWPWGF-UHFFFAOYSA-N,/tmp/r5work/native/DNIAPMSPPWPWGF-UHFFFAOYSA-N/tz_iswig,coincident4,e94edc095ada5b966954b2e8ac9ced827737ce3005d373bc4999548d5a2ada70,0.3262159699991422,0.3193291223421634,8.387378567703998e-05,38.35528849722292,121.19931617551612,99.00171990987648,1.0,-0.026911556407543308,5.475926763997605e-05,30.171488515782396,HB-DONOR-ACCEPTOR,Hsieh,1.5191269449366247,3.57,4472e7e3ee3d0461283de8907c89df8f3afcb74dfeff86877aa32724b761e3a7,92.57039157180314,28.62892460371297,0.0
DNIAPMSPPWPWGF-UHFFFAOYSA-N,/tmp/r5work/native/DNIAPMSPPWPWGF-UHFFFAOYSA-N/tz_iswig,point_limit,e94edc095ada5b966954b2e8ac9ced827737ce3005d373bc4999548d5a2ada70,0.3252364200427246,0.31842610010572125,8.387378567703998e-05,38.35528849722292,121.19931617551606,99.00171990987648,1.0,-0.02701965020241684,5.482909434312777e-05,30.1986343699651,HB-DONOR-ACCEPTOR,Hsieh,1.5191269449366247,3.57,6a23ac4ea197aff17197955689d64d9a2cd9bb54a54f3c7601f8f84d2fd26436,92.55145336001522,28.647862815500847,0.0
DNIAPMSPPWPWGF-UHFFFAOYSA-N,/tmp/r5work/native/DNIAPMSPPWPWGF-UHFFFAOYSA-N/tz_swig,hsieh,e94edc095ada5b966954b2e8ac9ced827737ce3005d373bc4999548d5a2ada70,0.3265619169827381,0.3187398948433725,8.406767067029123e-05,38.12182093363077,121.11022770596756,98.87222753355125,1.0,-0.02554222283378932,5.4527605568901246e-05,29.95239563823712,HB-DONOR-ACCEPTOR,Hsieh,1.5191269449366247,3.57,a53c37c64054c338a4c2eab1e2bf63e5bb3a3ab73e74f5802df24a907be917ff,92.69110977466853,28.41911793129901,0.0
DNIAPMSPPWPWGF-UHFFFAOYSA-N,/tmp/r5work/native/DNIAPMSPPWPWGF-UHFFFAOYSA-N/tz_swig,coincident4,e94edc095ada5b966954b2e8ac9ced827737ce3005d373bc4999548d5a2ada70,0.3239518551706148,0.31635468210760964,8.406767067029123e-05,38.12182093363077,121.11022770596756,98.87222753355125,1.0,-0.025866541044144542,5.4731885559585414e-05,30.02328755969195,HB-DONOR-ACCEPTOR,Hsieh,1.5191269449366247,3.57,81098cf448de61a35af0792342c92ab075aaf310844e62510f20846ce3fbc121,92.63625317691643,28.473974529051127,0.0
DNIAPMSPPWPWGF-UHFFFAOYSA-N,/tmp/r5work/native/DNIAPMSPPWPWGF-UHFFFAOYSA-N/tz_swig,point_limit,e94edc095ada5b966954b2e8ac9ced827737ce3005d373bc4999548d5a2ada70,0.32310783234942536,0.3155303515077582,8.406767067029123e-05,38.12182093363077,121.11022770596756,98.87222753355125,1.0,-0.025975493681440753,5.480025928583618e-05,30.048212905819486,HB-DONOR-ACCEPTOR,Hsieh,1.5191269449366247,3.57,bc534ad9c739c3215b433c6761b158fedc82ec7008a556773eb5d411028b52c1,92.61791241957272,28.49231528639482,0.0
LYCAIKOWRPUZTN-UHFFFAOYSA-N,/tmp/r5work/native/LYCAIKOWRPUZTN-UHFFFAOYSA-N/svp_swig,hsieh,e21b311227c2b9727348631c8b406a8203c8bb56850a6a5b9f269c32f40a660c,0.4595417654760878,0.4428329702680359,7.648394238887983e-05,31.70931566459394,99.13514278233873,78.1258073303124,1.0,-0.01582802615781581,4.783018702893778e-05,21.36377158518967,HB-DONOR-ACCEPTOR,Hsieh,1.5191269449366247,3.57,a5f1762e75337190b1a2c733da47193066abbee8409db67ef0e488ad91459692,76.66586810719154,22.469274675147183,0.0
LYCAIKOWRPUZTN-UHFFFAOYSA-N,/tmp/r5work/native/LYCAIKOWRPUZTN-UHFFFAOYSA-N/svp_swig,coincident4,e21b311227c2b9727348631c8b406a8203c8bb56850a6a5b9f269c32f40a660c,0.4579041343528232,0.4411543310474352,7.648394238887983e-05,31.70931566459394,99.13514278233873,78.1258073303124,1.0,-0.01607136056166278,4.8022663383731637e-05,21.455767956312094,HB-DONOR-ACCEPTOR,Hsieh,1.5191269449366247,3.57,c7856923723cb72958d3c70554e7bbe970da176f980bab26f4f0055c90753513,76.60916487815851,22.52597790418021,0.0
LYCAIKOWRPUZTN-UHFFFAOYSA-N,/tmp/r5work/native/LYCAIKOWRPUZTN-UHFFFAOYSA-N/svp_swig,point_limit,e21b311227c2b9727348631c8b406a8203c8bb56850a6a5b9f269c32f40a660c,0.4573203413633866,0.44057054821083597,7.648394238887983e-05,31.70931566459394,99.1351427823387,78.1258073303124,1.0,-0.01615318779091257,4.8087234962375554e-05,21.485994710662432,HB-DONOR-ACCEPTOR,Hsieh,1.5191269449366247,3.57,0bc5369f5a7ff4f8d9e6efb9ee38cc8f51cdc53350f4f81560d9c0335ca0d579,76.59020482807374,22.544937954264967,0.0
LYCAIKOWRPUZTN-UHFFFAOYSA-N,/tmp/r5work/native/LYCAIKOWRPUZTN-UHFFFAOYSA-N/tz_iswig,hsieh,e21b311227c2b9727348631c8b406a8203c8bb56850a6a5b9f269c32f40a660c,0.3390280739632353,0.3269127186707209,8.714468989103302e-05,34.670377425831056,99.05018190632917,78.1844099991473,1.0,-0.02326163935611747,5.409414860525409e-05,23.031015151815772,HB-DONOR-ACCEPTOR,Hsieh,1.5191269449366247,3.57,09e46d17aac1d2170056a95b0bdc791db58483d3f226613eafaa70d033bf7bef,75.20304964342377,23.84713226290541,0.0
LYCAIKOWRPUZTN-UHFFFAOYSA-N,/tmp/r5work/native/LYCAIKOWRPUZTN-UHFFFAOYSA-N/tz_iswig,coincident4,e21b311227c2b9727348631c8b406a8203c8bb56850a6a5b9f269c32f40a660c,0.3372478438199987,0.3253276848522864,8.714468989103302e-05,34.670377425831056,99.05018190632923,78.1844099991473,1.0,-0.023529599951186836,5.432244185303815e-05,23.124052664857924,HB-DONOR-ACCEPTOR,Hsieh,1.5191269449366247,3.57,080935da3da5acb752ec779209665d1108712951c65c7f32174ef3b57ea768aa,75.14350932991925,23.906672576409978,0.0
LYCAIKOWRPUZTN-UHFFFAOYSA-N,/tmp/r5work/native/LYCAIKOWRPUZTN-UHFFFAOYSA-N/tz_iswig,point_limit,e21b311227c2b9727348631c8b406a8203c8bb56850a6a5b9f269c32f40a660c,0.3366771445919673,0.32484520803241945,8.714468989103302e-05,34.670377425831056,99.05018190632917,78.1844099991473,1.0,-0.023619734987885055,5.4398969065423084e-05,23.153317279764536,HB-DONOR-ACCEPTOR,Hsieh,1.5191269449366247,3.57,1e3700ecb806d34a921bee1587e86beb500c92d2d0b462b66cf2d0779e10eda8,75.12358019417492,23.926601712154238,0.0
LYCAIKOWRPUZTN-UHFFFAOYSA-N,/tmp/r5work/native/LYCAIKOWRPUZTN-UHFFFAOYSA-N/tz_swig,hsieh,e21b311227c2b9727348631c8b406a8203c8bb56850a6a5b9f269c32f40a660c,0.34099487134022866,0.3286375483188861,8.729304008576829e-05,34.463175213415624,99.1351427823387,78.1258073303124,1.0,-0.022668139337913867,5.391874148371091e-05,23.02962949735594,HB-DONOR-ACCEPTOR,Hsieh,1.5191269449366247,3.57,fb2889feabfc5c56ef6b864400577612ac5249c1ee7aec4cf61a97f346448a4a,75.38145593932323,23.753686843015473,0.0
LYCAIKOWRPUZTN-UHFFFAOYSA-N,/tmp/r5work/native/LYCAIKOWRPUZTN-UHFFFAOYSA-N/tz_swig,coincident4,e21b311227c2b9727348631c8b406a8203c8bb56850a6a5b9f269c32f40a660c,0.33963650619502234,0.3274784997958444,8.729304008576829e-05,34.463175213415624,99.13514278233873,78.1258073303124,1.0,-0.022939706932276094,5.414205957600049e-05,23.12267871182076,HB-DONOR-ACCEPTOR,Hsieh,1.5191269449366247,3.57,1d008443e26c6f027019fcb567029b630b752b8b190c9c34a089e5d8a71339a4,75.32340892941319,23.81173385292554,0.0
LYCAIKOWRPUZTN-UHFFFAOYSA-N,/tmp/r5work/native/LYCAIKOWRPUZTN-UHFFFAOYSA-N/tz_swig,point_limit,e21b311227c2b9727348631c8b406a8203c8bb56850a6a5b9f269c32f40a660c,0.3395487007962355,0.3274808574209237,8.729304008576829e-05,34.463175213415624,99.13514278233872,78.1258073303124,1.0,-0.023031050268437686,5.421693744982999e-05,23.151791661906216,HB-DONOR-ACCEPTOR,Hsieh,1.5191269449366247,3.57,c8f5f544c60706533dd43878ce0c5e3d5d5fd717b3f023cfed4d7d39fa98f9b9,75.3039906593707,23.831152122968028,0.0
MTHSVFCYNBDYFN-UHFFFAOYSA-N,/tmp/r5work/native/MTHSVFCYNBDYFN-UHFFFAOYSA-N/svp_swig,hsieh,1ab0a032b5e1bcf8f4f7c97143f074acb5355eeb61dd067152a1ed6cd64ad087,0.4130784246641168,0.3981617796356398,6.073359354444629e-05,39.01584838284084,154.86071212310276,130.62987953818694,1.0,-0.025778247220394873,3.744054803055435e-05,24.871247603801173,HB-DONOR-ACCEPTOR,Hsieh,1.5191269449366247,3.57,cf890a9250d1bd9b42bcdb83f54d3ab101a2239389e2d8e6dadb71fa576901cd,127.77934604090768,25.100448486141744,1.9809175960533234
MTHSVFCYNBDYFN-UHFFFAOYSA-N,/tmp/r5work/native/MTHSVFCYNBDYFN-UHFFFAOYSA-N/svp_swig,coincident4,1ab0a032b5e1bcf8f4f7c97143f074acb5355eeb61dd067152a1ed6cd64ad087,0.41180843283461976,0.3968566356433854,6.073359354444629e-05,39.01584838284084,154.86071212310287,130.62987953818694,1.0,-0.026071716733538308,3.759406363047172e-05,24.98256414001017,HB-DONOR-ACCEPTOR,Hsieh,1.5191269449366247,3.57,bd5dbaad52108417f9652e796b44cc2bc371e15a38f48e833fb7224cb5cebbf5,127.71276383752019,25.154372539383914,1.9935757461987407
MTHSVFCYNBDYFN-UHFFFAOYSA-N,/tmp/r5work/native/MTHSVFCYNBDYFN-UHFFFAOYSA-N/svp_swig,point_limit,1ab0a032b5e1bcf8f4f7c97143f074acb5355eeb61dd067152a1ed6cd64ad087,0.4114637268900324,0.39649406164863304,6.073359354444629e-05,39.01584838284084,154.8607121231028,130.62987953818694,1.0,-0.026170463563807506,3.764545474562249e-05,25.01987799014632,HB-DONOR-ACCEPTOR,Hsieh,1.5191269449366247,3.57,f2992fb97983c700440c5b597c8bafa18e8fd2472d1ef20e25cf777bf647b29f,127.69049127168982,25.17240470432267,1.9978161470902722
MTHSVFCYNBDYFN-UHFFFAOYSA-N,/tmp/r5work/native/MTHSVFCYNBDYFN-UHFFFAOYSA-N/tz_iswig,hsieh,1ab0a032b5e1bcf8f4f7c97143f074acb5355eeb61dd067152a1ed6cd64ad087,0.31357890820887957,0.2986198271505195,6.986183900539553e-05,41.2477154789503,154.92080581776568,130.79337025877,1.0,-0.03460742892798227,4.306705098493688e-05,27.71492405397877,HB-DONOR-ACCEPTOR,Hsieh,1.5191269449366247,3.57,7e580a048ee20e9b0c4d32d4fd7ae35dc8a7372f887a7516854412b50dc10433,125.9124589730007,26.853758096507846,2.1545887482571278
MTHSVFCYNBDYFN-UHFFFAOYSA-N,/tmp/r5work/native/MTHSVFCYNBDYFN-UHFFFAOYSA-N/tz_iswig,coincident4,1ab0a032b5e1bcf8f4f7c97143f074acb5355eeb61dd067152a1ed6cd64ad087,0.31304078346854847,0.2982673974129275,6.986183900539553e-05,41.2477154789503,154.9208058177656,130.79337025877,1.0,-0.03494697313217793,4.325186117278741e-05,27.81992662880328,HB-DONOR-ACCEPTOR,Hsieh,1.5191269449366247,3.57,ca65f813d02fe295e8309b4867fdf81b6cbd7e52e4ac812b9acae5436a581cca,125.84269756495348,26.909873236588087,2.168235016224023
MTHSVFCYNBDYFN-UHFFFAOYSA-N,/tmp/r5work/native/MTHSVFCYNBDYFN-UHFFFAOYSA-N/tz_iswig,point_limit,1ab0a032b5e1bcf8f4f7c97143f074acb5355eeb61dd067152a1ed6cd64ad087,0.31307618439629364,0.2982728283143714,6.986183900539553e-05,41.2477154789503,154.92080581776568,130.79337025877,1.0,-0.03506128174517836,4.331381651989042e-05,27.85486770763096,HB-DONOR-ACCEPTOR,Hsieh,1.5191269449366247,3.57,ae500b2d4c8ae0c14102de82f93b9563408847c3f4b051e905bf47f8cad666cc,125.81940127651445,26.92860743671866,2.1727971045325747
MTHSVFCYNBDYFN-UHFFFAOYSA-N,/tmp/r5work/native/MTHSVFCYNBDYFN-UHFFFAOYSA-N/tz_swig,hsieh,1ab0a032b5e1bcf8f4f7c97143f074acb5355eeb61dd067152a1ed6cd64ad087,0.3082053847111593,0.2939936633489466,7.00507576362125e-05,40.70772570665807,154.86071212310276,130.62987953818694,1.0,-0.03385014046777626,4.29803148960397e-05,27.651627951323235,HB-DONOR-ACCEPTOR,Hsieh,1.5191269449366247,3.57,e2e13816847aa67557aa4d720db076ea6690342f0b318d97bc711a4f77b523b3,125.95925651409473,26.756250041300753,2.1452055677072783
MTHSVFCYNBDYFN-UHFFFAOYSA-N,/tmp/r5work/native/MTHSVFCYNBDYFN-UHFFFAOYSA-N/tz_swig,coincident4,1ab0a032b5e1bcf8f4f7c97143f074acb5355eeb61dd067152a1ed6cd64ad087,0.308159113701243,0.29395016305340943,7.00507576362125e-05,40.70772570665807,154.86071212310276,130.62987953818694,1.0,-0.034192795371339485,4.3160972677908487e-05,27.754066610214757,HB-DONOR-ACCEPTOR,Hsieh,1.5191269449366247,3.57,3da0a115766aaf353bbd9aeb97c34b264befaf34d12ddba844ccb7cab86fb796,125.89194004248608,26.81040483871186,2.1583672419048003
MTHSVFCYNBDYFN-UHFFFAOYSA-N,/tmp/r5work/native/MTHSVFCYNBDYFN-UHFFFAOYSA-N/tz_swig,point_limit,1ab0a032b5e1bcf8f4f7c97143f074acb5355eeb61dd067152a1ed6cd64ad087,0.30815772598977925,0.29398046688067037,7.00507576362125e-05,40.70772570665807,154.8607121231027,130.62987953818694,1.0,-0.034308136743603806,4.32215254804863e-05,27.788408297902137,HB-DONOR-ACCEPTOR,Hsieh,1.5191269449366247,3.57,61b1b31fb1378ad23ea244bf5db61f87ba9a2960cc7c5c6a30dda3cf8a904897,125.86946684464024,26.82849422740808,2.1627510510544
OKKJLVBELUTLKV-UHFFFAOYSA-N,/tmp/r5work/native/OKKJLVBELUTLKV-UHFFFAOYSA-N/svp_swig,hsieh,9aedb9bca8a561cfc96d91663def512f2e2f928a2552b452bfcc0d4af9d290df,0.39927668549731327,0.3909452873791919,6.728070125437498e-05,19.021459434022262,68.5290433440311,48.41483284724103,1.0,-0.013348990589044,4.709192725836845e-05,14.857962773118688,HB-DONOR-ACCEPTOR,Hsieh,1.5191269449366247,3.57,db2b547ee81ac6af07cba3313d298bca1353ca367cc5a243b2bbcddfa39c07df,53.79761967426229,14.731423669768809,0.0
OKKJLVBELUTLKV-UHFFFAOYSA-N,/tmp/r5work/native/OKKJLVBELUTLKV-UHFFFAOYSA-N/svp_swig,coincident4,9aedb9bca8a561cfc96d91663def512f2e2f928a2552b452bfcc0d4af9d290df,0.3957096577237695,0.38741961931531843,6.728070125437498e-05,19.021459434022262,68.52904334403107,48.41483284724103,1.0,-0.013486079526495318,4.7260714233530614e-05,14.889527714361165,HB-DONOR-ACCEPTOR,Hsieh,1.5191269449366247,3.57,c96cc2531d3b926a8ff425efba5c1bf32666b611a1549098540db237e977da59,53.7702436601446,14.758799683886462,0.0
OKKJLVBELUTLKV-UHFFFAOYSA-N,/tmp/r5work/native/OKKJLVBELUTLKV-UHFFFAOYSA-N/svp_swig,point_limit,9aedb9bca8a561cfc96d91663def512f2e2f928a2552b452bfcc0d4af9d290df,0.39453442228116464,0.38621443243126297,6.728070125437498e-05,19.021459434022262,68.5290433440311,48.41483284724103,1.0,-0.01353218594525045,4.7317254476406874e-05,14.899639332503199,HB-DONOR-ACCEPTOR,Hsieh,1.5191269449366247,3.57,1a6acb390bfdbef355930361a25016bd838015c1d61d4b37b0b7140e20a3bef9,53.76109294486713,14.767950399163974,0.0
OKKJLVBELUTLKV-UHFFFAOYSA-N,/tmp/r5work/native/OKKJLVBELUTLKV-UHFFFAOYSA-N/tz_iswig,hsieh,9aedb9bca8a561cfc96d91663def512f2e2f928a2552b452bfcc0d4af9d290df,0.2876768654921404,0.27862754595158234,7.700056759459492e-05,20.02184761546765,68.60445757249983,48.530544642858615,1.0,-0.019144316061166622,5.313336702608478e-05,15.765230476905266,HB-DONOR-ACCEPTOR,Hsieh,1.5191269449366247,3.57,994b6abd1d1857bd1d449ffec040fd3889c5580a61d71058041a0e3aa114fe56,53.01979752689721,15.58466004560262,0.0
OKKJLVBELUTLKV-UHFFFAOYSA-N,/tmp/r5work/native/OKKJLVBELUTLKV-UHFFFAOYSA-N/tz_iswig,coincident4,9aedb9bca8a561cfc96d91663def512f2e2f928a2552b452bfcc0d4af9d290df,0.28688895059939284,0.2777094887462674,7.700056759459492e-05,20.02184761546765,68.60445757249983,48.530544642858615,1.0,-0.019307293709711792,5.3334344961096324e-05,15.802809066203956,HB-DONOR-ACCEPTOR,Hsieh,1.5191269449366247,3.57,c3275e191d62025d8eaf991d5add50999914e09925f16229aa7611165f202e12,52.99149565292463,15.612961919575204,0.0
OKKJLVBELUTLKV-UHFFFAOYSA-N,/tmp/r5work/native/OKKJLVBELUTLKV-UHFFFAOYSA-N/tz_iswig,point_limit,9aedb9bca8a561cfc96d91663def512f2e2f928a2552b452bfcc0d4af9d290df,0.2866382292854698,0.2773848650563674,7.700056759459492e-05,20.02184761546765,68.60445757249984,48.530544642858615,1.0,-0.019362137976754373,5.340176805286018e-05,15.816146119592053,HB-DONOR-ACCEPTOR,Hsieh,1.5191269449366247,3.57,c6283a47fa6a6e53ae6d1c1f3b7fb07eae7ec9a2af9099ee596e1467203c4561,52.98206132047689,15.622396252022956,0.0
OKKJLVBELUTLKV-UHFFFAOYSA-N,/tmp/r5work/native/OKKJLVBELUTLKV-UHFFFAOYSA-N/tz_swig,hsieh,9aedb9bca8a561cfc96d91663def512f2e2f928a2552b452bfcc0d4af9d290df,0.2885000973805942,0.2789005317632676,7.734487507852793e-05,19.871404113059132,68.52904334403107,48.41483284724103,1.0,-0.018812461331922756,5.31719947908849e-05,15.744408196190147,HB-DONOR-ACCEPTOR,Hsieh,1.5191269449366247,3.57,467e77e0d22c1f5aebadc80d22db56047492c29fe1910dc707558a2496e63df2,53.00983321688473,15.519210127146334,0.0
OKKJLVBELUTLKV-UHFFFAOYSA-N,/tmp/r5work/native/OKKJLVBELUTLKV-UHFFFAOYSA-N/tz_swig,coincident4,9aedb9bca8a561cfc96d91663def512f2e2f928a2552b452bfcc0d4af9d290df,0.28768412223787637,0.27787064378988463,7.734487507852793e-05,19.871404113059132,68.52904334403107,48.41483284724103,1.0,-0.01897402048606904,5.337021607572376e-05,15.783733004468054,HB-DONOR-ACCEPTOR,Hsieh,1.5191269449366247,3.57,6ad603924d712637731271f0677c025d8281130a6475d962fcdef6f0c98bb800,52.9824320092992,15.546611334731873,0.0
OKKJLVBELUTLKV-UHFFFAOYSA-N,/tmp/r5work/native/OKKJLVBELUTLKV-UHFFFAOYSA-N/tz_swig,point_limit,9aedb9bca8a561cfc96d91663def512f2e2f928a2552b452bfcc0d4af9d290df,0.28750149692962534,0.27760996026019535,7.734487507852793e-05,19.871404113059132,68.52904334403107,48.41483284724103,1.0,-0.01902838562184632,5.3436614109971935e-05,15.796958007373602,HB-DONOR-ACCEPTOR,Hsieh,1.5191269449366247,3.57,8fb23af91a6d99e6446359908db86dd5cb63aa9298ab81ef30a78964a3be0b07,52.97327434056341,15.555769003467674,0.0
PEDCQBHIVMGVHV-UHFFFAOYSA-N,/tmp/r5work/native/PEDCQBHIVMGVHV-UHFFFAOYSA-N/svp_swig,hsieh,bb6a92d072ce9b5b602dfbacfeee2fe3a78b597baf13df75202589e394778292,0.4532974749874992,0.4466361119178299,8.939103945045846e-05,50.70569908499213,131.2936680579331,108.7900120142511,1.0,-0.016268079483942405,5.636836089335552e-05,34.7595846487708,HB-DONOR-ACCEPTOR,Hsieh,1.5191269449366247,3.57,cac2ed93d5f4e04a27ea41c8e6787119788d8fb7c136f43e34c03c12a977786a,96.16559499653945,35.128073061393636,0.0
PEDCQBHIVMGVHV-UHFFFAOYSA-N,/tmp/r5work/native/PEDCQBHIVMGVHV-UHFFFAOYSA-N/svp_swig,coincident4,bb6a92d072ce9b5b602dfbacfeee2fe3a78b597baf13df75202589e394778292,0.4527215743866791,0.44619010001067744,8.939103945045846e-05,50.70569908499213,131.2936680579332,108.7900120142511,1.0,-0.01659311860950763,5.658689053909515e-05,34.91333884629541,HB-DONOR-ACCEPTOR,Hsieh,1.5191269449366247,3.57,ccbfd3305fa9eadae880023a2cf58db4c6d9646950ccb00ff7e5523b2f194074,96.08154359862094,35.212124459312236,0.0
PEDCQBHIVMGVHV-UHFFFAOYSA-N,/tmp/r5work/native/PEDCQBHIVMGVHV-UHFFFAOYSA-N/svp_swig,point_limit,bb6a92d072ce9b5b602dfbacfeee2fe3a78b597baf13df75202589e394778292,0.4525325226439512,0.44603730079672704,8.939103945045846e-05,50.70569908499213,131.29366805793316,108.7900120142511,1.0,-0.01670227274368105,5.6660063437208275e-05,34.964966781124964,HB-DONOR-ACCEPTOR,Hsieh,1.5191269449366247,3.57,92bffd47311f0f9f5651073ac691ed0c7eb61ad887351c1101bc190e01146500,96.05341922660764,35.240248831325495,0.0
PEDCQBHIVMGVHV-UHFFFAOYSA-N,/tmp/r5work/native/PEDCQBHIVMGVHV-UHFFFAOYSA-N/tz_iswig,hsieh,bb6a92d072ce9b5b602dfbacfeee2fe3a78b597baf13df75202589e394778292,0.37469695361116906,0.36602843038766664,0.00010051967048854728,52.74420440898584,131.52201246505595,108.9582481634066,1.0,-0.025516302994942897,6.295645569671119e-05,37.26312052615506,HB-DONOR-ACCEPTOR,Hsieh,1.5191269449366247,3.57,984181eadca189f8ab4af2b425f3e0eef4b0ed26a55b8f021e4d3c5e1e18e306,94.3993587217229,37.12265374333303,0.0
PEDCQBHIVMGVHV-UHFFFAOYSA-N,/tmp/r5work/native/PEDCQBHIVMGVHV-UHFFFAOYSA-N/tz_iswig,coincident4,bb6a92d072ce9b5b602dfbacfeee2fe3a78b597baf13df75202589e394778292,0.37236186636758173,0.364029750763551,0.00010051967048854728,52.74420440898584,131.52201246505592,108.9582481634066,1.0,-0.02587319623229778,6.321147930570345e-05,37.40279901150017,HB-DONOR-ACCEPTOR,Hsieh,1.5191269449366247,3.57,e9772d94cc57d1cc005470c84facc320b4a6d2b5f65f08d64906dedabf17089b,94.31136039354467,37.210652071511234,0.0
PEDCQBHIVMGVHV-UHFFFAOYSA-N,/tmp/r5work/native/PEDCQBHIVMGVHV-UHFFFAOYSA-N/tz_iswig,point_limit,bb6a92d072ce9b5b602dfbacfeee2fe3a78b597baf13df75202589e394778292,0.3716474368420529,0.36341323008853743,0.00010051967048854728,52.74420440898584,131.5220124650559,108.9582481634066,1.0,-0.025993095878526495,6.329699970169432e-05,37.44783977018639,HB-DONOR-ACCEPTOR,Hsieh,1.5191269449366247,3.57,782df0aba0628bb20d00603a4c98abad0d92714e65aa4f0ab8d5dcc45ca914ce,94.28196695119601,37.24004551385988,0.0
PEDCQBHIVMGVHV-UHFFFAOYSA-N,/tmp/r5work/native/PEDCQBHIVMGVHV-UHFFFAOYSA-N/tz_swig,hsieh,bb6a92d072ce9b5b602dfbacfeee2fe3a78b597baf13df75202589e394778292,0.3744032197430557,0.36619887948146507,0.00010081548025582922,52.86836788723757,131.29366805793313,108.7900120142511,1.0,-0.024705981925044807,6.300281549373319e-05,37.27017398954312,HB-DONOR-ACCEPTOR,Hsieh,1.5191269449366247,3.57,c73674c923ffed9c7cd0858579b88b495f13f274ed90c467168b1d47ad6d351e,94.32665493716627,36.967013120766865,0.0
PEDCQBHIVMGVHV-UHFFFAOYSA-N,/tmp/r5work/native/PEDCQBHIVMGVHV-UHFFFAOYSA-N/tz_swig,coincident4,bb6a92d072ce9b5b602dfbacfeee2fe3a78b597baf13df75202589e394778292,0.3723326059127655,0.3643132902126878,0.00010081548025582922,52.86836788723757,131.29366805793313,108.7900120142511,1.0,-0.02506737046680768,6.3252751816554e-05,37.40646756130411,HB-DONOR-ACCEPTOR,Hsieh,1.5191269449366247,3.57,7e69c4e30cd423c80e9b23aa9669f7fedc320f2ad7b2b6a17690b2490428b94f,94.24108653915232,37.05258151878079,0.0
PEDCQBHIVMGVHV-UHFFFAOYSA-N,/tmp/r5work/native/PEDCQBHIVMGVHV-UHFFFAOYSA-N/tz_swig,point_limit,bb6a92d072ce9b5b602dfbacfeee2fe3a78b597baf13df75202589e394778292,0.371620873958826,0.3636689989369115,0.00010081548025582922,52.86836788723757,131.2936680579331,108.7900120142511,1.0,-0.025188768976576348,6.333651989180729e-05,37.453880147612225,HB-DONOR-ACCEPTOR,Hsieh,1.5191269449366247,3.57,144e8afe1992effba0c025655298dff6ca0838ac7fd77f97157de88b72ea5bc1,94.21248677193744,37.08118128599567,0.0
UWHCKJMYHZGTIT-UHFFFAOYSA-N,/tmp/r5work/native/UWHCKJMYHZGTIT-UHFFFAOYSA-N/svp_swig,hsieh,0e5ea49081ce79eb04db275df31d223f433847ab64c89e12c75fc5df03f830af,0.2830418432730939,0.26338656155870194,5.7561756758476345e-05,59.252362380026625,262.24508954187104,235.0263327736866,1.0,-0.029069712231175104,3.650062717765707e-05,38.05100436188907,HB-DONOR-ACCEPTOR,Hsieh,1.5191269449366247,3.57,348e471ef9e58921d46ea1bd79db9f117bcbf1c9d8c05190e127454c74c6ce1f,222.23265887989726,25.646829059819773,14.36560160215401
UWHCKJMYHZGTIT-UHFFFAOYSA-N,/tmp/r5work/native/UWHCKJMYHZGTIT-UHFFFAOYSA-N/svp_swig,coincident4,0e5ea49081ce79eb04db275df31d223f433847ab64c89e12c75fc5df03f830af,0.28287430441269473,0.2629991896582069,5.7561756758476345e-05,59.252362380026625,262.24508954187104,235.0263327736866,1.0,-0.029588124770821622,3.6639012861037064e-05,38.19794470524273,HB-DONOR-ACCEPTOR,Hsieh,1.5191269449366247,3.57,6d78eb4d580093e50bcb393fde81a9f207f16868d94ade568889ce3027391033,222.1371577498106,25.704669811133243,14.403261980927159
UWHCKJMYHZGTIT-UHFFFAOYSA-N,/tmp/r5work/native/UWHCKJMYHZGTIT-UHFFFAOYSA-N/svp_swig,point_limit,0e5ea49081ce79eb04db275df31d223f433847ab64c89e12c75fc5df03f830af,0.2828208666432468,0.2628535797254551,5.7561756758476345e-05,59.252362380026625,262.2450895418711,235.0263327736866,1.0,-0.029762394523240976,3.668535896216658e-05,38.24708211164766,HB-DONOR-ACCEPTOR,Hsieh,1.5191269449366247,3.57,fedfeccdc03a6bddaa931de45f92e980de81cb6d87c9cb33f4b48f37eecb77d5,222.10519664988098,25.72402675429796,14.41586613769216
UWHCKJMYHZGTIT-UHFFFAOYSA-N,/tmp/r5work/native/UWHCKJMYHZGTIT-UHFFFAOYSA-N/tz_iswig,hsieh,0e5ea49081ce79eb04db275df31d223f433847ab64c89e12c75fc5df03f830af,0.36393779713584307,0.34548233539792683,6.473901469350506e-05,61.576212856465716,262.63769292584914,235.5194929619332,1.0,-0.04094983495303206,4.1120462070635375e-05,41.84726700669104,HB-DONOR-ACCEPTOR,Hsieh,1.5191269449366247,3.57,68cfc56b48ec0386358c7af0b1a9574961e246580ec2bfd4f72b08e25254357f,220.2835000994826,27.35754005839143,14.996652767975107
UWHCKJMYHZGTIT-UHFFFAOYSA-N,/tmp/r5work/native/UWHCKJMYHZGTIT-UHFFFAOYSA-N/tz_iswig,coincident4,0e5ea49081ce79eb04db275df31d223f433847ab64c89e12c75fc5df03f830af,0.3654949959319248,0.34719861785601436,6.473901469350506e-05,61.576212856465716,262.63769292584914,235.5194929619332,1.0,-0.04154863435782519,4.1283789381271426e-05,42.01230639922512,HB-DONOR-ACCEPTOR,Hsieh,1.5191269449366247,3.57,31ccef824caef044ee9d7eeb44985802bea26a2ccd0af00666678e7f9fd7897b,220.18529153841774,27.417737864883577,15.034663522547845
UWHCKJMYHZGTIT-UHFFFAOYSA-N,/tmp/r5work/native/UWHCKJMYHZGTIT-UHFFFAOYSA-N/tz_iswig,point_limit,0e5ea49081ce79eb04db275df31d223f433847ab64c89e12c75fc5df03f830af,0.36599982916678636,0.34777056343122925,6.473901469350506e-05,61.576212856465716,262.63769292584897,235.5194929619332,1.0,-0.0417500568444687,4.1338537881151745e-05,42.06858203154306,HB-DONOR-ACCEPTOR,Hsieh,1.5191269449366247,3.57,f82798f296958612024f0bb827693d100da004f3fbd9d4c828786e7702daaf26,220.15244772882326,27.437861462320193,15.047383734705575
UWHCKJMYHZGTIT-UHFFFAOYSA-N,/tmp/r5work/native/UWHCKJMYHZGTIT-UHFFFAOYSA-N/tz_swig,hsieh,0e5ea49081ce79eb04db275df31d223f433847ab64c89e12c75fc5df03f830af,0.373600003463484,0.35462093428460395,6.509464918979126e-05,61.12014243387177,262.24508954187087,235.0263327736866,1.0,-0.03891180621894896,4.110058250699548e-05,41.76911584738875,HB-DONOR-ACCEPTOR,Hsieh,1.5191269449366247,3.57,737fc7b4e21e3fb40e3c1cd5df11b49f4413df4935322438e6e5f3d395f4dc26,220.12499614677822,27.216591823107,14.903501571985664
UWHCKJMYHZGTIT-UHFFFAOYSA-N,/tmp/r5work/native/UWHCKJMYHZGTIT-UHFFFAOYSA-N/tz_swig,coincident4,0e5ea49081ce79eb04db275df31d223f433847ab64c89e12c75fc5df03f830af,0.37497455570681587,0.35634386250443506,6.509464918979126e-05,61.12014243387177,262.2450895418711,235.0263327736866,1.0,-0.039517319433535814,4.1260002599350356e-05,41.92644665620249,HB-DONOR-ACCEPTOR,Hsieh,1.5191269449366247,3.57,f7bc782d5bbc5990775a262c549b9dd439c4b295263c3d27a1e25ef495db8e17,220.03011376269205,27.274825971039718,14.940149808139306
UWHCKJMYHZGTIT-UHFFFAOYSA-N,/tmp/r5work/native/UWHCKJMYHZGTIT-UHFFFAOYSA-N/tz_swig,point_limit,0e5ea49081ce79eb04db275df31d223f433847ab64c89e12c75fc5df03f830af,0.37542662171467617,0.35691973132748844,6.509464918979126e-05,61.12014243387177,262.24508954187087,235.0263327736866,1.0,-0.039720967371829674,4.131343383302562e-05,41.97804694416396,HB-DONOR-ACCEPTOR,Hsieh,1.5191269449366247,3.57,a1126b6d90abcb1ded3c61391787dffb63e986295bdbf421818ee66a49a77258,219.99838155992353,27.29429354517671,14.952414436770646
WYURNTSHIVDZCO-UHFFFAOYSA-N,/tmp/r5work/native/WYURNTSHIVDZCO-UHFFFAOYSA-N/svp_swig,hsieh,463b7eebf28bee78a4a711d1d4155672497b14b9c025bb435e3331f77bac18b1,0.2602879909481939,0.258535854465207,2.6810526962591878e-05,10.212629928573449,114.79301069047587,97.50427161645956,1.0,-0.021618743160824017,1.833385644174193e-05,7.825264752649463,HB-ACCEPTOR,Hsieh,1.5191269449366247,3.57,29074117e1d73bd3bd269ec783f9e20a2cf9a76c056288df635c58498939933e,107.08732260724909,0.0,7.7056880832267725
WYURNTSHIVDZCO-UHFFFAOYSA-N,/tmp/r5work/native/WYURNTSHIVDZCO-UHFFFAOYSA-N/svp_swig,coincident4,463b7eebf28bee78a4a711d1d4155672497b14b9c025bb435e3331f77bac18b1,0.2562074819556529,0.2544769809533063,2.6810526962591878e-05,10.212629928573449,114.79301069047574,97.50427161645956,1.0,-0.021784521652602654,1.8401551456166073e-05,7.85341001151191,HB-ACCEPTOR,Hsieh,1.5191269449366247,3.57,fdda52cb7908bc107d5382d650bc7b805b6bff8d859b901f3b8e511b9f744adb,107.07352961291124,0.0,7.719481077564488
WYURNTSHIVDZCO-UHFFFAOYSA-N,/tmp/r5work/native/WYURNTSHIVDZCO-UHFFFAOYSA-N/svp_swig,point_limit,463b7eebf28bee78a4a711d1d4155672497b14b9c025bb435e3331f77bac18b1,0.2548684668513385,0.25314528088072563,2.6810526962591878e-05,10.212629928573449,114.79301069047565,97.50427161645956,1.0,-0.021840276885320878,1.8424261038007526e-05,7.8628870596793865,HB-ACCEPTOR,Hsieh,1.5191269449366247,3.57,a171ba0beb43ba3bf4709fc17aa876eee11bfd71ccffc4b0b3c270901b28e5ca,107.06890960062415,0.0,7.724101089851501
WYURNTSHIVDZCO-UHFFFAOYSA-N,/tmp/r5work/native/WYURNTSHIVDZCO-UHFFFAOYSA-N/tz_iswig,hsieh,463b7eebf28bee78a4a711d1d4155672497b14b9c025bb435e3331f77bac18b1,0.13267286083355156,0.1321906358854925,3.052290353713618e-05,10.496212499653767,114.91035461973868,97.8045499660406,1.0,-0.02714948306017753,2.055886676017145e-05,8.388326737831516,HB-ACCEPTOR,Hsieh,1.5191269449366247,3.57,e5689145d5c0b0686c944541c2a812bc51361e5cba968bc5e2efe6136cc1250f,106.830814816144,0.0,8.079539803594681
WYURNTSHIVDZCO-UHFFFAOYSA-N,/tmp/r5work/native/WYURNTSHIVDZCO-UHFFFAOYSA-N/tz_iswig,coincident4,463b7eebf28bee78a4a711d1d4155672497b14b9c025bb435e3331f77bac18b1,0.13178467094261462,0.13128812436944623,3.052290353713618e-05,10.496212499653767,114.9103546197388,97.8045499660406,1.0,-0.027355938447020098,2.0640961980674852e-05,8.404643122983707,HB-ACCEPTOR,Hsieh,1.5191269449366247,3.57,e7c8e8b324129b3b85a21b77d878d5b2709d24c6eb2fb24b05c5007725b3b4e9,106.8167899622716,0.0,8.093564657467196
WYURNTSHIVDZCO-UHFFFAOYSA-N,/tmp/r5work/native/WYURNTSHIVDZCO-UHFFFAOYSA-N/tz_iswig,point_limit,463b7eebf28bee78a4a711d1d4155672497b14b9c025bb435e3331f77bac18b1,0.13148365897499975,0.13098227691203324,3.052290353713618e-05,10.496212499653767,114.91035461973877,97.8045499660406,1.0,-0.027425437776015985,2.0668538776422205e-05,8.41013275285172,HB-ACCEPTOR,Hsieh,1.5191269449366247,3.57,71de5730f327500f616625bae0a526e6b28fbde5fda645e7c76a72123acf9eea,106.81211577563732,0.0,8.098238844101445
WYURNTSHIVDZCO-UHFFFAOYSA-N,/tmp/r5work/native/WYURNTSHIVDZCO-UHFFFAOYSA-N/tz_swig,hsieh,463b7eebf28bee78a4a711d1d4155672497b14b9c025bb435e3331f77bac18b1,0.1365310909483089,0.13546757348635377,3.076586203993137e-05,10.209281076706926,114.79301069047577,97.50427161645956,1.0,-0.02657041144683825,2.0518044632799778e-05,8.357197464009118,HB-ACCEPTOR,Hsieh,1.5191269449366247,3.57,37c29730d03605c689bc8a33b54fa97fdbd6202232a813d0fe516d007dc5b89b,106.77425325986546,0.0,8.018757430610302
WYURNTSHIVDZCO-UHFFFAOYSA-N,/tmp/r5work/native/WYURNTSHIVDZCO-UHFFFAOYSA-N/tz_swig,coincident4,463b7eebf28bee78a4a711d1d4155672497b14b9c025bb435e3331f77bac18b1,0.13702562933834836,0.13596208555791087,3.076586203993137e-05,10.209281076706926,114.79301069047574,97.50427161645956,1.0,-0.026771780214372806,2.0598116457374494e-05,8.372812625234012,HB-ACCEPTOR,Hsieh,1.5191269449366247,3.57,f649059b6ff2f0cf12c31ad66368d809770de8e97a9db4ce0d7f460ca2c006ec,106.76095825168544,0.0,8.032052438790306
WYURNTSHIVDZCO-UHFFFAOYSA-N,/tmp/r5work/native/WYURNTSHIVDZCO-UHFFFAOYSA-N/tz_swig,point_limit,463b7eebf28bee78a4a711d1d4155672497b14b9c025bb435e3331f77bac18b1,0.1373387968285602,0.13627346409725277,3.076586203993137e-05,10.209281076706926,114.79301069047582,97.50427161645956,1.0,-0.026839545568151907,2.0624989115527593e-05,8.378077153874067,HB-ACCEPTOR,Hsieh,1.5191269449366247,3.57,b264e162f4e62576dfd613b047c54ca552924a554371e3c1cf16605d67e65b60,106.75651663584931,0.0,8.036494054626509
XLYOFNOQVPJJNP-UHFFFAOYSA-N,/tmp/r5work/native/XLYOFNOQVPJJNP-UHFFFAOYSA-N/svp_swig,hsieh,15bc6ebe67d41672a1b2cbe7af48b5d59dd38b5e8ec5e74f19c571db57b81dce,0.5371663655899079,0.5326071577703775,0.00014920518426200555,29.680580280255533,43.202925429343466,25.558639036749597,1.0,-0.005559924538720201,0.00011041389325631434,24.907633434324154,H2O,Hsieh,1.5191269449366247,3.57,720e42a69229b70668c798251ac25d14d521062b4c232508a1fec01a2696a660,19.386141578158664,23.816783851184802,0.0
XLYOFNOQVPJJNP-UHFFFAOYSA-N,/tmp/r5work/native/XLYOFNOQVPJJNP-UHFFFAOYSA-N/svp_swig,coincident4,15bc6ebe67d41672a1b2cbe7af48b5d59dd38b5e8ec5e74f19c571db57b81dce,0.5365669256197911,0.532003062808093,0.00014920518426200555,29.680580280255533,43.20292542934348,25.558639036749597,1.0,-0.005696788769607691,0.00011074233531333126,24.94545784121147,H2O,Hsieh,1.5191269449366247,3.57,07af37eda1ae96641a00ae9e88c31043e5dd5a48a285be64f97d4017a377f6ec,19.349687555049762,23.853237874293715,0.0
XLYOFNOQVPJJNP-UHFFFAOYSA-N,/tmp/r5work/native/XLYOFNOQVPJJNP-UHFFFAOYSA-N/svp_swig,point_limit,15bc6ebe67d41672a1b2cbe7af48b5d59dd38b5e8ec5e74f19c571db57b81dce,0.5361853441207834,0.5316101917789828,0.00014920518426200555,29.680580280255533,43.202925429343445,25.558639036749597,1.0,-0.0057426028927068384,0.0001108522435506005,24.957418734599777,H2O,Hsieh,1.5191269449366247,3.57,502edf4684213317e6950fc704198ca8bc9d74a80fc7822ecf0fcfb05b29f4bc,19.337530003518502,23.865395425824943,0.0
XLYOFNOQVPJJNP-UHFFFAOYSA-N,/tmp/r5work/native/XLYOFNOQVPJJNP-UHFFFAOYSA-N/tz_iswig,hsieh,15bc6ebe67d41672a1b2cbe7af48b5d59dd38b5e8ec5e74f19c571db57b81dce,0.3550599046153648,0.34968499009036125,0.00017776590206895645,31.385057907909918,43.12989192873107,25.52895723171453,1.0,-0.012982202767548634,0.00012952227692922805,26.547812012276815,H2O,Hsieh,1.5191269449366247,3.57,8d80b9ff0f6e5b01065a588cc7ab248ab145c6cc1a37da6d47daf2828f8665a2,17.468619405504008,25.66127252322706,0.0
XLYOFNOQVPJJNP-UHFFFAOYSA-N,/tmp/r5work/native/XLYOFNOQVPJJNP-UHFFFAOYSA-N/tz_iswig,coincident4,15bc6ebe67d41672a1b2cbe7af48b5d59dd38b5e8ec5e74f19c571db57b81dce,0.3547486543703062,0.34816039362207746,0.00017776590206895645,31.385057907909918,43.12989192873104,25.52895723171453,1.0,-0.013131273065015714,0.00012992857380434287,26.598710542793583,H2O,Hsieh,1.5191269449366247,3.57,3707b8ed8375d811ead74d6326219747afa0373037a9c0da188323a8e8df44d1,17.430752697295027,25.69913923143602,0.0
XLYOFNOQVPJJNP-UHFFFAOYSA-N,/tmp/r5work/native/XLYOFNOQVPJJNP-UHFFFAOYSA-N/tz_iswig,point_limit,15bc6ebe67d41672a1b2cbe7af48b5d59dd38b5e8ec5e74f19c571db57b81dce,0.3546796785727278,0.34769340329478116,0.00017776590206895645,31.385057907909918,43.12989192873107,25.52895723171453,1.0,-0.013181189432582507,0.00013006455141323747,26.613454386743015,H2O,Hsieh,1.5191269449366247,3.57,f8774e864199650fd5bd36fd13fa3ed019edff6410cb45a1ca42a3ca891d0e77,17.418120991057148,25.71177093767392,0.0
XLYOFNOQVPJJNP-UHFFFAOYSA-N,/tmp/r5work/native/XLYOFNOQVPJJNP-UHFFFAOYSA-N/tz_swig,hsieh,15bc6ebe67d41672a1b2cbe7af48b5d59dd38b5e8ec5e74f19c571db57b81dce,0.3591519319066665,0.35440286547613875,0.00017733751484627327,31.249197212459293,43.202925429343466,25.558639036749597,1.0,-0.012839431652039573,0.0001289957129376734,26.471764388259228,H2O,Hsieh,1.5191269449366247,3.57,e676f6e4f41b75c66e415bd0e2dd4f59016afd995c75bb0f56aa93fd3c063f4d,17.633845113244533,25.569080316098937,0.0
XLYOFNOQVPJJNP-UHFFFAOYSA-N,/tmp/r5work/native/XLYOFNOQVPJJNP-UHFFFAOYSA-N/tz_swig,coincident4,15bc6ebe67d41672a1b2cbe7af48b5d59dd38b5e8ec5e74f19c571db57b81dce,0.3590988232692255,0.35320481630116485,0.00017733751484627327,31.249197212459293,43.20292542934345,25.558639036749597,1.0,-0.012991005860131105,0.0001293952404149619,26.52593514323971,H2O,Hsieh,1.5191269449366247,3.57,1685dfa00a13552c1dbf028f26b8c14da4cdbce1d81eb97535a9a45fa51144e4,17.59660768825698,25.606317741086475,0.0
XLYOFNOQVPJJNP-UHFFFAOYSA-N,/tmp/r5work/native/XLYOFNOQVPJJNP-UHFFFAOYSA-N/tz_swig,point_limit,15bc6ebe67d41672a1b2cbe7af48b5d59dd38b5e8ec5e74f19c571db57b81dce,0.3589951946326327,0.35270637487703804,0.00017733751484627327,31.249197212459293,43.20292542934345,25.558639036749597,1.0,-0.013041758022791283,0.0001295287580520539,26.544097234110108,H2O,Hsieh,1.5191269449366247,3.57,87a6b8da020f7fe37247b4a512d9bcba56286f2d207cd873f48dcbebd5879f52,17.584155347435185,25.618770081908266,0.0
XNWFRZJHXBZDAG-UHFFFAOYSA-N,/tmp/r5work/native/XNWFRZJHXBZDAG-UHFFFAOYSA-N/svp_swig,hsieh,e3a3e2997fa5d0b8238f68751fa6835db2aca76b0ddaaa4affb07ca0ba13dfab,0.4036148829716001,0.3979709282478923,5.4333858741417056e-05,26.94956951730437,124.4316638710969,100.58340008076841,1.0,-0.020796454074450466,3.5558541551562526e-05,19.4380575458674,HB-DONOR-ACCEPTOR,Hsieh,1.5191269449366247,3.57,56193e9a1e2bbf51112a32fdd29441d89caed80d5535a39805535320254c8f64,104.70755497122417,14.027840597118837,5.696268302753876
XNWFRZJHXBZDAG-UHFFFAOYSA-N,/tmp/r5work/native/XNWFRZJHXBZDAG-UHFFFAOYSA-N/svp_swig,coincident4,e3a3e2997fa5d0b8238f68751fa6835db2aca76b0ddaaa4affb07ca0ba13dfab,0.40025551118591884,0.3946851356317814,5.4333858741417056e-05,26.94956951730437,124.43166387109676,100.58340008076841,1.0,-0.02101903237397379,3.569777350214372e-05,19.51686078371497,HB-DONOR-ACCEPTOR,Hsieh,1.5191269449366247,3.57,949fd6b7d92864697251d2c32564a6473ebe8aa1387a76cd216ed723664e68f6,104.663465675405,14.054768591593284,5.713429604098485
XNWFRZJHXBZDAG-UHFFFAOYSA-N,/tmp/r5work/native/XNWFRZJHXBZDAG-UHFFFAOYSA-N/svp_swig,point_limit,e3a3e2997fa5d0b8238f68751fa6835db2aca76b0ddaaa4affb07ca0ba13dfab,0.3991371238757368,0.3935342934030772,5.4333858741417056e-05,26.94956951730437,124.43166387109679,100.58340008076841,1.0,-0.02109366790636552,3.574438438569615e-05,19.542983020444296,HB-DONOR-ACCEPTOR,Hsieh,1.5191269449366247,3.57,53fd8b066233181bd7dbad394285852f02f8769ac8a2bc07b5a1435bd1308f26,104.64871612066835,14.063780188953388,5.719167561475021
XNWFRZJHXBZDAG-UHFFFAOYSA-N,/tmp/r5work/native/XNWFRZJHXBZDAG-UHFFFAOYSA-N/tz_iswig,hsieh,e3a3e2997fa5d0b8238f68751fa6835db2aca76b0ddaaa4affb07ca0ba13dfab,0.19585595479093165,0.18698365885615378,6.132786069896435e-05,28.288097859178606,124.63484447508452,100.8523831492408,1.0,-0.02827633948725869,3.985554803734865e-05,20.914345585133695,HB-DONOR-ACCEPTOR,Hsieh,1.5191269449366247,3.57,577cf8f291615fc3277dc85f915a0e79d5186588b5a16aaa9f1bcfeef28959db,103.81043414619376,14.820630755167032,6.00377957372373
XNWFRZJHXBZDAG-UHFFFAOYSA-N,/tmp/r5work/native/XNWFRZJHXBZDAG-UHFFFAOYSA-N/tz_iswig,coincident4,e3a3e2997fa5d0b8238f68751fa6835db2aca76b0ddaaa4affb07ca0ba13dfab,0.1930147783719011,0.18435796373374713,6.132786069896435e-05,28.288097859178606,124.63484447508452,100.8523831492408,1.0,-0.02854027191151043,4.0021563536641886e-05,20.98089670094454,HB-DONOR-ACCEPTOR,Hsieh,1.5191269449366247,3.57,5d7cd56abad7b61b0057a68464b465d5aa59c72645b87906b1d50b6d6b8250d3,103.76518600238803,14.848429301254965,6.021229171441526
XNWFRZJHXBZDAG-UHFFFAOYSA-N,/tmp/r5work/native/XNWFRZJHXBZDAG-UHFFFAOYSA-N/tz_iswig,point_limit,e3a3e2997fa5d0b8238f68751fa6835db2aca76b0ddaaa4affb07ca0ba13dfab,0.19205814330923587,0.18349037819480368,6.132786069896435e-05,28.288097859178606,124.63484447508453,100.8523831492408,1.0,-0.02862885659967157,4.007718124645525e-05,21.00353775240934,HB-DONOR-ACCEPTOR,Hsieh,1.5191269449366247,3.57,ce47f34cd200311a6d6af169f4f0a1f20adca78baa600d8ddd60685e00249825,103.75005034116396,14.857715745629855,6.027078388290714
XNWFRZJHXBZDAG-UHFFFAOYSA-N,/tmp/r5work/native/XNWFRZJHXBZDAG-UHFFFAOYSA-N/tz_swig,hsieh,e3a3e2997fa5d0b8238f68751fa6835db2aca76b0ddaaa4affb07ca0ba13dfab,0.18675928492457783,0.17844344444162505,6.169980219442266e-05,28.120829324422807,124.43166387109692,100.58340008076841,1.0,-0.02765019019613643,3.988243959342272e-05,20.952303458728757,HB-DONOR-ACCEPTOR,Hsieh,1.5191269449366247,3.57,74eb8539953c60a34d8be71071e483ebfa291ac5c862c91dfa3edf21c1bdb1fc,103.714654489102,14.76451693942797,5.9524924425669585
XNWFRZJHXBZDAG-UHFFFAOYSA-N,/tmp/r5work/native/XNWFRZJHXBZDAG-UHFFFAOYSA-N/tz_swig,coincident4,e3a3e2997fa5d0b8238f68751fa6835db2aca76b0ddaaa4affb07ca0ba13dfab,0.1836462485294965,0.17557039885437276,6.169980219442266e-05,28.120829324422807,124.43166387109687,100.58340008076841,1.0,-0.027916366567326267,4.004515886044154e-05,21.018323513948012,HB-DONOR-ACCEPTOR,Hsieh,1.5191269449366247,3.57,4ca77dd3e1cba54fb79c121625f7d00769f83f310fc632f743a994101519b0e5,103.67096397354968,14.791450712650423,5.969249184896755
XNWFRZJHXBZDAG-UHFFFAOYSA-N,/tmp/r5work/native/XNWFRZJHXBZDAG-UHFFFAOYSA-N/tz_swig,point_limit,e3a3e2997fa5d0b8238f68751fa6835db2aca76b0ddaaa4affb07ca0ba13dfab,0.1825568550486878,0.1745670644741751,6.169980219442266e-05,28.120829324422807,124.43166387109684,100.58340008076841,1.0,-0.028005696244294664,4.009969348908206e-05,21.040436642969922,HB-DONOR-ACCEPTOR,Hsieh,1.5191269449366247,3.57,5dfa09e95dac142b8a4b4098b8bd1ad5dc5fa9d92e1ba2f4e74017ec949c38b6,103.65635569353199,14.800455933636526,5.974852243928332
XTHFKEDIFFGKHM-UHFFFAOYSA-N,/tmp/r5work/native/XTHFKEDIFFGKHM-UHFFFAOYSA-N/svp_swig,hsieh,3e6bb834b5bcfce90da7662079bfb732efde054cdff05af97061e07a8ae95f24,0.40769074833814933,0.4070922920782064,3.414011220119414e-05,17.26125286939429,146.96166487606712,121.94744051335209,1.0,-0.025307663066076763,2.3684281413130468e-05,13.376208541812222,HB-ACCEPTOR,Hsieh,1.5191269449366247,3.57,e8e585cc107cfedc9b8253e653b3def76f6146b8af923b582f4314bdfac100f1,133.99234010719897,0.0,12.96932476886816
XTHFKEDIFFGKHM-UHFFFAOYSA-N,/tmp/r5work/native/XTHFKEDIFFGKHM-UHFFFAOYSA-N/svp_swig,coincident4,3e6bb834b5bcfce90da7662079bfb732efde054cdff05af97061e07a8ae95f24,0.4035755231501124,0.4029775693176935,3.414011220119414e-05,17.26125286939429,146.96166487606726,121.94744051335209,1.0,-0.025518638834965357,2.376212387385355e-05,13.427727160265956,HB-ACCEPTOR,Hsieh,1.5191269449366247,3.57,c2eb591e7a17a46e0e2be1f8ac2c533b17fddfb54ba994b4e3de6c6d77d1b1ce,133.9685301018121,0.0,12.993134774255179
XTHFKEDIFFGKHM-UHFFFAOYSA-N,/tmp/r5work/native/XTHFKEDIFFGKHM-UHFFFAOYSA-N/svp_swig,point_limit,3e6bb834b5bcfce90da7662079bfb732efde054cdff05af97061e07a8ae95f24,0.4021865786202096,0.4015887876161659,3.414011220119414e-05,17.26125286939429,146.96166487606726,121.94744051335209,1.0,-0.025589507253929417,2.378824286080355e-05,13.445350113740634,HB-ACCEPTOR,Hsieh,1.5191269449366247,3.57,02db49071d07ac1d179955a8c20d971c0279e77952d760eae33ef92656949540,133.96055466091622,0.0,13.001110215151057
XTHFKEDIFFGKHM-UHFFFAOYSA-N,/tmp/r5work/native/XTHFKEDIFFGKHM-UHFFFAOYSA-N/tz_iswig,hsieh,3e6bb834b5bcfce90da7662079bfb732efde054cdff05af97061e07a8ae95f24,0.24408779078532403,0.2437372511352558,3.918669741423725e-05,18.118687074957403,146.9655067600865,122.12786831999723,1.0,-0.03236351269056073,2.701804568661875e-05,14.511781787782386,HB-ACCEPTOR,Hsieh,1.5191269449366247,3.57,d3b1e283ecf0c4dd5cca2f749e65ac92b1227d997d3d2a314f098d2d86325fee,133.2339333949093,0.0,13.731573365177203
XTHFKEDIFFGKHM-UHFFFAOYSA-N,/tmp/r5work/native/XTHFKEDIFFGKHM-UHFFFAOYSA-N/tz_iswig,coincident4,3e6bb834b5bcfce90da7662079bfb732efde054cdff05af97061e07a8ae95f24,0.24330904460800695,0.24296039194480412,3.918669741423725e-05,18.118687074957403,146.96550676008633,122.12786831999723,1.0,-0.03263017170960647,2.7114694610066966e-05,14.536659316012017,HB-ACCEPTOR,Hsieh,1.5191269449366247,3.57,c7093a4e5bb0f33314173d4e521d1e8e1aa0f9acccaa723b22b3e0e73472492c,133.20977613863863,0.0,13.755730621447698
XTHFKEDIFFGKHM-UHFFFAOYSA-N,/tmp/r5work/native/XTHFKEDIFFGKHM-UHFFFAOYSA-N/tz_iswig,point_limit,3e6bb834b5bcfce90da7662079bfb732efde054cdff05af97061e07a8ae95f24,0.2430773155883088,0.24272928894255222,3.918669741423725e-05,18.118687074957403,146.96550676008633,122.12786831999723,1.0,-0.03271982339571877,2.714712887153423e-05,14.545761910450233,HB-ACCEPTOR,Hsieh,1.5191269449366247,3.57,69a7857de36aea1cfd7b179f7835b88f69a7ddcfa499a5141c5049f810ddc74b,133.2016958145595,0.0,13.763810945526803
XTHFKEDIFFGKHM-UHFFFAOYSA-N,/tmp/r5work/native/XTHFKEDIFFGKHM-UHFFFAOYSA-N/tz_swig,hsieh,3e6bb834b5bcfce90da7662079bfb732efde054cdff05af97061e07a8ae95f24,0.23456114694763938,0.23408086530887584,3.9526977093990936e-05,17.578826673520886,146.96166487606715,121.94744051335209,1.0,-0.03142054199624569,2.696351000404177e-05,14.351476657779335,HB-ACCEPTOR,Hsieh,1.5191269449366247,3.57,1b078cd782da558771fb50e4c4dda341d3ff0872f40091d1fce6ceaf956226ae,133.36609652977478,0.0,13.595568346292364
XTHFKEDIFFGKHM-UHFFFAOYSA-N,/tmp/r5work/native/XTHFKEDIFFGKHM-UHFFFAOYSA-N/tz_swig,coincident4,3e6bb834b5bcfce90da7662079bfb732efde054cdff05af97061e07a8ae95f24,0.23564097680953042,0.23516287011722958,3.9526977093990936e-05,17.578826673520886,146.9616648760672,121.94744051335209,1.0,-0.031688921655274704,2.7058280346538265e-05,14.374679009966304,HB-ACCEPTOR,Hsieh,1.5191269449366247,3.57,b77ace197061408d659f4e186885de63b4bef345a288266d93c3f829bf531cc5,133.34298799752082,0.0,13.618676878546388
XTHFKEDIFFGKHM-UHFFFAOYSA-N,/tmp/r5work/native/XTHFKEDIFFGKHM-UHFFFAOYSA-N/tz_swig,point_limit,3e6bb834b5bcfce90da7662079bfb732efde054cdff05af97061e07a8ae95f24,0.23600556998279226,0.235528185066476,3.9526977093990936e-05,17.578826673520886,146.96166487606718,121.94744051335209,1.0,-0.03177915137813797,2.7090080150227387e-05,14.38248862399342,HB-ACCEPTOR,Hsieh,1.5191269449366247,3.57,935c3d3edbebc26c458eeb62d3723bdc4614af6eb3cb1067c2416bfe61183513,133.33526335551787,0.0,13.626401520549301
ZIBGPFATKBEMQZ-UHFFFAOYSA-N,/tmp/r5work/native/ZIBGPFATKBEMQZ-UHFFFAOYSA-N/svp_swig,hsieh,8e4a8482910b65108103553b7135d997351c7738e43673db4f7baabac039da4b,0.33943316902333287,0.3196214445807879,5.522272178944324e-05,46.727906894857725,208.19953277717497,182.59519050179316,1.0,-0.025815649258595086,3.131273168214816e-05,24.721271488621134,HB-DONOR-ACCEPTOR,Hsieh,1.5191269449366247,3.57,4ea982129edb7bae7db572d745020b972d24adc2c0bef62a1b4aad5760daa54f,179.07690196225974,23.229669734434218,5.89296108048098
ZIBGPFATKBEMQZ-UHFFFAOYSA-N,/tmp/r5work/native/ZIBGPFATKBEMQZ-UHFFFAOYSA-N/svp_swig,coincident4,8e4a8482910b65108103553b7135d997351c7738e43673db4f7baabac039da4b,0.3370054161547001,0.3171948875188886,5.522272178944324e-05,46.727906894857725,208.19953277717494,182.59519050179316,1.0,-0.026250900938807276,3.145890450976888e-05,24.882053698794575,HB-DONOR-ACCEPTOR,Hsieh,1.5191269449366247,3.57,e0c849b5fb6bade498b6b3e5a2c44e0788916858e7f1e3e59e371fa4f7fc94c9,178.98374182330954,23.293130325406352,5.922660628459022
ZIBGPFATKBEMQZ-UHFFFAOYSA-N,/tmp/r5work/native/ZIBGPFATKBEMQZ-UHFFFAOYSA-N/svp_swig,point_limit,8e4a8482910b65108103553b7135d997351c7738e43673db4f7baabac039da4b,0.336205852026278,0.3163726438134116,5.522272178944324e-05,46.727906894857725,208.19953277717497,182.59519050179316,1.0,-0.026397369226906275,3.1507927894518445e-05,24.935446289121263,HB-DONOR-ACCEPTOR,Hsieh,1.5191269449366247,3.57,e107263a1bf29a4744f1b92539a51b0002fd711afc75d926cead82fef7d3e735,178.95260523273924,23.314325943634252,5.932601600801492
ZIBGPFATKBEMQZ-UHFFFAOYSA-N,/tmp/r5work/native/ZIBGPFATKBEMQZ-UHFFFAOYSA-N/tz_iswig,hsieh,8e4a8482910b65108103553b7135d997351c7738e43673db4f7baabac039da4b,0.29531954653014747,0.28010598043740714,6.278289402528861e-05,49.54690563704527,208.49381270150883,183.05862989768673,1.0,-0.03627477694748593,3.5828272285785e-05,27.961352787433135,HB-DONOR-ACCEPTOR,Hsieh,1.5191269449366247,3.57,922eb47025ddaa443a1b6459a36a7c7fd6f78ceee046c423abbea5cd9e6b3046,177.32262781608893,24.917151263222724,6.254033622197179
ZIBGPFATKBEMQZ-UHFFFAOYSA-N,/tmp/r5work/native/ZIBGPFATKBEMQZ-UHFFFAOYSA-N/tz_iswig,coincident4,8e4a8482910b65108103553b7135d997351c7738e43673db4f7baabac039da4b,0.2954475080227541,0.2807658882396302,6.278289402528861e-05,49.54690563704527,208.4938127015088,183.05862989768673,1.0,-0.03677314295411388,3.600185521561443e-05,28.1210017200196,HB-DONOR-ACCEPTOR,Hsieh,1.5191269449366247,3.57,c1efae5b08c154e3fff5e7b7b53285d3c82a061438bf282d4502e786baa91fe3,177.22563444356587,24.983532494751238,6.284645763191696
ZIBGPFATKBEMQZ-UHFFFAOYSA-N,/tmp/r5work/native/ZIBGPFATKBEMQZ-UHFFFAOYSA-N/tz_iswig,point_limit,8e4a8482910b65108103553b7135d997351c7738e43673db4f7baabac039da4b,0.29548017072695454,0.28096800119971327,6.278289402528861e-05,49.54690563704527,208.49381270150894,183.05862989768673,1.0,-0.036940927334586704,3.606011459586472e-05,28.175001796605006,HB-DONOR-ACCEPTOR,Hsieh,1.5191269449366247,3.57,f7e02e61599e97841968b6d12b0ad5950cd388c803bf81b65904aaef66161a15,177.19323190038074,25.005693680358632,6.2948871207695625
ZIBGPFATKBEMQZ-UHFFFAOYSA-N,/tmp/r5work/native/ZIBGPFATKBEMQZ-UHFFFAOYSA-N/tz_swig,hsieh,8e4a8482910b65108103553b7135d997351c7738e43673db4f7baabac039da4b,0.296982005204193,0.2832199619728596,6.314172634316394e-05,48.965297103222866,208.1995327771749,182.59519050179316,1.0,-0.03497642467013956,3.5791440228082365e-05,27.884148814564835,HB-DONOR-ACCEPTOR,Hsieh,1.5191269449366247,3.57,b9f17b06070ec426a4f0db945856c3ea883a9e3caf0eade163dd6a7688fd467a,177.20307321093208,24.787871672041852,6.208587894200961
ZIBGPFATKBEMQZ-UHFFFAOYSA-N,/tmp/r5work/native/ZIBGPFATKBEMQZ-UHFFFAOYSA-N/tz_swig,coincident4,8e4a8482910b65108103553b7135d997351c7738e43673db4f7baabac039da4b,0.2976056787368313,0.2838272682530391,6.314172634316394e-05,48.965297103222866,208.19953277717505,182.59519050179316,1.0,-0.035477639322026744,3.596119028343709e-05,28.035126430427283,HB-DONOR-ACCEPTOR,Hsieh,1.5191269449366247,3.57,83ffd2ecce7a84faf60cf05dfaf8b2f25c3867a57fbfd87c1f53c304743e71a4,177.10929185136627,24.852116025847835,6.238124899960925
ZIBGPFATKBEMQZ-UHFFFAOYSA-N,/tmp/r5work/native/ZIBGPFATKBEMQZ-UHFFFAOYSA-N/tz_swig,point_limit,8e4a8482910b65108103553b7135d997351c7738e43673db4f7baabac039da4b,0.29782699915700345,0.2840521911952135,6.314172634316394e-05,48.965297103222866,208.19953277717497,182.59519050179316,1.0,-0.03564635533052979,3.601811074095886e-05,28.08644768983644,HB-DONOR-ACCEPTOR,Hsieh,1.5191269449366247,3.57,9d8a615b2879b8e26809980ec823d5fa4cb0468f46c90945d62aa210da31c123,177.07791760259096,24.873606264715,6.248008909869002
