solvent,count,mean,min,max
AMQJEAYHLZJPGS-UHFFFAOYSA-N,49,3.401119555264143e-05,-1.7346989527849965e-05,6.546396124107456e-05
AQIXEPGDORPWBJ-UHFFFAOYSA-N,81,3.2411563952635986e-05,-7.404524025522718e-05,5.575111931288568e-05
ATHHXGZTWNVVOU-UHFFFAOYSA-N,19,0.0002383329997289892,3.2960913455948315e-05,0.0005327686347191
BDERNNFJNOPAEC-UHFFFAOYSA-N,61,5.3937773722292265e-05,-6.382174017133257e-05,0.0001157334004988
BKIMMITUMNQMOS-UHFFFAOYSA-N,6,0.003284617740953217,0.0013320769244349,0.0065124595413554
CPJRRXSHAYUTGL-UHFFFAOYSA-N,48,3.722665332369276e-05,-8.258432986552044e-05,8.453895490911911e-05
CSCPPACGZOOCGX-UHFFFAOYSA-N,2,-1.3873013275517154e-06,-6.852185575306757e-06,4.0775829202033265e-06
CTQNGGLPUBDAKN-UHFFFAOYSA-N,50,3.1094112616638634e-05,1.522297878869816e-05,5.6364075611714526e-05
DCAYPVUWAIABOU-UHFFFAOYSA-N,3,4.1330692471502894e-05,2.8587372373184428e-05,5.5967028001036034e-05
DHKHKXVYLBGOIT-UHFFFAOYSA-N,8,1.3537979432457978e-05,-1.221409840607146e-05,3.894511453494953e-05
DHXVGJBLRPWPCS-UHFFFAOYSA-N,65,1.0770166984436047e-06,-5.398780024040706e-05,2.8604569093815257e-05
DIOQZVSQGTUSAI-UHFFFAOYSA-N,6,0.0024453929520921497,0.0008599543403178,0.0059597460863849
DKGAVHZHDRPRBM-UHFFFAOYSA-N,16,2.1934978645821862e-05,-2.1324800162897395e-05,4.074941634435447e-05
DNIAPMSPPWPWGF-UHFFFAOYSA-N,12,0.0002985976458484833,0.0001221345534716,0.0006641203580919
DTOSIQBPPRVQHS-PDBXOOCHSA-N,42,7.656981010865402e-05,-1.9829538071391983e-05,0.00021534827528
FXNDIJDIPNCZQJ-UHFFFAOYSA-N,3,-6.082858466797495e-05,-6.254953645690176e-05,-5.945928161343872e-05
GHVNFZFCNZKVNT-UHFFFAOYSA-N,89,2.5930805779561738e-05,-0.0001288409574187,0.0001263473520862
GLDOVTGHNKAZLK-UHFFFAOYSA-N,105,5.4608422347582556e-05,-0.0001259047419945,0.0002105981192737
HLZKNKRTKFSKGZ-UHFFFAOYSA-N,11,3.097693858619436e-05,2.5644978451366814e-05,3.982860151963141e-05
HNVRRHSXBLFLIG-UHFFFAOYSA-N,52,3.221274835130549e-05,-0.0001539511272068,9.665242905776417e-05
HXJUTPCZVOIRIF-UHFFFAOYSA-N,50,-0.00013891220505789787,-0.00043294053952,-4.030559154814123e-05
HYBBIBNJHNGZAN-UHFFFAOYSA-N,54,0.00019771298191956818,4.9499864522517534e-05,0.0004102538401831
IAZDPXIOMUYVGZ-UHFFFAOYSA-N,16,-0.00020118407839442125,-0.0003408372945861,-6.311182083400257e-05
IMNFDUFMRHMDMM-UHFFFAOYSA-N,10,0.09625560196518977,0.0371417569541501,0.1960617924627081
IPCSVZSSVZVIGE-UHFFFAOYSA-N,62,4.33663885639182e-05,-9.592896566235076e-05,0.0001750168782941
IVSZLXZYQVIEFR-UHFFFAOYSA-N,48,2.4184869479626617e-05,-6.541258236181235e-07,5.827530352109367e-05
IWDCLRJOBJJRNH-UHFFFAOYSA-N,48,2.7248464470705228e-05,-0.0002418264650998,0.0001070820029971
JUJWROOIHBZHMG-UHFFFAOYSA-N,20,0.0001433573943795496,-4.591062934711232e-06,0.0005812259915982
JYVLIDXNZAXMDK-YFKPBYRVSA-N,45,2.8885750272354835e-05,-5.352430725952262e-05,5.710553929527684e-05
KFZMGEQAYNKOFK-UHFFFAOYSA-N,48,5.1619949439486376e-05,-3.980790111490773e-05,9.569533371722728e-05
LFQSCWFLJHTTHZ-UHFFFAOYSA-N,4,0.000169780697496025,0.0001677680091818,0.0001719977855285
LIKMAJRDDDTEIG-UHFFFAOYSA-N,3,-9.982314426074557e-05,-0.0001028032565588,-9.745707462632812e-05
LQZZUXJYWNFBMV-UHFFFAOYSA-N,16,3.360875941687408e-05,2.7089391206547297e-05,3.878420073155642e-05
LRHPLDYGYMQRHN-UHFFFAOYSA-N,56,3.915273114638217e-05,-4.7454931704604686e-05,9.10261182154315e-05
LYCAIKOWRPUZTN-UHFFFAOYSA-N,52,0.0003972623294860167,6.078345670945673e-05,0.0007483364493472
MTHSVFCYNBDYFN-UHFFFAOYSA-N,108,9.475829779523154e-05,1.7407124391511514e-06,0.0002346272427034
MWKFXSUHUHTGQN-UHFFFAOYSA-N,9,4.250952101783303e-05,3.2129111189882487e-05,5.593409262794058e-05
NHTMVDHEPJAVLT-UHFFFAOYSA-N,9,0.15821965993564227,-0.0001866103390173,0.3572501448168106
OKKJLVBELUTLKV-UHFFFAOYSA-N,37,0.00013900138190496138,6.7038931442220395e-06,0.0002762036303241
OUDFNZMQXZILJD-UHFFFAOYSA-N,3,0.00035623114420716665,0.0003494072955418,0.0003635909866464
PAFZNILMFXTMIY-UHFFFAOYSA-N,9,5.5489678523362113e-05,3.7653955909489056e-05,8.511656376541943e-05
PAYRUJLWNCNPSJ-UHFFFAOYSA-N,3,5.105047323674302e-05,4.895303819324459e-05,5.317665445231379e-05
PEDCQBHIVMGVHV-UHFFFAOYSA-N,80,0.000494337444334815,0.0001558030727877,0.0011827198002389
PHTQWCKDNZKARW-UHFFFAOYSA-N,12,2.2228101986145516e-05,-1.8070326097935352e-05,5.0102439500099294e-05
POULHZVOKOAJMA-UHFFFAOYSA-N,98,3.87376421466209e-05,-6.036856534241686e-05,0.0001545549895907
PPBRXRYQALVLMV-UHFFFAOYSA-N,40,3.6970382089165923e-05,1.4813435477212256e-05,9.311236630610288e-05
PWGJDPKCLMLPJW-UHFFFAOYSA-N,104,4.0155290974387825e-05,-3.100455584270634e-05,0.0001189365918956
QIQXTHQIDYTFRH-UHFFFAOYSA-N,72,6.534092899631065e-05,-3.2053530589756796e-05,0.0001895096481934
QPRQEDXDYOZYLA-YFKPBYRVSA-N,16,1.9246313988124236e-05,-5.7670696261058474e-05,6.05850543939912e-05
QWVGKYWNOKOFNN-UHFFFAOYSA-N,48,2.513812618986075e-05,-0.0001743004310768,0.0001025834111481
RLSSMJSEOOYNOY-UHFFFAOYSA-N,60,2.989370477470035e-05,-0.0002114908798835,0.0001100298640206
RSJKGSCJYJTIGS-UHFFFAOYSA-N,6,0.0018623090304497665,0.0008044550235177,0.0035563528502255
SECXISVLQFMRJM-UHFFFAOYSA-N,72,-3.645222708979331e-05,-0.0001212357734226,6.231668205458618e-06
TUNFSRHWOTWDNC-UHFFFAOYSA-N,103,4.957347866702907e-05,-5.555192857731317e-05,0.0001754051899665
TVMXDCGIABBOFY-UHFFFAOYSA-N,13,0.06960941547014564,0.0008571171442213,0.1850144283681594
UHOVQNZJYSORNB-UHFFFAOYSA-N,48,2.580437900673218e-05,6.911514571827926e-06,6.316069527950718e-05
URLKBWYHVLBVBO-UHFFFAOYSA-N,60,1.9835024299463126e-05,-2.338577946214837e-05,5.566695763908891e-05
UWHCKJMYHZGTIT-UHFFFAOYSA-N,49,0.00010627081223878262,3.229563611273356e-05,0.0002022038085449
VLKZOEOYAKHREP-UHFFFAOYSA-N,4,-0.000298349777185475,-0.0003099674139609,-0.0002870127900925
WEVYAHXRMPXWCK-UHFFFAOYSA-N,4,0.00018446041233377854,-0.0003420808492924,0.0010831052514195
XLYOFNOQVPJJNP-UHFFFAOYSA-N,445,0.001841984163252692,-0.0007029409072991,0.0080808021096618
XMGQYMWWDOXHJM-JTQLQIEISA-N,2,0.5682124362289996,-0.000532514063559,1.1369573865215583
XNWFRZJHXBZDAG-UHFFFAOYSA-N,24,0.00017773199541039187,5.970510522756989e-06,0.0005141603136804
XXROGKLTLUQVRX-UHFFFAOYSA-N,36,7.086622857176362e-05,-6.338610562106606e-05,0.0001662337119454
YNQLUTRBYVCPMQ-UHFFFAOYSA-N,30,0.07674894788902291,0.0010011242416261,0.2546786993395651
YPFDHNVEDLHUCE-UHFFFAOYSA-N,14,0.0005196116713459358,0.0003035645799061,0.0006998077312303
YXFVVABEGXRONW-UHFFFAOYSA-N,52,0.000100241012072416,8.211252768730581e-06,0.0023663254084169
ZHNUHDYFZUAESO-UHFFFAOYSA-N,8,0.0006525900490884125,0.0004252479437001,0.0011065906369935
ZIBGPFATKBEMQZ-UHFFFAOYSA-N,127,7.118045864131043e-05,6.210038875908985e-07,0.000192730309195
ZQPPMHVWECSIRJ-KTKRTIGZSA-N,19,5.4951298188361884e-05,3.93066045402124e-05,8.009706155887031e-05
ZSIAUFGUXNUGDI-UHFFFAOYSA-N,1,5.346326090505116e-05,5.346326090505116e-05,5.346326090505116e-05
ZXEKIIBDNHEJCQ-UHFFFAOYSA-N,16,1.8286247868752603e-05,-6.663943749418699e-05,5.668024459359877e-05
