solute,count,mean,min,max
AFFLGGQVNFXPEV-UHFFFAOYSA-N,4,8.128493364562006e-05,8.048855534537047e-05,8.186682392419264e-05
AMQJEAYHLZJPGS-UHFFFAOYSA-N,16,0.008719075018348269,0.0038086669494905,0.0279201926713326
AQIXEPGDORPWBJ-UHFFFAOYSA-N,11,0.004081270406953419,0.0037855141087552,0.0044072433102
ATHHXGZTWNVVOU-UHFFFAOYSA-N,4,-0.000167428066549775,-0.000220546478201,-0.0001045811604019
ATUOYWHBWRKTHZ-UHFFFAOYSA-N,76,5.346806623700734e-05,1.7102005542557475e-05,9.964448106347668e-05
BBDKZWKEPDTENS-UHFFFAOYSA-N,4,5.525792706545876e-05,-6.481411374115176e-05,0.0001375369227911
BDERNNFJNOPAEC-UHFFFAOYSA-N,85,0.018197209956823612,-6.58416533383388e-05,0.1847195221425703
BKIMMITUMNQMOS-UHFFFAOYSA-N,43,0.0002947973310988014,-0.0001701367343511,0.0010381106855019
BTANRVKWQNVYAZ-UHFFFAOYSA-N,20,2.2495430518477964e-05,1.5762075039060797e-06,4.9749984584124274e-05
CGHIBGNXEGJPQZ-UHFFFAOYSA-N,10,1.1140806586680367e-06,-0.0001388391246038,9.155543705485768e-05
CSCPPACGZOOCGX-UHFFFAOYSA-N,49,-5.563866612255863e-05,-0.0001272829512763,4.261265350136156e-06
CTQNGGLPUBDAKN-UHFFFAOYSA-N,20,0.00010237750647356788,-4.083507303492828e-05,0.000210854272173
CYTYCFOTNPOANT-UHFFFAOYSA-N,1,-0.0002182747274936,-0.0002182747274936,-0.0002182747274936
DHXVGJBLRPWPCS-UHFFFAOYSA-N,7,0.0034026358050182,0.0032985348425143,0.0034948594846708
DIOQZVSQGTUSAI-UHFFFAOYSA-N,57,0.00032389073349881525,-0.0002085510749938,0.0012488715171929
DKGAVHZHDRPRBM-UHFFFAOYSA-N,9,0.002438609684990567,0.002319922971,0.0025503016324464
DKPFZGUDAPQIHT-UHFFFAOYSA-N,22,0.0015477350996985677,4.487459644320069e-06,0.0042474124283433
DMEGYFMYUHOHGS-UHFFFAOYSA-N,9,0.00012231604346890325,-1.1953232956218862e-05,0.0002336901948236
DURPTKYDGMDSBL-UHFFFAOYSA-N,4,1.7485606709166657e-05,1.4618806070454404e-05,1.9630251727242864e-05
FKRCODPIKNYEAC-UHFFFAOYSA-N,10,0.0026381129530866103,0.0025675250543297,0.0026680635300273
FXHOOIRPVKKKFG-UHFFFAOYSA-N,10,0.00100705445314973,0.0009541176867451,0.001064529167549
GDOPTJXRTPNYNR-UHFFFAOYSA-N,2,6.663351056599996e-06,-0.0001316785928093,0.0001450052949225
HEDRZPFGACZZDS-UHFFFAOYSA-N,39,5.0805179276992386e-05,1.4576185756537408e-05,7.677180559306773e-05
HFPZCAJZSCWRBC-UHFFFAOYSA-N,3,3.9024920098626275e-05,-0.0001413668837038,0.0001680964590478
HGBOYTHUEUWSSQ-UHFFFAOYSA-N,7,0.002462760997742643,0.0024448300050403,0.0024758610194597
HGCIXCUEYOPUTN-UHFFFAOYSA-N,8,0.00013503927838884918,-6.345889618830647e-05,0.000195728896057
HGINCPLSRVDWNT-UHFFFAOYSA-N,15,0.00014074976502514083,7.309742235339645e-05,0.0002027875973473
HRYZWHHZPQKTII-UHFFFAOYSA-N,105,3.3002786520368264e-05,-2.3667381539776988e-05,0.0001238077922276
IAQRGUVFOMOMEM-ARJAWSKDSA-N,98,4.4893245061875244e-05,-6.960050861690159e-06,0.0001927876808562
IAQRGUVFOMOMEM-ONEGZZNKSA-N,87,4.403905131143008e-05,-3.3116571058582067e-06,0.0001951105949786
IBXNCJKFFQIKKY-UHFFFAOYSA-N,9,7.89186528539333e-06,-7.141614631789306e-05,6.108329048171157e-05
IEJIGPNLZYLLBP-UHFFFAOYSA-N,8,-3.335529417143555e-05,-0.0002927887391273,0.0001939843874254
IJDNQMDRQITEOD-UHFFFAOYSA-N,83,6.974728460922853e-05,1.3857705472464232e-05,0.0002185390389697
IKHGUXGNUITLKF-UHFFFAOYSA-N,5,-0.00043604161183786,-0.0004360647003951,-0.0004359492576089
IMNFDUFMRHMDMM-UHFFFAOYSA-N,88,0.00014875741617839474,-0.0002250740944065,0.0006998495545493
IVSZLXZYQVIEFR-UHFFFAOYSA-N,14,9.435847370577e-05,-4.1736912952727856e-05,0.0002219446842057
JRZJOMJEPLMPRA-UHFFFAOYSA-N,6,0.0006190620411069334,0.0003588526493638,0.000881209421581
JUJWROOIHBZHMG-UHFFFAOYSA-N,4,0.0015896997533820251,0.0015762178797258,0.0015993633872417
JYVLIDXNZAXMDK-UHFFFAOYSA-N,13,0.003986938428681231,0.003688398080305,0.0042648174731363
KAKZBPTYRLMSJV-UHFFFAOYSA-N,84,3.2058454677497235e-05,-3.65993418690036e-05,0.0001440917871367
KCXMKQUNVWSEMD-UHFFFAOYSA-N,15,4.212101282216422e-05,3.5180365325904184e-05,5.101475927316024e-05
KFZMGEQAYNKOFK-UHFFFAOYSA-N,46,0.0002718824998322396,-5.944698845739005e-05,0.0017235253866916
KNKRKFALVUDBJE-GSVOUGTGSA-N,1,-2.314416973580723e-06,-2.314416973580723e-06,-2.314416973580723e-06
KWKAKUADMBZCLK-UHFFFAOYSA-N,19,0.00023871479082768042,-3.358464870190092e-05,0.0007186597934261
LCGLNKUTAGEVQW-UHFFFAOYSA-N,105,-2.2510669974734233e-05,-0.0002649321744927,8.893713798938108e-05
LFQSCWFLJHTTHZ-UHFFFAOYSA-N,72,0.007568400378651809,-4.305317383235252e-05,0.187566969073452
LIKMAJRDDDTEIG-UHFFFAOYSA-N,48,8.41993041978677e-05,-2.0931578024213637e-05,0.0004420934285764
LPIQUOYDBNQMRZ-UHFFFAOYSA-N,1,-5.58639323861021e-05,-5.58639323861021e-05,-5.58639323861021e-05
LRHPLDYGYMQRHN-UHFFFAOYSA-N,77,0.0186043614584294,-2.500427939544636e-05,0.1696911872540401
MLRVZFYXUZQSRU-UHFFFAOYSA-N,4,4.569232400242207e-05,4.565849989712767e-05,4.5708119224663335e-05
MLUCVPSAIODCQM-NSCUHMNNSA-N,7,0.0008174734479492143,0.0007421484783509,0.0008718392863356
MSXVEPNJUHWQHW-UHFFFAOYSA-N,16,0.0037901664988452873,0.0035007690738178,0.004072972656731
MVPPADPHJFYWMZ-UHFFFAOYSA-N,31,6.513117786777061e-05,-7.018073612835574e-05,0.0006693045457044
MXLMTQWGSQIYOW-RXMQYKEDSA-N,10,0.0040024804889039105,0.0036747516046471,0.0043159563986083
NAMYKGVDVNBCFQ-UHFFFAOYSA-N,1,2.158294156390239e-05,2.158294156390239e-05,2.158294156390239e-05
NHTMVDHEPJAVLT-UHFFFAOYSA-N,36,7.874856040946239e-05,3.247475875023387e-05,0.0003709146764769
NKDDWNXOKDWJAK-UHFFFAOYSA-N,8,0.0001998369959790495,-6.683489546288612e-05,0.0004304780484591
NNPPMTNAJDCUHE-UHFFFAOYSA-N,85,6.418343409357515e-05,1.0629110601817482e-05,0.0002041400316259
NPNPZTNLOVBDOC-UHFFFAOYSA-N,103,2.6245661857147078e-05,-4.790528783774062e-05,6.931339485793941e-05
NQRYJNQNLNOLGT-UHFFFAOYSA-N,4,0.003864683176392175,0.0037253501103995,0.0039771508335197
OBNCKNCVKJNDBV-UHFFFAOYSA-N,7,0.004161210942308371,0.0041240367378305,0.0041817147165978
OFBQJSOFQDEBGM-UHFFFAOYSA-N,34,0.00014706393516311105,-1.3221426677589854e-05,0.000421400836676
OHLUUHNLEMFGTQ-UHFFFAOYSA-N,3,0.0006914616856723666,0.0006772599334071,0.0007049831728245
OIFBSDVPJOWBCH-UHFFFAOYSA-N,8,0.0020339955007159876,0.0017988519988811,0.0022262743699679
OKKJLVBELUTLKV-UHFFFAOYSA-N,65,0.011385870389950847,-2.378607400377319e-05,0.2576009969748831
PAFZNILMFXTMIY-UHFFFAOYSA-N,19,0.006569155862259204,-2.1936002234435037e-05,0.0163332513426892
PAYRUJLWNCNPSJ-UHFFFAOYSA-N,6,0.0016606582932119666,0.001629531051952,0.0017005216156569
PGMYKACGEOXYJE-UHFFFAOYSA-N,1,5.263764203128352e-05,5.263764203128352e-05,5.263764203128352e-05
PHTQWCKDNZKARW-UHFFFAOYSA-N,15,0.004008100534878653,0.0036608821187975,0.0043165127085051
POULHZVOKOAJMA-UHFFFAOYSA-N,6,0.0608746927932794,0.0328497272797743,0.0945462385380873
PPBRXRYQALVLMV-UHFFFAOYSA-N,5,0.00013120110545474,0.0001218087475312,0.0001399169497773
PYGSKMBEVAICCR-UHFFFAOYSA-N,2,-1.049179179257731e-06,-5.625060308034335e-05,5.415224472182789e-05
PYLWMHQQBFSUBP-UHFFFAOYSA-N,5,0.00012072841241056532,-5.706477904987573e-05,0.0005325772367035
QARVLSVVCXYDNA-UHFFFAOYSA-N,4,0.00020351001675526494,-6.92040464569943e-05,0.0007032112379201
QMMFVYPAHWMCMS-UHFFFAOYSA-N,21,0.0005524442385704488,-0.0003562424909625,0.0017569960739773
QPRQEDXDYOZYLA-YFKPBYRVSA-N,15,0.0037393251524821,0.0034900805716633,0.0039829335460961
QQONPFPTGQHPMA-UHFFFAOYSA-N,79,3.2153643827743006e-05,4.57155837901152e-06,4.8443336480352706e-05
QQZOPKMRPOGIEB-UHFFFAOYSA-N,2,0.0037390472894616,0.0037389333291946,0.0037391612497286
QSJXEFYPDANLFS-UHFFFAOYSA-N,6,-0.00019528958259605,-0.0001956128956939,-0.0001949662694982
QWVGKYWNOKOFNN-UHFFFAOYSA-N,9,0.0010137054594805332,0.0005478085968861,0.0019310225828603
RDOXTESZEPMUJZ-UHFFFAOYSA-N,25,5.640210336506524e-05,4.239217563195563e-05,6.79030473107467e-05
RFFLAFLAYFXFSW-UHFFFAOYSA-N,1,0.0008436182404212,0.0008436182404212,0.0008436182404212
RGSFGYAAUTVSQA-UHFFFAOYSA-N,21,0.00015832215118831493,-9.575076611256785e-06,0.0003313410189207
RLSSMJSEOOYNOY-UHFFFAOYSA-N,9,0.003737883455415978,0.0017594808252625,0.0067951615106536
RSJKGSCJYJTIGS-UHFFFAOYSA-N,3,0.0003708844369857748,-5.0331139854975504e-05,0.0006977556499077
RTZKZFJDLAIYFH-UHFFFAOYSA-N,23,0.0016193152878205429,2.4979465377827914e-06,0.0037893480661228
RYHBNJHYFVUHQT-UHFFFAOYSA-N,13,0.00043742052278395387,0.0001398033363784,0.0007391602718329
SECXISVLQFMRJM-UHFFFAOYSA-N,4,0.000990433221705375,0.0008916764896524,0.0011044624906286
SNMVRZFUUCLYTO-UHFFFAOYSA-N,9,7.957484673801505e-05,7.15689150735388e-05,8.851523211417245e-05
SQCZQTSHSZLZIQ-UHFFFAOYSA-N,4,4.1741604819567346e-05,4.139556901483488e-05,4.218935105648747e-05
TVMXDCGIABBOFY-UHFFFAOYSA-N,85,0.00021081366449933367,-0.0001380282463805,0.0008775035997086
UAEPNZWRGJTJPN-UHFFFAOYSA-N,13,0.00027534592653051537,-0.0001515012537707,0.0005456160826637
UFWIBTONFRDIAS-UHFFFAOYSA-N,5,0.0003424107076519138,3.038552889411683e-05,0.001120704703176
UHOVQNZJYSORNB-UHFFFAOYSA-N,54,5.028781900087361e-05,-4.6999614749299035e-05,0.0005361502379148
UMIPWJGWASORKV-UHFFFAOYSA-N,10,1.9504029566237132e-05,-0.0002395089682745,0.000176716223303
URLKBWYHVLBVBO-UHFFFAOYSA-N,14,9.296769822668083e-05,-4.484741478549825e-05,0.0002216561161061
VFWCMGCRMGJXDK-UHFFFAOYSA-N,14,5.392134972252517e-05,3.990607113490974e-05,6.759342353201969e-05
VLKZOEOYAKHREP-UHFFFAOYSA-N,88,0.00012785518182111398,-1.7930693275380882e-05,0.0005620136247843
VQTUBCCKSQIDNK-UHFFFAOYSA-N,83,3.4791555809192785e-05,-7.794080917583601e-06,0.0001827470721122
VXNZUUAINFGPBY-UHFFFAOYSA-N,87,4.067258017505356e-05,-7.3049533639568676e-06,0.0001882314111389
VZGDMQKNWNREIO-UHFFFAOYSA-N,13,4.778628885508353e-05,2.4933134866511608e-05,6.482177735800398e-05
WEVYAHXRMPXWCK-UHFFFAOYSA-N,4,-0.00045724055884830745,-0.0007074573585341,6.010441190607008e-05
WJTCGQSWYFHTAC-UHFFFAOYSA-N,13,0.00011607350597704128,-0.000175469627218,0.0002873460204768
WNXJIVFYUVYPPR-UHFFFAOYSA-N,11,-0.00015435324073669602,-0.0004710553687646,0.0001464761554292
WRMNZCZEMHIOCP-UHFFFAOYSA-N,1,0.00337973372336,0.00337973372336,0.00337973372336
WSLDOOZREJYCGB-UHFFFAOYSA-N,15,7.21583007060822e-05,6.511847290924244e-05,8.680221998402793e-05
WYURNTSHIVDZCO-UHFFFAOYSA-N,18,0.0009328375329362919,9.16399949039623e-06,0.002074785742141
XDTMQSROBMDMFD-UHFFFAOYSA-N,72,0.00010755466176347253,-0.0001267141193588,0.0004320353111921
XEKOWRVHYACXOJ-UHFFFAOYSA-N,48,0.00013197936757006662,-0.0001059344475604,0.0011630796994652
XLYOFNOQVPJJNP-UHFFFAOYSA-N,5,0.1690183609559098,0.0003992065343867,0.8423247085197794
XMGQYMWWDOXHJM-JTQLQIEISA-N,2,0.0047574364184006,0.0002300407223803,0.0092848321144209
XNLICIUVMPYHGG-UHFFFAOYSA-N,2,0.00229817852826135,0.0022978998149989,0.0022984572415238
XNNQFQFUQLJSQT-UHFFFAOYSA-N,1,-0.0002203494620996,-0.0002203494620996,-0.0002203494620996
XSTXAVWGXDQKEL-UHFFFAOYSA-N,23,3.275326348395094e-05,1.4793113087885336e-05,5.732179373502122e-05
XTHFKEDIFFGKHM-UHFFFAOYSA-N,7,0.0020953193308326855,0.0020470322567063,0.0021511552312358
XTXRWKRVRITETP-UHFFFAOYSA-N,8,0.0015471409514079125,0.0014913649508558,0.0015896473938479
XWJBRBSPAODJER-UHFFFAOYSA-N,2,0.00012818349295994544,9.841017681289088e-05,0.000157956809107
YKYONYBAUNKHLG-UHFFFAOYSA-N,10,0.00241803016608144,0.0023032053618501,0.0025076392104388
YLQBMQCUIZJEEH-UHFFFAOYSA-N,9,0.0013803717292843111,0.0013736694923913,0.001386072623899
YMWUJEATGCHHMB-UHFFFAOYSA-N,13,8.327208650512403e-05,2.8420851110544376e-05,0.0001169297426084
YNQLUTRBYVCPMQ-UHFFFAOYSA-N,79,8.994569044925153e-05,-4.332330066164625e-05,0.0003275884244082
YVXHZKKCZYLQOP-UHFFFAOYSA-N,11,1.1973402537032914e-05,-0.000187026672578,0.0001303216440273
YWAKXRMUMFPDSH-UHFFFAOYSA-N,22,6.151732309609002e-05,-1.5255371305686327e-05,0.0001262915309716
YXFVVABEGXRONW-UHFFFAOYSA-N,92,6.956972911834029e-05,-4.4594582023382845e-05,0.0007847645336047
ZGEGCLOFRBLKSE-UHFFFAOYSA-N,29,0.00014426355033345982,-2.654905723709078e-05,0.000574642881375
ZMXDDKWLCZADIW-UHFFFAOYSA-N,9,0.00016447675510648376,8.233822111325395e-05,0.0002223171584467
ZSIAUFGUXNUGDI-UHFFFAOYSA-N,5,0.01934337195056862,0.0119075429411434,0.0287171634868461
ZUOUZKKEUPVFJK-UHFFFAOYSA-N,1,0.001571769052143,0.001571769052143,0.001571769052143
ZWEHNKRNPOVVGH-UHFFFAOYSA-N,2,0.0010126931226327501,0.0010120629703427,0.0010133232749228
ZXEKIIBDNHEJCQ-UHFFFAOYSA-N,10,0.0028265423684203797,0.0025880207297381,0.0030214400509427
