inchikey,name,dipole_D,n2,eps
XLYOFNOQVPJJNP-UHFFFAOYSA-N,water,2.287084951002191,1.8825275321916537,52.93798366132173
OKKJLVBELUTLKV-UHFFFAOYSA-N,methanol,1.986970955049988,2.1192510486762592,24.447223573823276
YMWUJEATGCHHMB-UHFFFAOYSA-N,dichloromethane,1.789103835959562,2.3689531430828956,13.908836482237056
WEVYAHXRMPXWCK-UHFFFAOYSA-N,acetonitrile,3.8720840257035833,2.2030068787005956,71.09509598299249
XEKOWRVHYACXOJ-UHFFFAOYSA-N,ethyl_acetate,2.510945314794083,2.330938910632448,18.28680652100374
WYURNTSHIVDZCO-UHFFFAOYSA-N,tetrahydrofuran,2.1010453127694686,2.4322793386993906,16.149500626054998
HEDRZPFGACZZDS-UHFFFAOYSA-N,chloroform,1.184744487979396,2.415684169206536,6.0809473275875625
KXKVLQRXCPHEJC-UHFFFAOYSA-N,methyl_acetate,2.2330537088270206,2.2824782749285366,17.28145043854372
YXFVVABEGXRONW-UHFFFAOYSA-N,toluene,0.5326116672287007,2.799638812776678,3.3929163936284352
CSCPPACGZOOCGX-UHFFFAOYSA-N,acetone,3.537629556636679,2.29451321947268,46.50019817098455
NHTMVDHEPJAVLT-UHFFFAOYSA-N,"2,2,4-trimethylpentane",0.017398504392659,2.4290141167032355,2.429365383621911
IMNFDUFMRHMDMM-UHFFFAOYSA-N,n-heptane,0.0113068895921084,2.429274189676011,2.4294430116740444
TVMXDCGIABBOFY-UHFFFAOYSA-N,n-octane,0.0251666657037756,2.4388008532804784,2.4395443429545036
KVNRLNFWIYMESJ-UHFFFAOYSA-N,n-butyronitrile,3.9480564380221894,2.3305179127225277,47.493939648562765
UHOVQNZJYSORNB-UHFFFAOYSA-N,benzene,2.78131056616314e-05,2.8671006967590693,2.867100698638819
HGCIXCUEYOPUTN-UHFFFAOYSA-N,cyclohexene,0.3687254165218175,2.658818441159959,2.9417611774514905
XDTMQSROBMDMFD-UHFFFAOYSA-N,cyclohexane,2.638549855386276e-06,2.5351916222498407,2.5351916222623214
FXHOOIRPVKKKFG-UHFFFAOYSA-N,"n,n-dimethylacetamide",4.506509143837753,2.3986167596026404,55.558542731770416
CURLTUGMZLYLDI-UHFFFAOYSA-N,carbon_dioxide,2.5688612647245276e-06,1.9941817670089732,1.9941817670338524
ZSIAUFGUXNUGDI-UHFFFAOYSA-N,1-hexanol,2.0925379425710724,2.3827398173333676,10.51756321946542
KBPLFHHGFOOTCA-UHFFFAOYSA-N,1-octanol,1.894731572682267,2.408510339525002,7.469862217987658
MWKFXSUHUHTGQN-UHFFFAOYSA-N,1-decanol,2.118217338527876,2.426373965497041,7.682775772940401
IAZDPXIOMUYVGZ-UHFFFAOYSA-N,dimethyl_sulfoxide,4.620168134987811,2.502055807137646,75.66050692047233
QTBSBXVTEAMEQO-UHFFFAOYSA-N,acetic_acid,1.945255964786533,2.2259461836650143,16.60719143189208
IVSZLXZYQVIEFR-UHFFFAOYSA-N,m-xylene,0.5105271839761175,2.7617868602972004,3.2178903668268157
CTQNGGLPUBDAKN-UHFFFAOYSA-N,o-xylene,0.9061821517641584,2.759955236516197,4.313433823699045
BGHCVCJVXZWKCC-UHFFFAOYSA-N,n-tetradecane,0.0179636048413086,2.4649037254117023,2.465130135279341
ZNQVEEAIQZEUHB-UHFFFAOYSA-N,2-ethoxyethanol,2.832816768211947,2.3235607105824876,21.686409809692307
YEYKMVJDLWJFOA-UHFFFAOYSA-N,ethylene_glycol_monopropyl_ether,2.198580969917582,2.3458965185341314,11.957376723984458
POAOYUHQDCAZBD-UHFFFAOYSA-N,2-butoxyethanol,3.05918438340587,2.370561524462238,19.34958393516353
JLGLQAWTXXGVEM-UHFFFAOYSA-N,2-(2-(2-methoxyethoxy)ethoxy)ethanol,2.366939609628391,2.343452240087146,9.826127309185429
LYCAIKOWRPUZTN-UHFFFAOYSA-N,ethylene_glycol,3.0621968781623217,2.2119890027982203,35.79331243803405
OTMSDBZUPAUEDD-UHFFFAOYSA-N,ethane,2.887695135585565e-06,2.2904525046170625,2.2904525046465736
LFQSCWFLJHTTHZ-UHFFFAOYSA-N,ethanol,2.029765034182065,2.239037572758475,19.13642287880608
OIFBSDVPJOWBCH-UHFFFAOYSA-N,diethyl_carbonate,0.790911604721832,2.3523979832441064,3.3429858708661726
RUOJZAUFBMNUDX-VKHMYHEASA-N,propylene_carbonate,5.904808910739814,2.362805576609656,97.8377566589952
DKPFZGUDAPQIHT-UHFFFAOYSA-N,n-butyl_acetate,2.3416191135911126,2.3667390856118784,12.311957667834246
LRHPLDYGYMQRHN-UHFFFAOYSA-N,1-butanol,1.7727115808251197,2.3370458214474032,10.238840203300866
KFZMGEQAYNKOFK-UHFFFAOYSA-N,isopropanol,1.8354586803993211,2.2936281152878912,12.750920350386323
NNPPMTNAJDCUHE-UHFFFAOYSA-N,isobutane,0.0170700302557539,2.3653325485184147,2.365939721009595
ZMXDDKWLCZADIW-UHFFFAOYSA-N,"n,n-dimethylformamide",4.611556993490132,2.3523073813805264,68.19481586647049
VLKZOEOYAKHREP-UHFFFAOYSA-N,n-hexane,0.0251538327343682,2.4186845317871972,2.4196404969583956
UAEPNZWRGJTJPN-UHFFFAOYSA-N,methylcyclohexane,0.0193024420417248,2.5494114859866377,2.5499911741004286
IIEWJVIFRVWJOD-UHFFFAOYSA-N,ethylcyclohexane,0.0373628312790845,2.5514916692135152,2.553396024725566
PEDCQBHIVMGVHV-UHFFFAOYSA-N,glycerol,3.786118096195309,2.264359439823636,40.17679345707738
BDERNNFJNOPAEC-UHFFFAOYSA-N,1-propanol,1.9648145241445187,2.2983110745093422,14.464913410415033
XNWFRZJHXBZDAG-UHFFFAOYSA-N,2-methoxyethanol,2.410859522702177,2.2642724517694353,18.49462746144548
VZGDMQKNWNREIO-UHFFFAOYSA-N,carbon_tetrachloride,9.08537019788091e-08,2.4609189957261854,2.4609189957261997
QARVLSVVCXYDNA-UHFFFAOYSA-N,bromobenzene,3.5109159529953127,2.903053493569697,37.72871943943338
SUVIGLJNEAMWEG-UHFFFAOYSA-N,n-propyl_mercaptan,2.533776677506237,2.51936661686895,21.54249219631244
WQAQPCDUOCURKW-UHFFFAOYSA-N,n-butyl_mercaptan,2.62016516485856,2.513649220056182,19.33166189448112
ZHNUHDYFZUAESO-UHFFFAOYSA-N,formamide,4.361209256886204,2.2601877873653797,102.39945953845024
AMQJEAYHLZJPGS-UHFFFAOYSA-N,1-pentanol,2.0886599177667136,2.3603570375125007,11.766967823049026
BBMCTIGTTCKYKF-UHFFFAOYSA-N,1-heptanol,1.7590213402406991,2.3961089399557665,7.240921100649995
UDSFAEKRVUSQDD-UHFFFAOYSA-N,dimethyl-adipate,5.136117329083122e-05,2.370189937278543,2.370189939845875
NIQCNGHVCWTJSM-UHFFFAOYSA-N,dimethyl_phthalate,2.39749447377911,2.5748781633720372,10.416002806207375
WVDDGKGOMKODPV-UHFFFAOYSA-N,benzyl_alcohol,2.17318460065578,2.739396062645812,14.225543066138885
RYHBNJHYFVUHQT-UHFFFAOYSA-N,"1,4-dioxane",2.3350807359172584e-05,2.4142719635363297,2.414271964627046
HYBBIBNJHNGZAN-UHFFFAOYSA-N,furfural,4.463194125749625,2.574017415409579,62.80094771231104
BDAGIHXWWSANSR-UHFFFAOYSA-N,formic_acid,1.6481230944919418,2.113951021214669,15.813637481897766
DURPTKYDGMDSBL-UHFFFAOYSA-N,di-n-butyl_ether,1.3063868631425446,2.419393405637908,4.653047624802325
YNAVUWVOSKDBBP-UHFFFAOYSA-N,morpholine,1.600350079954786,2.496557853384988,9.299655103845328
BTANRVKWQNVYAZ-BYPYZUCNSA-N,2-butanol,2.0736478171820023,2.3403403991696794,13.452371179628358
WERYXYBDKMZEQL-UHFFFAOYSA-N,"1,4-butanediol",2.8335833237700276,2.30144181483109,21.35775273186561
KJIOQYGWTQBHNH-UHFFFAOYSA-N,1-undecanol,1.7598622593460735,2.43327299994535,5.613373625304341
PJGSXYOJTGTZAV-UHFFFAOYSA-N,"3,3-dimethyl-2-butanone",3.384052169627279,2.3959233410701257,26.138670432093157
XBDQKXXYIPTUBI-UHFFFAOYSA-N,propionic_acid,1.8081081757456257,2.2884339812217456,11.962312643557972
FERIUCNNQQJTOY-UHFFFAOYSA-N,n-butyric_acid,1.9950279409390637,2.330778983094909,12.144872887091749
UAOMVDZJSHZZME-UHFFFAOYSA-N,diisopropylamine,0.9761362653758158,2.4062796119939938,3.857392394525311
ZXEKIIBDNHEJCQ-UHFFFAOYSA-N,2-methyl-1-propanol,1.9883852299054388,2.3375570221500404,12.460822146488034
CRVGTESFCCXCTH-UHFFFAOYSA-N,methyl_diethanolamine,2.520902366748425,2.3735873077753036,14.08954516684094
SNRUBQQJIBEYMU-UHFFFAOYSA-N,n-dodecane,0.0201659702689275,2.463351065949608,2.4636819275862973
DIOQZVSQGTUSAI-UHFFFAOYSA-N,n-decane,0.0052600455920909,2.451450897977266,2.4514774474236156
HZAXFHJVJLSVMW-UHFFFAOYSA-N,monoethanolamine,3.119165353738463,2.3041176891438573,36.72622872797185
UEEJHVSXFDXPFK-UHFFFAOYSA-N,dimethylethanolamine,3.0723356625597305,2.3703361599301274,24.763690608715834
BFSVOASYOCHEOV-UHFFFAOYSA-N,diethylethanolamine,1.749351690930271,2.3977672969240373,7.345706513671402
BZLVMXJERCGZMT-UHFFFAOYSA-N,methyl_tert-butyl_ether,1.546836144196415,2.376360910584468,7.295220988282972
MSXVEPNJUHWQHW-UHFFFAOYSA-N,2-methyl-2-butanol,1.883579363089481,2.363520540551638,9.888786683876624
BKIMMITUMNQMOS-UHFFFAOYSA-N,n-nonane,0.0171977055381922,2.445664369089537,2.445976574683999
IJDNQMDRQITEOD-UHFFFAOYSA-N,n-butane,0.0183010856440009,2.382788317113316,2.3834985238836968
ATUOYWHBWRKTHZ-UHFFFAOYSA-N,propane,0.0075569033948644,2.346454906405886,2.346606055557489
DIKBFYAXUHHXCS-UHFFFAOYSA-N,tribromomethane,,,
ZJIJAJXFLBMLCK-UHFFFAOYSA-N,perfluorohexane,1.0703553390505934e-05,1.865283439604611,1.8652834396795697
RWSOTUBLDIXVET-UHFFFAOYSA-N,hydrogen_sulfide,1.9435516404926871,2.5179044643192943,30.215283626973676
LQZZUXJYWNFBMV-UHFFFAOYSA-N,1-dodecanol,1.9313274496978612,2.44051200585641,6.038936405020631
HLZKNKRTKFSKGZ-UHFFFAOYSA-N,1-tetradecanol,1.7954391945592891,2.4441749187300443,5.056872127804825
GLDOVTGHNKAZLK-UHFFFAOYSA-N,1-octadecanol,1.9778957738966805,2.456295477451808,4.968352586197397
RGSFGYAAUTVSQA-UHFFFAOYSA-N,cyclopentane,0.005001251016262,2.5089001401899975,2.508952746160388
DMEGYFMYUHOHGS-UHFFFAOYSA-N,cycloheptane,0.0198497208828663,2.5568618578717035,2.557478679724899
DCAYPVUWAIABOU-UHFFFAOYSA-N,n-hexadecane,0.0461663517343306,2.4715701548638345,2.472891279034259
RZJRJXONCZWCBN-UHFFFAOYSA-N,n-octadecane,0.0233959248849623,2.4758449162991445,2.4761486293275623
KMTRUDSVKNLOMY-UHFFFAOYSA-N,ethylene_carbonate,5.7873643070954275,2.330051958525158,113.50745557459476
UHCBBWUQDAVSMS-UHFFFAOYSA-N,ethyl_fluoride,2.2659817761829677,2.1003316612691516,22.941283368139217
JMMWKPVZQRWMSS-UHFFFAOYSA-N,isopropyl_acetate,2.4935160435327597,2.34809220970795,15.520407807861377
URLKBWYHVLBVBO-UHFFFAOYSA-N,p-xylene,0.1151683232620013,2.7492189653307135,2.771175056831992
ZFFMLCVRJBZUDZ-UHFFFAOYSA-N,"2,3-dimethylbutane",4.36851028208596e-07,2.4242005233338566,2.4242005233341457
KQNPFQTWMSNSAP-UHFFFAOYSA-N,isobutyric_acid,2.100175476068753,2.3167496105233387,13.113230198563263
GHVNFZFCNZKVNT-UHFFFAOYSA-N,n-decanoic_acid,1.685368082181924,2.436060758988108,5.589051521779023
POULHZVOKOAJMA-UHFFFAOYSA-N,n-dodecanoic_acid,1.98936962496976,2.443750119121426,6.254248025333824
IPCSVZSSVZVIGE-UHFFFAOYSA-N,n-hexadecanoic_acid,1.7595109874247117,2.4395065507983884,4.580696249845625
QIQXTHQIDYTFRH-UHFFFAOYSA-N,n-octadecanoic_acid,2.1166565516806863,2.446192338469762,5.316652079716839
TUNFSRHWOTWDNC-UHFFFAOYSA-N,n-tetradecanoic_acid,1.8917889310552167,2.4335291861452073,5.309402222876343
XXJWXESWEXIICW-UHFFFAOYSA-N,2-(2-ethoxyethoxy)ethanol,4.274380073411668,2.3523953685398364,33.8988060241834
DKMROQRQHGEIOW-UHFFFAOYSA-N,diethyl_succinate,0.3394079617914018,2.3931501631830403,2.5095506255595788
LVGUZGTVOIAKKC-UHFFFAOYSA-N,"1,1,1,2-tetrafluoroethane",2.7691182088894317,1.8714549884213487,22.31341668780025
RWRIWBAIICGTTQ-UHFFFAOYSA-N,difluoromethane,2.589542355240922,1.8348818083485097,31.922913215627062
GTLACDSXYULKMZ-UHFFFAOYSA-N,pentafluoroethane,2.1514575996009695,1.8309768084013849,12.60786608869162
WUGQZFFCHPXWKQ-UHFFFAOYSA-N,3-amino-1-propanol,1.8018138922906113,2.346432473902381,11.08007219287366
HNJBEVLQSNELDL-UHFFFAOYSA-N,2-pyrrolidone,4.4217962154521775,2.4982373475604778,63.551446222406064
SECXISVLQFMRJM-UHFFFAOYSA-N,n-methyl-2-pyrrolidone,4.3443411906280245,2.482106721518633,50.47014496889311
MTHSVFCYNBDYFN-UHFFFAOYSA-N,diethylene_glycol,3.0545641063685336,2.289877721730548,22.575401320039493
ZIBGPFATKBEMQZ-UHFFFAOYSA-N,triethylene_glycol,2.2557862625673213,2.3277130203727436,9.885233681543465
UWHCKJMYHZGTIT-UHFFFAOYSA-N,tetraethylene_glycol,1.6517535407388082,2.3492357024588357,5.255868079261857
NOPJRYAFUXTDLX-UHFFFAOYSA-N,"1,1,1,2,2,3,3-heptafluoro-3-methoxypropane_[hfe3",2.929231517203442,1.9265226589502469,14.106015428840797
NIXOWILDQLNWCW-UHFFFAOYSA-N,acrylic_acid,2.3745974939959575,2.367647419066883,21.393270646400943
ZAFNJMIOTHYJRJ-UHFFFAOYSA-N,diisopropyl_ether,1.310321858985834,2.369258537277086,5.208200942592209
FLIACVVOZYBSBS-UHFFFAOYSA-N,hexadecanoic_acid_methyl_ester,2.0483712830897742,2.449312970166443,5.289178223936016
VQTUBCCKSQIDNK-UHFFFAOYSA-N,isobutene,0.7047472770287752,2.446471233329646,3.729264736562844
IAQRGUVFOMOMEM-ONEGZZNKSA-N,trans-2-butene,3.021806366094026e-06,2.4789670621015683,2.4789670621230924
NUMQCACRALPSHD-UHFFFAOYSA-N,tert-butyl_ethyl_ether,1.3471857704174537,2.4009905023537823,5.516710270566913
DCKVNWZUADLDEH-RXMQYKEDSA-N,sec-butyl_acetate,2.5201695425800463,2.376816239961508,14.13852110741238
ZWEHNKRNPOVVGH-UHFFFAOYSA-N,methyl_ethyl_ketone,3.3939153171123126,2.354133158671982,35.79972712798555
XTHFKEDIFFGKHM-UHFFFAOYSA-N,"1,2-dimethoxyethane",1.85410735088333,2.308902189960216,9.98677367915231
MSSNHSVIGIHOJA-UHFFFAOYSA-N,"1,1,1,3,3-pentafluoropropane_[r245fa]",4.580829489806493,1.9321950468214513,46.547317128977326
RFFLAFLAYFXFSW-UHFFFAOYSA-N,o-dichlorobenzene,2.5320708555306064,2.796554763233898,17.854832779465625
GAEKPEKOJKCEMS-BYPYZUCNSA-N,gamma-valerolactone,5.1421775331422275,2.4260829897715506,70.94564656372164
ZAZKJZBWRNNLDS-UHFFFAOYSA-N,tetradecanoic_acid_methyl_ester,2.2502545479080927,2.435409159194257,6.372274357319011
MMKRHZKQPFCLLS-UHFFFAOYSA-N,ethyl-tetradecanoate,1.9769884703985776,2.4534722917964444,5.2611760626656245
SBZXBUIDTXKZTM-UHFFFAOYSA-N,diethylene_glycol_dimethyl_ether,1.7166906712570114,2.3369237656679203,6.752027072267091
RRQYJINTUHWNHW-UHFFFAOYSA-N,diethylene_glycol_diethyl_ether,1.6178531786288866,2.3907236489847015,5.552089652032434
YFNKIDBQEZZDLK-UHFFFAOYSA-N,triethylene_glycol_dimethyl_ether,3.1029111205604676,2.3564805728038154,14.48087809896233
ZUHZGEOKBKGPSW-UHFFFAOYSA-N,tetraethylene_glycol_dimethyl_ether,3.318140648876594,2.366874921626174,13.601982289275853
UJPMYEOUBPIPHQ-UHFFFAOYSA-N,"1,1,1-trifluoroethane",2.9828811852425265,1.9537365818271768,29.66868083579874
NTIZESTWPVYFNL-UHFFFAOYSA-N,methyl_isobutyl_ketone,3.4830240762710876,2.386476935200154,27.39417245621559
GJRQTCIYDGXPES-UHFFFAOYSA-N,isobutyl_acetate,2.5851205452382957,2.36455590964143,14.632654642676808
UFWIBTONFRDIAS-UHFFFAOYSA-N,naphthalene,1.365993043430539e-05,3.0317779656329074,3.031777965952936
FLKPEMZONWLCSK-UHFFFAOYSA-N,diethyl_phthalate,1.9761879859624163,2.5420793807278574,6.677530842508881
YTPLMLYBLZKORZ-UHFFFAOYSA-N,thiophene,0.8349224193718843,2.931111775551579,5.094833645739277
NPNPZTNLOVBDOC-UHFFFAOYSA-N,"1,1-difluoroethane",2.846066122885127,1.995020003242421,30.112162651015403
YFMFNYKEUDLDTL-UHFFFAOYSA-N,"1,1,1,2,3,3,3-heptafluoropropane",2.1740658957426824,1.849603557010164,9.68283355472034
HQABUPZFAYXKJW-UHFFFAOYSA-N,n-butylamine,1.576218727827328,2.4103342453585377,8.478055103653759
PIICEJLVQHRZGT-UHFFFAOYSA-N,ethylenediamine,2.3728795905245783,2.4013567376907483,21.795879576163287
UUIQMZJEGPQKFD-UHFFFAOYSA-N,methyl_n-butyrate,2.0698765622683295,2.3541276457330267,11.250332163736442
HNBDRPTVWVGKBR-UHFFFAOYSA-N,methyl_pentanoate,2.182513620590385,2.374672200155032,10.987950287502894
DKGAVHZHDRPRBM-UHFFFAOYSA-N,2-methyl-2-propanol,1.8549355283810331,2.3255651459215727,10.917042703147526
IEJIGPNLZYLLBP-UHFFFAOYSA-N,dimethyl_carbonate,0.5187591371725896,2.262689106241941,2.8079603446076744
VDHBXQMYKGNZRP-UHFFFAOYSA-N,butyl_isobutyl_ether,1.6155591664405866,2.4080639924242204,5.948282878568416
HPXRVTGHNJAIIH-UHFFFAOYSA-N,cyclohexanol,1.8517881591768504,2.5107121683188387,10.056235444145551
JHIVVAPYMSGYDF-UHFFFAOYSA-N,cyclohexanone,3.6232725632017337,2.51786283110281,35.370107044635276
GUVUOGQBMYCBQP-UHFFFAOYSA-N,"n,n'-dimethylpropylene_urea_<dmpu>",4.753513965009106,2.541466479356564,49.0302380534019
AVQQQNCBBIEMEU-UHFFFAOYSA-N,"1,1,3,3-tetramethyl_urea",4.000973014911927,2.452731913702759,35.09919804438755
CYSGHNMQYZDMIA-UHFFFAOYSA-N,"1,3-dimethylimidazolidin-2-one",4.538962679443921,2.484832902248044,48.85542275013171
YEJRWHAVMIAJKC-UHFFFAOYSA-N,gamma-butyrolactone,5.071556920749597,2.4057995202886633,82.34026568156068
SYBYTAAJFKOIEJ-UHFFFAOYSA-N,methyl_isopropyl_ketone,3.542581647389726,2.367393502655455,32.5427142744804
ISWSIDIOOBJBQZ-UHFFFAOYSA-N,phenol,1.5262776118469112,2.778165259329912,9.255251068650855
VGGSQFUCUMXWEO-UHFFFAOYSA-N,ethylene,,,
QQZOPKMRPOGIEB-UHFFFAOYSA-N,2-hexanone,3.521212326394918,2.3893491934718996,28.05789782420664
YKYONYBAUNKHLG-UHFFFAOYSA-N,n-propyl_acetate,2.52695640626662,2.355279227626405,16.01594736421948
OTBHHUPVCYLGQO-UHFFFAOYSA-N,bis(3-aminopropyl)amine,2.2421874009336227,2.454640811381374,10.20888948616809
IPBVNPXQWQGGJP-UHFFFAOYSA-N,acetic_acid_phenyl_ester,2.082910446128207,2.655185943253252,10.960596814174156
NQPDZGIKBAWPEJ-UHFFFAOYSA-N,n-pentanoic_acid,1.7205737309254032,2.347940167632186,8.27943732069492
FUZZWVXGSFPDMH-UHFFFAOYSA-N,n-hexanoic_acid,2.0464481874446254,2.3776708042885666,9.916108533583175
MNWFXJYAOYHMED-UHFFFAOYSA-N,n-heptanoic_acid,1.9970266595194244,2.3867168553038733,8.616146273755447
WWZKQHOCKIZLMA-UHFFFAOYSA-N,n-octanoic_acid,1.6687949832323636,2.401370436613597,6.130240993770401
LCGLNKUTAGEVQW-UHFFFAOYSA-N,dimethyl_ether,1.6826486026464782,2.229061791528044,13.348916133461724
PFEOZHBOMNWTJB-UHFFFAOYSA-N,3-methylpentane,0.0111179119123129,2.427702774352973,2.427890930806228
HNRMPXKDFBEGFZ-UHFFFAOYSA-N,"2,2-dimethylbutane",0.0241764824792139,2.4223212410050063,2.423205257232258
WJTCGQSWYFHTAC-UHFFFAOYSA-N,cyclooctane,0.0743727127226722,2.5570866552077223,2.5646720878002105
LIKMAJRDDDTEIG-UHFFFAOYSA-N,1-hexene,0.4222579635607826,2.466813234102544,2.762021822175118
ZGEGCLOFRBLKSE-UHFFFAOYSA-N,1-heptene,0.4604198627159293,2.4679687892426925,2.771906388852221
KWKAKUADMBZCLK-UHFFFAOYSA-N,1-octene,0.4610999812289673,2.4724410979712466,2.7407787928262124
AFFLGGQVNFXPEV-UHFFFAOYSA-N,1-decene,0.4804710408029042,2.4767480331729534,2.711714833339786
IBXNCJKFFQIKKY-UHFFFAOYSA-N,1-pentyne,0.7122260235241643,2.3956852310360905,3.4803994087325356
CGHIBGNXEGJPQZ-UHFFFAOYSA-N,1-hexyne,0.683374058694966,2.4133261409376163,3.2403630558157253
YVXHZKKCZYLQOP-UHFFFAOYSA-N,1-heptyne,0.6580217432035719,2.4200892912968883,3.070876209180589
UMIPWJGWASORKV-UHFFFAOYSA-N,1-octyne,0.6629772469801383,2.432099958954504,3.012174401289222
YNQLUTRBYVCPMQ-UHFFFAOYSA-N,ethylbenzene,0.4723416607168162,2.776065097611603,3.168382858214186
PPBRXRYQALVLMV-UHFFFAOYSA-N,styrene,0.0194366369480157,2.855799299602203,2.856482163516873
HVZJRWJGKQPSFL-UHFFFAOYSA-N,methyl_tert-pentyl_ether,1.5714343668484054,2.409139887934491,6.830049528801785
RTZKZFJDLAIYFH-UHFFFAOYSA-N,diethyl_ether,1.49554546128016,2.3498850425695585,7.833773924715818
POLCUAVZOMRGSN-UHFFFAOYSA-N,di-n-propyl_ether,1.607666861283907,2.3982485336418704,7.008823666461915
XNLICIUVMPYHGG-UHFFFAOYSA-N,2-pentanone,3.4002413308434067,2.373663865043921,30.276046434964503
FDPIMTJIUBPUKL-UHFFFAOYSA-N,3-pentanone,3.3173666278799807,2.38621511197051,29.21778498378373
JUJWROOIHBZHMG-UHFFFAOYSA-N,pyridine,2.2227301740869465,2.783529499992761,19.73336345580737
OFBQJSOFQDEBGM-UHFFFAOYSA-N,n-pentane,0.0179555581723856,2.403408788213022,2.403977456967048
YWAKXRMUMFPDSH-UHFFFAOYSA-N,1-pentene,0.4185045869865132,2.463240559470648,2.808158504371342
RAHZWNYVWXNFOC-UHFFFAOYSA-N,sulfur_dioxide,4.254595664960379,2.4018322046577025,102.52618018948242
LPNBBFKOUUSUDB-UHFFFAOYSA-N,p-toluic_acid,2.8688489334074725,2.7026079191314487,19.916716667523545
XXROGKLTLUQVRX-UHFFFAOYSA-N,allyl_alcohol,1.8453356001730712,2.3765870357792083,14.122566723878004
LWWJDXKGQVEZKT-QMMMGPOBSA-N,2-ethyl-1-hexanol,1.6849455220306084,2.4050597030500804,6.291666369168203
OBNCKNCVKJNDBV-UHFFFAOYSA-N,ethyl_n-butyrate,2.030083775277539,2.391653210113417,9.878694381458716
MCSINKKTEDDPNK-UHFFFAOYSA-N,n-propyl_propionate,2.0568094659153378,2.387590517942993,10.062439337664134
DIQMPQMYFZXDAX-UHFFFAOYSA-N,n-pentyl_formate,2.329221065764013,2.3570066338534614,12.102636506817404
CATSNJVOTSVZJV-UHFFFAOYSA-N,2-heptanone,3.534723021205264,2.404814921560088,25.065246536500354
JJWKPURADFRFRB-UHFFFAOYSA-N,carbonyl_sulfide,1.916218401712598,2.41677836767694,19.823651211667844
ATHHXGZTWNVVOU-UHFFFAOYSA-N,n-methylformamide,4.4085710777854485,2.3099724959696752,77.65339831360359
RSJKGSCJYJTIGS-UHFFFAOYSA-N,n-undecane,0.0360005911683939,2.4559760799022508,2.4571155153605115
PHTQWCKDNZKARW-UHFFFAOYSA-N,3-methyl-1-butanol,2.056596541591509,2.3605527849440016,11.4534348892912
WGECXQBGLLYSFP-ZETCQYMHSA-N,"2,3-dimethylpentane",0.0173744567990303,2.445442323735658,2.4458461881483378
VQKFNUFAXTZWDK-UHFFFAOYSA-N,2-methylfuran,0.6472267720445452,2.6237097562407605,3.6457625949903143
JFCQEDHGNNZCLN-UHFFFAOYSA-N,glutaric_acid,2.6198571135421385,2.316497642615104,15.244946743142153
PAFZNILMFXTMIY-UHFFFAOYSA-N,cyclohexylamine,1.2505755256986444,2.5615464372632113,5.676258220451496
JOOXCMJARBKPKM-UHFFFAOYSA-N,levulinic_acid,2.979126500870543,2.338706165310368,20.861758190917435
QWTDNUCVQCZILF-UHFFFAOYSA-N,isopentane,0.0322825390731921,2.399797842631666,2.401627849374175
BKOOMYPCSUNDGP-UHFFFAOYSA-N,2-methyl-2-butene,0.3137168879324539,2.493504421894946,2.689215927196194
LPIQUOYDBNQMRZ-UHFFFAOYSA-N,cyclopentene,0.3507786501989155,2.6074550415565434,2.903398767646894
RRHGJUQNOFWUDK-UHFFFAOYSA-N,isoprene,0.3860892131468123,2.550752112567589,2.8709700293652674
QQONPFPTGQHPMA-UHFFFAOYSA-N,propylene,0.4697811878218625,2.4362323172845475,3.1381128867321344
MLFHJEHSLIIPHL-UHFFFAOYSA-N,isopentyl_acetate,2.2602386164809736,2.383944965428138,10.493855780284797
PAYRUJLWNCNPSJ-UHFFFAOYSA-N,aniline,1.83551221804938,2.8460405774933197,12.446935485600232
JYVLIDXNZAXMDK-YFKPBYRVSA-N,2-pentanol,1.9147318865425624,2.374974431886617,10.27351528960547
MVPPADPHJFYWMZ-UHFFFAOYSA-N,monochlorobenzene,1.7698023044079731,2.807979873699974,11.006582630823893
RDOXTESZEPMUJZ-UHFFFAOYSA-N,anisole,1.469356176172382,2.74727295029788,7.646768239761704
AUHZEENZYGFFBQ-UHFFFAOYSA-N,mesitylene,0.0604255946367242,2.729441707638664,2.7347050129992008
URAYPUMNDPQOKB-UHFFFAOYSA-N,glyceryl_triacetate,1.500860786025467,2.3295684253798665,4.480139459991515
WMIYKQLTONQJES-UHFFFAOYSA-N,hexafluoroethane,3.8828995355551905e-06,1.810093756682805,1.8100937567058089
NBUKAOOFKZFCGD-UHFFFAOYSA-N,"2,2,3,3-tetrafluoro-1-propanol",2.44211232305455,1.9596535645376731,13.728844116058047
OPKOKAMJFNKNAS-UHFFFAOYSA-N,methylethanolamine,1.5283613301904468,2.3339519597230947,8.346408545258669
RLSSMJSEOOYNOY-UHFFFAOYSA-N,m-cresol,1.094040941885891,2.740129865294117,5.279554922974856
IWDCLRJOBJJRNH-UHFFFAOYSA-N,p-cresol,1.6203968208477475,2.725073479087834,8.721270090293533
YPFDHNVEDLHUCE-UHFFFAOYSA-N,"1,3-propylene_glycol",0.5363874498928394,2.2631026052261594,2.877765404307084
QYSGYZVSCZSLHT-UHFFFAOYSA-N,octafluoropropane,0.1706294714222635,1.8217603996327336,1.854729568878846
OCKPCBLVNKHBMX-UHFFFAOYSA-N,n-butylbenzene,0.5214511955647856,2.716759012515221,3.0792229236858804
NDJKXXJCMXVBJW-UHFFFAOYSA-N,n-heptadecane,0.0114316561362429,2.473277772863072,2.4733542734058243
RWRDLPDLKQPQOW-UHFFFAOYSA-N,pyrrolidine,1.440085764821437,2.513786368139518,8.52564649269327
NQRYJNQNLNOLGT-UHFFFAOYSA-N,piperidine,1.088218789418058,2.5803124562808195,5.356119631372695
PAMIQIKDUOTOBW-UHFFFAOYSA-N,n-methylpiperidine,0.9149538073084394,2.5685524542728273,4.1331119638577505
SJRJJKPEHAURKC-UHFFFAOYSA-N,n-methylmorpholine,1.5515146353113876,2.483737707413294,7.642885167209301
PVOAHINGSUIXLS-UHFFFAOYSA-N,1-methylpiperazine,1.7093965802882929,2.547584103227124,8.91966385807827
RXYPXQSKLGGKOL-UHFFFAOYSA-N,"1,4-dimethyl_piperazine",1.7767989293049655,2.5556048344302513,8.522044362030478
JWUJQDFVADABEY-RXMQYKEDSA-N,2-methyltetrahydrofuran,1.9461308916484432,2.4473336104007433,11.928777084262986
DHXVGJBLRPWPCS-UHFFFAOYSA-N,oxacyclohexane,1.9445866634559252,2.498530408075932,12.420680543568478
WNXJIVFYUVYPPR-UHFFFAOYSA-N,"1,3-dioxolane",1.3447105399947674,2.341332944052678,7.913947425222998
AQIXEPGDORPWBJ-UHFFFAOYSA-N,3-pentanol,1.8091545218981189,2.3801678785749347,9.398239840592796
XCIXKGXIYUWCLL-UHFFFAOYSA-N,cyclopentanol,1.8305280076234007,2.4524333777524268,10.838651431825095
PZHIWRCQKBBTOW-UHFFFAOYSA-N,n-butyl_ethyl_ether,1.5160341822263637,2.3954340709280544,6.434034259324347
QGZKDVFQNNGYKY-UHFFFAOYSA-N,ammonia,1.877404093805488,2.169648697021118,34.8846749948867
VXNZUUAINFGPBY-UHFFFAOYSA-N,1-butene,0.4176194544012531,2.4518668859525015,2.873512487042378
IXQGCWUGDFDQMF-UHFFFAOYSA-N,o-ethylphenol,1.1356711414505762,2.6984727825916868,5.00336287336247
HMNKTRSOROOSPP-UHFFFAOYSA-N,m-ethylphenol,1.950730224708052,2.7219965910217305,10.511604741566805
HXDOZKJGKXYMEW-UHFFFAOYSA-N,p-ethylphenol,1.596606446053207,2.7212918755218074,7.729845242778076
LHGVFZTZFXWLCP-UHFFFAOYSA-N,guaiacol,2.9427494091698407,2.6857992801430943,22.455849871450248
NWVVVBRKAWDGAB-UHFFFAOYSA-N,p-methoxyphenol,,,
YBYIRNPNPLQARY-UHFFFAOYSA-N,indene,0.8429950455158627,2.932961910441869,4.35160206763935
CWERGRDVMFNCDR-UHFFFAOYSA-N,thioglycolic_acid,2.411277097186707,2.473901071403219,20.55060864582809
NMJJFJNHVMGPGM-UHFFFAOYSA-N,n-butyl_formate,2.3271789865398933,2.3382247980080906,13.610930595503284
BSKHPKMHTQYZBB-UHFFFAOYSA-N,2-methylpyridine,1.9007136264998692,2.7508830593564264,12.58700378094538
ZTOMUSMDRMJOTH-UHFFFAOYSA-N,glutaronitrile,3.8796134240718474,2.326464572225835,36.983983996415645
AKGGYBADQZYZPD-UHFFFAOYSA-N,4-phenyl-2-butanone,3.247075552765347,2.660890348078913,20.584394658153833
QUKGYYKBILRGFE-UHFFFAOYSA-N,benzyl_acetate,2.5885618818774327,2.655007013166888,14.40194324549722
QYDYPVFESGNLHU-KHPPLWFESA-N,methyl_oleate,1.8155187975078255,2.4832055774784463,4.486294055956448
CBFCDTFDPHXCNY-UHFFFAOYSA-N,n-eicosane,0.0207809939537027,2.4768050528900387,2.47702140388779
ZWRUINPWMLAQRD-UHFFFAOYSA-N,1-nonanol,2.0268774378863994,2.4161413879087106,7.672215299535594
AFABGHUZZDYHJO-UHFFFAOYSA-N,2-methylpentane,0.026809462038422,2.415118684257747,2.4162003452825087
CBOQJANXLMLOSS-UHFFFAOYSA-N,ethyl_vanillin,5.511635570761972,2.6329388479715456,56.23727428088681
ODLMAHJVESYWTB-UHFFFAOYSA-N,n-propylbenzene,0.5113302819983405,2.7380632510643905,3.134006090218005
WEHWNAOGRSTTBQ-UHFFFAOYSA-N,di-n-propylamine,1.068266631397931,2.437038580313019,4.265264486022765
VFWCMGCRMGJXDK-UHFFFAOYSA-N,n-butyl_chloride,2.4112331790649586,2.38832941940015,16.413009546488375
NBRKLOOSMBRFMH-UHFFFAOYSA-N,tert-butyl_chloride,2.3980019666290966,2.4051356992967157,16.47418157540336
QTBFPMKWQKYFLR-UHFFFAOYSA-N,isobutyl_chloride,2.2271441267481205,2.396165527896602,14.316368048796331
FPYJFEHAWHCUMM-UHFFFAOYSA-N,maleic_anhydride,3.736936618259533,2.4845521141615974,47.45387373529593
OISVCGZHLKNMSJ-UHFFFAOYSA-N,"2,6-dimethylpyridine",1.3804831718926696,2.7251540119007083,6.786012373753785
HWWYDZCSSYKIAD-UHFFFAOYSA-N,"3,5-dimethylpyridine",2.76798121181654,2.704875363997309,20.83657209786904
KFRVYYGHSPLXSZ-UHFFFAOYSA-N,ethyl_tert-pentyl_ether,1.2963540398587712,2.4321078633251036,4.966301038768693
NLHHRLWOUZZQLW-UHFFFAOYSA-N,acrylonitrile,3.763500963215532,2.370618285395028,58.41570131619675
CAWHJQAVHZEVTJ-UHFFFAOYSA-N,2-methyl_pyrazine,0.893814441276364,2.686263721509797,4.574710241888565
YCOZIPAWZNQLMR-UHFFFAOYSA-N,n-pentadecane,0.0163985718815401,2.4693437853865796,2.4695209691288205
IOQPZZOEVPZRBK-UHFFFAOYSA-N,n-octylamine,1.5818044433711838,2.443527540878951,5.797476428973025
MHZGKXUYDGKKIU-UHFFFAOYSA-N,n-decylamine,1.4160518186896265,2.451574157502172,4.573692613575359
XFNJVJPLKCPIBV-UHFFFAOYSA-N,"1,3-propanediamine",1.5568083746018744,2.4067747402556776,8.605129977871808
ZMANZCXQSJIPKH-UHFFFAOYSA-N,triethylamine,0.8628404779639752,2.4390147689856283,3.581675833591483
QWVGKYWNOKOFNN-UHFFFAOYSA-N,o-cresol,1.079263998753836,2.75321484853762,5.2436796535852
WSLDOOZREJYCGB-UHFFFAOYSA-N,"1,2-dichloroethane",2.79950824724942,2.3942514047121937,25.90907525724771
QPFMBZIOSGYJDE-UHFFFAOYSA-N,"1,1,2,2-tetrachloroethane",1.6913499266380905,2.4547303828825675,8.036736580904982
XSTXAVWGXDQKEL-UHFFFAOYSA-N,trichloroethylene,0.7730274075026788,2.524347575806137,3.823131767839817
CYTYCFOTNPOANT-UHFFFAOYSA-N,tetrachloroethylene,1.4177681591836368e-06,2.560304075024396,2.560304075027741
BTMVHUNTONAYDX-UHFFFAOYSA-N,n-butyl_propionate,2.349283876485028,2.403531797558201,11.400309041377431
MCTWTZJPVLRJOU-UHFFFAOYSA-N,n-methylimidazole,4.335801023021367,2.6063573351772487,63.173059717577495
LTEQMZWBSYACLV-UHFFFAOYSA-N,n-hexylbenzene,0.5071204008244652,2.6780632107365263,2.9515947685912387
AOPDRZXCEAKHHW-UHFFFAOYSA-N,di-n-pentyl_ether,1.1033046865143328,2.435760894934526,3.684196378800161
PAAZPARNPHGIKF-UHFFFAOYSA-N,"1,2-dibromoethane",4.889448311572054,2.6203766160701387,75.24640828919195
PYLWMHQQBFSUBP-UHFFFAOYSA-N,fluorobenzene,2.110060140430122,2.67867579096072,15.509097683894012
ZJMWRROPUADPEA-SECBINFHSA-N,sec-butylbenzene,0.5359963914154753,2.7104662760100307,3.0919980974817065
BTFJIXJJCSYFAL-UHFFFAOYSA-N,1-eicosanol,2.173556132422112,2.466051610746959,5.261941677076084
IIYFAKIEWZDVMP-UHFFFAOYSA-N,n-tridecane,0.0176323363174279,2.4619936580471755,2.462227544539466
OHLUUHNLEMFGTQ-UHFFFAOYSA-N,n-methylacetamide,4.315414253885911,2.3704804608462275,61.024364786739255
CBTVGIZVANVGBH-UHFFFAOYSA-N,2-amino-2-methyl-1-propanol_(amp),1.5764668208196169,2.3849350609398425,7.838277387117147
WFDIJRYMOXRFFG-UHFFFAOYSA-N,acetic_anhydride,5.452797649741628,2.307643683244899,76.84023122447645
KAKZBPTYRLMSJV-UHFFFAOYSA-N,"1,3-butadiene",4.47274195326318e-06,2.550097327645058,2.5500973276961045
OWBTYPJTUOEWEK-ZXZARUISSA-N,"2,3-butanediol",0.5394962589114535,2.311147826108577,2.832343157875356
HXJUTPCZVOIRIF-UHFFFAOYSA-N,sulfolane,5.491779315223205,2.6356001815561383,83.03061238803821
RWGFKTVRMDUZSP-UHFFFAOYSA-N,cumene,0.46783857650209,2.7550914178867743,3.08868959088651
JRZJOMJEPLMPRA-UHFFFAOYSA-N,1-nonene,0.4572061527293584,2.4733156297827548,2.70808711708907
MELUCTCJOARQQG-UHFFFAOYSA-N,2-hexyne,0.063113509599437,2.450098763545677,2.4567849464896923
DQQNMIPXXNPGCV-UHFFFAOYSA-N,3-hexyne,0.0389721106454256,2.466394677343411,2.468980305109377
UOCLXMDMGBRAIB-UHFFFAOYSA-N,"1,1,1-trichloroethane",1.87149175858903,2.426524121253225,10.630525743826222
KWOLFJPFCHCOCG-UHFFFAOYSA-N,acetophenone,3.534785489764537,2.7525682917163663,31.955043887204734
GSJFXBNYJCXDGI-UHFFFAOYSA-N,methyl_glycolate,2.7970971267281532,2.2727548968469664,23.787998096079896
YTZKOQUCBOVLHL-UHFFFAOYSA-N,tert-butylbenzene,0.5360470761717511,2.719751550264551,3.1040132816619774
OHMHBGPWCHTMQE-UHFFFAOYSA-N,"2,2-dichloro-1,1,1-trifluoroethane",1.961751531135916,2.143988223204348,9.977219075874446
SQCZQTSHSZLZIQ-UHFFFAOYSA-N,1-chloropentane,2.2890740887328183,2.4058479034768485,13.07715717258525
LGUZHRODIJCVOC-UHFFFAOYSA-N,perfluoroheptane,0.13561002328379,1.8706131529133856,1.8811709042769984
JFDZBHWFFUWGJE-UHFFFAOYSA-N,benzonitrile,4.246259392751158,2.7529526789852645,52.140034731606576
LJSQFQKUNVCTIA-UHFFFAOYSA-N,diethyl_sulfide,2.4095344803215775,2.5407717055308736,16.95168746513621
PGMYKACGEOXYJE-UHFFFAOYSA-N,n-pentyl_acetate,2.2152937493667504,2.389771152011057,10.20290038231893
YYLLIJHXUHJATK-UHFFFAOYSA-N,cyclohexyl_acetate,2.5089529211107235,2.4950402907347256,12.97478599528781
RNVCVTLRINQCPJ-UHFFFAOYSA-N,o-toluidine,2.017705113277368,2.7996281437440587,12.540015651711604
MPPPKRYCTPRNTB-UHFFFAOYSA-N,1-bromobutane,4.016609886587699,2.48614454395668,42.99284581513702
JJNQHLLBFBGKEL-UHFFFAOYSA-N,butyl_tert-butyl_ether,1.2905230692430911,2.427735732808195,4.614802388521157
IBSQPLPBRSHTTG-UHFFFAOYSA-N,o-chlorotoluene,1.5359686227040137,2.7846681832814175,7.855201934335594
NPDACUSDTOMAMK-UHFFFAOYSA-N,p-chlorotoluene,2.453292970781982,2.760811437089264,16.55888961525158
LCEDQNDDFOCWGG-UHFFFAOYSA-N,4-formylmorpholine,3.2419859176207297,2.458260084263786,26.375440137962418
HNFSPSWQNZVCTB-UHFFFAOYSA-N,isopropyl_tert-butyl_ether,1.3808623698339295,2.390901712802182,5.1891601435830825
MLRVZFYXUZQSRU-UHFFFAOYSA-N,1-chlorohexane,2.262096100717556,2.4133991900357756,11.390946221656735
VVQNEPGJFQJSBK-UHFFFAOYSA-N,methyl_methacrylate,2.0061039661328977,2.414219350335881,11.345588060283356
SOGAXMICEFXMKE-UHFFFAOYSA-N,n-butyl_methacrylate,,,
RUMACXVDVNRZJZ-UHFFFAOYSA-N,isobutyl_methacrylate,,,
HXDLWJWIAHWIKI-UHFFFAOYSA-N,glycol_monoacetate,2.9890858460301155,2.2998415965113472,22.833804976245865
JTXMVXSTHSMVQF-UHFFFAOYSA-N,ethylene_glycol_diacetate,3.150561396291084,2.3466397716834595,19.22015264343205
QMMFVYPAHWMCMS-UHFFFAOYSA-N,dimethyl_sulfide,2.462957219131369,2.52402202827302,25.132861514441835
WXEHBUMAEPOYKP-UHFFFAOYSA-N,methyl_ethyl_sulfide,2.366428628529313,2.5415718436492982,19.327477434242972
QGJOPFRUJISHPQ-UHFFFAOYSA-N,carbon_disulfide,1.813435327098675e-05,2.707097670519112,2.707097671503255
NKDDWNXOKDWJAK-UHFFFAOYSA-N,methylal,2.301955297569619,2.2628191229808916,16.834167314191305
CXBDYQVECUFKRK-UHFFFAOYSA-N,methyl_n-butyl_ether,1.51522045091711,2.3592777359256782,6.992361900912281
NUVBSKCKDOMJSU-UHFFFAOYSA-N,ethyl-4-hydroxybenzoate,,,
UIWXSTHGICQLQT-UHFFFAOYSA-N,vinyl_propionate,2.1461912446560043,2.4148635575910102,12.775389940090374
XMGQYMWWDOXHJM-JTQLQIEISA-N,d-limonene,0.8648905635662705,2.6237998966830056,3.5913957544756148
YRKCREAYFQTBPV-UHFFFAOYSA-N,acetylacetone,4.008522564378496,2.3374242690282476,39.0780434655009
VOPWNXZWBYDODV-UHFFFAOYSA-N,chlorodifluoromethane,1.8970678101171063,2.05228935262572,14.28849635935394
IAQRGUVFOMOMEM-ARJAWSKDSA-N,cis-2-butene,0.3534000694359565,2.492789014986488,2.802110184761535
NUKZAGXMHTUAFE-UHFFFAOYSA-N,hexanoic_acid_methyl_ester,2.2126472211294765,2.386500518780518,10.15258500165494
XNCNNDVCAUWAIT-UHFFFAOYSA-N,methyl_heptanoate,2.0028013801841507,2.400788949219684,7.966726139501136
XTXRWKRVRITETP-UHFFFAOYSA-N,vinyl_acetate,2.300512026732122,2.38872082697105,16.661238697235987
BGTOWKSIORTVQH-UHFFFAOYSA-N,cyclopentanone,3.438480365282798,2.4780673209141217,36.65629274438179
ZPVFWPFBNIEHGJ-UHFFFAOYSA-N,2-octanone,3.464030182772216,2.4155786693419743,21.682735224461716
ZBCBWPMODOFKDW-UHFFFAOYSA-N,diethanolamine,1.8589468086207088,2.3333226968066394,9.230032922022223
QPRQEDXDYOZYLA-YFKPBYRVSA-N,2-methyl-1-butanol,2.011095870075824,2.3728558392543677,11.14310579395774
XYIBRDXRRQCHLP-UHFFFAOYSA-N,ethyl_acetoacetate,4.050497066452271,2.3419798399373875,32.40903435565879
RJUFJBKOKNCXHH-UHFFFAOYSA-N,methyl_propionate,2.065714956845917,2.33122589549313,12.866236079282348
PYGXAGIECVVIOZ-UHFFFAOYSA-N,dibutyl_sebacate,3.5269772635146266,2.4434102556701776,10.989167783472254
ZUOUZKKEUPVFJK-UHFFFAOYSA-N,biphenyl,1.6889858189145358e-05,2.9796940848235187,2.979694085213783
SNMVRZFUUCLYTO-UHFFFAOYSA-N,n-propyl_chloride,2.235638989009638,2.3723602443108898,16.935943043235362
KPSSIOMAKSHJJG-UHFFFAOYSA-N,"2,2-dimethyl-1-propanol",1.9758968636860097,2.367986052623743,10.75461049574577
QENGPZGAWFQWCZ-UHFFFAOYSA-N,3-methylthiophene,1.3838178027149253,2.8450320604998303,8.015990826024254
FXNDIJDIPNCZQJ-UHFFFAOYSA-N,"2,4,4-trimethyl-1-pentene",0.6305878503943869,2.4804758922572385,2.9981211796287024
XTDYIOOONNVFMA-UHFFFAOYSA-N,dimethyl_glutarate,4.137276437013383,2.346490253962044,28.537487044056224
KNKRKFALVUDBJE-GSVOUGTGSA-N,"1,2-dichloropropane",0.5286320724996404,2.361400773509234,2.8550662007054424
WFSMVVDJSNMRAR-UHFFFAOYSA-N,2-(2-(2-ethoxyethoxy)ethoxy)ethanol,0.8323608088438975,2.370394157815816,3.061159054699437
COBPKKZHLDDMTB-UHFFFAOYSA-N,2-(2-(2-butoxyethoxy)ethoxy)ethanol,2.9872778281886037,2.3906968136618407,11.935435137733506
GDOPTJXRTPNYNR-UHFFFAOYSA-N,methylcyclopentane,0.0581686952652087,2.490465854740304,2.496303253074582
RAOIDOHSFRTOEL-UHFFFAOYSA-N,tetrahydrothiophene,2.903587206585672,2.669237545460025,28.357816814459923
TZIHFWKZFHZASV-UHFFFAOYSA-N,methyl_formate,2.199489014987073,2.198474020633944,20.188174210627892
WBJINCZRORDGAQ-UHFFFAOYSA-N,ethyl_formate,2.53164453647178,2.2766897828459243,21.71531033420616
KFNNIILCVOLYIR-UHFFFAOYSA-N,n-propyl_formate,2.5891274770099915,2.3136371579243096,19.05000948358696
KAVGMUDTWQVPDF-UHFFFAOYSA-N,decafluorobutane,0.0117578376862618,1.843147376342624,1.843272982274314
GWHJZXXIDMPWGX-UHFFFAOYSA-N,"1,2,4-trimethylbenzene",0.5158935990445006,2.736073269899589,3.1386491489225663
WQOXQRCZOLPYPM-UHFFFAOYSA-N,dimethyl_disulfide,2.7908893048008157,2.693979522125529,26.41926614938845
CDOSHBSSFJOMGT-SNVBAGLBSA-N,linalool,1.84473457441224,2.50779480821082,6.7495402575899135
XPDWGBQVDMORPB-UHFFFAOYSA-N,trifluoromethane,2.260573932109108,1.7925842968484422,21.181087734591554
MXLMTQWGSQIYOW-RXMQYKEDSA-N,3-methyl-2-butanol,1.7709882365379437,2.3661803058375,8.964872077963497
STNJBCKSHOAVAJ-UHFFFAOYSA-N,methacrolein,3.3567515916963413,2.4149171523257467,37.65549477751468
FVSKHRXBFJPNKK-UHFFFAOYSA-N,propionitrile,3.8397947769052654,2.2929934568122103,55.32900140542993
NBVXSUQYWXRMNV-UHFFFAOYSA-N,methyl_fluoride,2.2326574609437633,1.9214834675170052,29.267584586046254
IJMWOMHMDSDKGK-UHFFFAOYSA-N,isopropyl_propionate,2.4902920070680077,2.374462899562044,13.812523559052496
FKRCODPIKNYEAC-UHFFFAOYSA-N,ethyl_propionate,2.0827766462622117,2.371853127272456,11.549828614758376
WGLLSSPDPJPLOR-UHFFFAOYSA-N,"2,3-dimethyl-2-butene",2.93330736411761e-06,2.5203425036070333,2.520342503621433
HPEUJPJOZXNMSJ-UHFFFAOYSA-N,octadecanoic_acid_methyl_ester,2.2666213613849147,2.392855625555765,5.383448067930209
AILKHAQXUAOOFU-UHFFFAOYSA-N,hexanenitrile,4.028179244436095,2.3760659965314717,36.14393959724201
RFFFKMOABOFIDF-UHFFFAOYSA-N,valeronitrile,3.861234487131564,2.3554097849356164,38.37231526778816
FOCAUTSVDIKZOP-UHFFFAOYSA-N,chloroacetic_acid,3.061282377261522,2.3111096957487143,31.644429407563173
JXTHNDFMNIQAHM-UHFFFAOYSA-N,dichloroacetic_acid,2.5243354737114525,2.355288545491429,18.342480088404997
BMRWNKZVCUKKSR-SCSAIBSYSA-N,"1,2-butanediol",2.447200896675022,2.312967839675724,16.462415947785644
OWWIWYDDISJUMY-UHFFFAOYSA-N,"2,3-dimethyl-1-butene",0.6635602882298064,2.481858127876082,3.2548461293618622
JVSWJIKNEAIKJW-UHFFFAOYSA-N,2-methylheptane,0.0184432778017563,2.432332470638065,2.432729099574896
HUMNYLRZRPPJDN-UHFFFAOYSA-N,benzaldehyde,3.650465345659089,2.758417090946408,38.81749198749434
TWSRVQVEYJNFKQ-UHFFFAOYSA-N,n-pentyl_propanoate,2.3423746194711375,2.417012434416887,10.386452681479438
YLQBMQCUIZJEEH-UHFFFAOYSA-N,furan,0.4625800921814733,2.6471708914240075,3.284289578624668
KFUSEUYYWQURPO-OWOJBTEDSA-N,"trans-1,2-dichloroethylene",6.608211485333518e-05,2.4925839950647983,2.4925840052243005
XIRNKXNNONJFQO-UHFFFAOYSA-N,ethyl-hexadecanoate,1.9599721754492312,2.4568608622223707,4.898526624480635
JQVDAXLFBXTEQA-UHFFFAOYSA-N,di-n-butylamine,1.0578897603469972,2.454046262618464,3.841700870237191
WWUVJRULCWHUSA-UHFFFAOYSA-N,2-methyl-1-pentene,0.6652100109732056,2.475607763888848,3.248690469259606
HCDGVLDPFQMKDK-UHFFFAOYSA-N,hexafluoropropylene,1.188204753192016,1.9051780021705145,4.3331284032048725
AFBPFSWMIHJQDM-UHFFFAOYSA-N,n-methylaniline,1.8926538680654077,2.8148448057832516,11.382994378752084
CNDHHGUSRIZDSL-UHFFFAOYSA-N,1-chlorooctane,2.4876479232117177,2.426540629522658,11.067279117265766
WZLFPVPRZGTCKP-UHFFFAOYSA-N,"1,1,1,3,3-pentafluorobutane",2.377793038050539,1.990074254966745,11.807411993434544
XAOGXQMKWQFZEM-UHFFFAOYSA-N,isoamyl_propionate,2.082934162416073,2.4101678428105213,8.532189259196736
MVLVMROFTAUDAG-UHFFFAOYSA-N,octadecanoic_acid_ethyl_ester,2.040740626260163,2.457727347703639,4.8480535857792795
YZWKKMVJZFACSU-UHFFFAOYSA-N,1-bromopentane,,,
JLTDJTHDQAWBAV-UHFFFAOYSA-N,"n,n-dimethylaniline",2.1654248645217065,2.783622650262088,12.54658962916891
KAESVJOAVNADME-UHFFFAOYSA-N,pyrrole,2.0671233848567825,2.7497626357597147,19.45400150872714
ZQPPMHVWECSIRJ-KTKRTIGZSA-N,oleic_acid,2.0356386322726476,2.4649209696521703,5.15627372304893
KJPRLNWUNMBNBZ-QPJJXVBHSA-N,cinnamaldehyde,4.700845686177701,2.7761817170805463,50.58466736705182
NQBXSWAWVZHKBZ-UHFFFAOYSA-N,ethylene_glycol_monobutyl_ether_acetate,1.6564920401490333,2.388081903155447,5.817942563393155
VMKMZRBPOSNUMX-PHDIDXHHSA-N,dipropylene_glycol,1.5018422052747886,2.3255827701186877,5.5883195113924735
ICMAFTSLXCXHRK-UHFFFAOYSA-N,ethyl-pentanoate,2.334436549166752,2.397398548294988,11.21748025003266
KIDHWZJUCRJVML-UHFFFAOYSA-N,"1,4-diaminobutane",0.2731669291386155,2.43193895373142,2.5574840938645895
PWGJDPKCLMLPJW-UHFFFAOYSA-N,"1,8-octanediamine",2.778703954588732,2.4544062705162046,13.146425183231942
WRMNZCZEMHIOCP-UHFFFAOYSA-N,2-phenylethanol,1.801627046326648,2.72547860325296,9.278812787726611
RHQDFWAXVIIEBN-UHFFFAOYSA-N,"2,2,2-trifluoroethanol",1.8057488697484343,1.962235014658238,10.36011095275138
JCCCMAAJYSNBPR-UHFFFAOYSA-N,2-ethylthiophene,0.9264177789385548,2.7947224479542085,4.536096801010034
YHRUOJUYPBUZOS-UHFFFAOYSA-N,"1,3-dichloropropane",2.3059054430816057,2.396129844997719,15.10300222406126
KJDRSWPQXHESDQ-UHFFFAOYSA-N,"1,4-dichlorobutane",1.4596060254699586e-06,2.4040064868981146,2.4040064869012427
XPFVYQJUAUNWIW-UHFFFAOYSA-N,furfuryl_alcohol,1.9394947351551488,2.5631260333701738,12.565089734248897
IYXGSMUGOJNHAZ-UHFFFAOYSA-N,diethyl_malonate,3.0421555708562016,2.380930189750316,16.586344402725885
QFOHBWFCKVYLES-UHFFFAOYSA-N,butyl-4-hydroxybenzoate,,,
GWYFCOCPABKNJV-UHFFFAOYSA-N,isovaleric_acid,2.0169473010870846,2.346565781133247,10.720144307529576
WGYKZJWCGVVSQN-UHFFFAOYSA-N,n-propylamine,1.385544306920194,2.3873109996708517,8.03659773065305
JJWLVOIRVHMVIS-UHFFFAOYSA-N,isopropylamine,1.3405845056459682,2.3779963707868483,7.577566177311606
HPNMFZURTQLUMO-UHFFFAOYSA-N,diethylamine,1.069221313174841,2.4174285952932744,4.995441699023802
HGINCPLSRVDWNT-UHFFFAOYSA-N,acrolein,2.9798245938588237,2.387730477280593,37.168792525676544
HGBOYTHUEUWSSQ-UHFFFAOYSA-N,pentanal,3.3662772285457327,2.3635218719454434,29.44699922816109
MLUCVPSAIODCQM-NSCUHMNNSA-N,trans-crotonaldehyde,4.4398384616645385,2.41782102130363,65.06671977712492
XNNQFQFUQLJSQT-UHFFFAOYSA-N,bromotrichloromethane,2.343987203394429,2.5549373792380297,15.84524261644581
FJBFPHVGVWTDIP-UHFFFAOYSA-N,dibromomethane,3.225714682995201,2.653002997368756,41.32332292794005
JPOXNPPZZKNXOV-UHFFFAOYSA-N,bromochloromethane,3.301649520772562,2.5157583990366432,43.56629954210533
GSEJCLTVZPLZKY-UHFFFAOYSA-N,triethanolamine,2.0312896451922327,2.3432061128898645,8.180039348294935
LZCLXQDLBQLTDK-BYPYZUCNSA-N,ethyl_lactate,2.9164225320708637,2.3219130748122394,19.018245592720163
ITQTTZVARXURQS-UHFFFAOYSA-N,3-methylpyridine,2.5642452329372283,2.734155050736603,21.1534031577752
XUPYJHCZDLZNFP-UHFFFAOYSA-N,n-butyl_n-butyrate,2.0457815669110126,2.410612685020691,8.302005665712048
SMWDFEZZVXVKRB-UHFFFAOYSA-N,quinoline,2.1087376397251236,2.9731493345933893,13.288557887527803
DTQVDTLACAAQTR-UHFFFAOYSA-N,trifluoroacetic_acid,3.108485734245848,1.9768983334486423,27.081808031165323
ZRKMQKLGEQPLNS-UHFFFAOYSA-N,n-pentyl_mercaptan,2.6469397524188727,2.510883470880811,17.09849118630772
OYHQOLUKZRVURQ-HZJYTTRNSA-N,linoleic_acid,1.8398843045042967,2.4896032003895203,4.6999811561311065
MHDVGSVTJDSBDK-UHFFFAOYSA-N,dibenzyl_ether,1.4464662188361803,2.844485103580438,5.373703454920099
DOIRQSBPFJWKBE-UHFFFAOYSA-N,di-n-butyl_phthalate,2.0319692417699957,2.555895736688906,5.8586270531033975
FDOPVENYMZRARC-UHFFFAOYSA-N,"1,1,1,2,2-pentafluoropropane",3.0338153020645735,1.908410913532014,20.458333675680368
NAMYKGVDVNBCFQ-UHFFFAOYSA-N,2-bromopropane,4.081392587293886,2.483405178672737,52.75624297021413
NEHMKBQYUWJMIP-UHFFFAOYSA-N,methyl_chloride,2.0509111738522123,2.281297767767851,22.904128487935928
IBYHHJPAARCAIE-UHFFFAOYSA-N,1-bromo-2-chloroethane,4.19045227944427,2.7789817617430774,69.73724607296563
HBZDPWBWBJMYRY-UHFFFAOYSA-N,caprinitrile,3.867294203106978,2.4175596575156866,22.04269162191146
GRWFGVWFFZKLTI-IUCAKERBSA-N,alpha-pinene,0.2425248152625522,2.617659909008458,2.6896387416860437
HCFAJYNVAYBARA-UHFFFAOYSA-N,4-heptanone,3.304459950237004,2.4202455015791453,22.39252362963833
CCAFPWNGIUBUSD-UHFFFAOYSA-N,diethyl_sulfoxide,4.364925488249888,2.5308984707304267,48.54464164112552
LBKDGROORAKTLC-UHFFFAOYSA-N,"1,5-dichloropentane",2.3199001268445167,2.410282590166702,11.791452052987896
VEFLKXRACNJHOV-UHFFFAOYSA-N,"1,3-dibromopropane",3.4048167404667,3.0957551267867873,45.18308299996677
AOGQPLXWSUTHQB-UHFFFAOYSA-N,n-hexyl_acetate,2.5743141691541385,2.402556182888014,12.036442004361277
HRYZWHHZPQKTII-UHFFFAOYSA-N,ethyl_chloride,2.23069786797198,2.3447368627371827,20.763865851535925
FSGHEPDRMHVUCQ-UHFFFAOYSA-N,2-ethoxypropene,1.9046803247521813,2.4426750587424286,10.874564527500656
GIAFURWZWWWBQT-UHFFFAOYSA-N,2-aminoethoxyethanol,1.5450508677242802,2.3474946614772803,6.9946053231121965
GETTZEONDQJALK-UHFFFAOYSA-N,benzotrifluoride,4.21790914184258,2.5095615399297113,41.07510546792001
LZDKZFUFMNSQCJ-UHFFFAOYSA-N,"1,2-diethoxyethane",1.932147113369936e-05,2.3799271091447323,2.3799271096267622
CUONGYYJJVDODC-UHFFFAOYSA-N,malononitrile,3.877175001128737,2.2478627357474084,52.100775323923266
IAHFWCOBPZCAEA-UHFFFAOYSA-N,succinonitrile,0.0001179146888561,2.293841414740581,2.2938414406314074
LHIJANUOQQMGNT-UHFFFAOYSA-N,n-aminoethyl_ethanolamine,2.4407289794784393,2.3952502758599037,14.760072225480409
NJCBUSHGCBERSK-UHFFFAOYSA-N,perfluoropentane,0.1335573941189519,1.8558745871737337,1.8694792661186217
BCCOBQSFUDVTJQ-UHFFFAOYSA-N,octafluorocyclobutane,4.905465935557488e-06,1.8355778322713143,1.8355778322968603
JBTWLSYIZRCDFO-UHFFFAOYSA-N,carbonic_acid_methyl_ethyl_ester,0.5702664386498433,2.3106506937238933,2.8752769599299186
HUAZGNHGCJGYNP-UHFFFAOYSA-N,n-propyl_n-butyrate,2.055402849459077,2.4028447840510303,9.126383823014256
FKNQCJSGGFJEIZ-UHFFFAOYSA-N,4-methylpyridine,2.8789364317888135,2.7216747353933335,25.97685753759928
ZQBFAOFFOQMSGJ-UHFFFAOYSA-N,hexafluorobenzene,,,
BGJSXRVXTHVRSN-UHFFFAOYSA-N,trioxane,0.7823996288581111,2.3524450712603615,3.8583200126409327
WEEGYLXZBRQIMU-WAAGHKOSSA-N,"1,8-cineole",1.469094409435212,2.5739030932279605,5.486426927888525
VILCJCGEZXAXTO-UHFFFAOYSA-N,triethylenetetramine,2.944818691816814,2.4772214748479557,15.487494715381626
LXBGSDVWAMZHDD-UHFFFAOYSA-N,2-methyl-1h-imidazole,3.921690813703013,2.6386352887080298,53.434299035928206
PYGSKMBEVAICCR-UHFFFAOYSA-N,"1,5-hexadiene",0.5436405444078743,2.526114905714274,3.060181432835801
HFPZCAJZSCWRBC-UHFFFAOYSA-N,p-cymene,0.1322058661762664,2.689009328020439,2.7109491960301724
NBBJYMSMWIIQGU-UHFFFAOYSA-N,propanal,3.243701367929446,2.3049573193188286,39.75219129814883
WGQKYBSKWIADBV-UHFFFAOYSA-N,benzylamine,1.3834448203694227,2.806327566291688,7.070665745320853
VKCYHJWLYTUGCC-UHFFFAOYSA-N,2-nonanone,3.5457100234887253,2.424898314991216,20.61198444694133
LHXDLQBQYFFVNW-XCBNKYQSSA-N,(+)-fenchone,3.139174402490709,2.5325300324609654,17.763374693279232
AOHJOMMDDJHIJH-VKHMYHEASA-N,"1,2-propanediamine",0.3547931284202311,2.400491189744609,2.651478281783219
YBRBMKDOPFTVDT-UHFFFAOYSA-N,tert-butylamine,1.3778249022117444,2.388835905337435,6.788582029513245
HXVNBWAKAOHACI-UHFFFAOYSA-N,diisopropyl_ketone,3.0475758442386387,2.409887965072175,19.072157512703008
LEQCJROTXBYLEU-IWSPIJDZSA-N,tripropylene_glycol,4.428503300286654,2.389950296112232,26.48454706966183
KCXMKQUNVWSEMD-UHFFFAOYSA-N,benzyl_chloride,2.1666177631199903,2.7761625964533887,13.465054891199657
ZLCSFXXPPANWQY-UHFFFAOYSA-N,m-ethyltoluene,0.4969295822919667,2.747411730764911,3.123289249414744
JRLPEMVDPFPYPJ-UHFFFAOYSA-N,p-ethyltoluene,0.075496029999821,2.7355388371518696,2.7437973597285605
VMOWKUTXPNPTEN-UHFFFAOYSA-N,dimethyl_isopropyl_amine,0.958799741574972,2.433454581147117,4.119074477249416
IKHGUXGNUITLKF-UHFFFAOYSA-N,acetaldehyde,3.2165234618865917,2.235567615724968,50.14775583114957
RPNUMPOLZDHAAY-UHFFFAOYSA-N,diethylenetriamine,3.524142412885035,2.4424264633863397,28.8792953634902
WYACBZDAHNBPPB-UHFFFAOYSA-N,diethyl_oxalate,9.859232604831507e-06,2.36211749041664,2.3621174905351374
OUDFNZMQXZILJD-UHFFFAOYSA-N,5-methylfurfural,4.780631701196854,2.5622113424777764,60.305289280345264
MTZQAGJQAFMTAQ-UHFFFAOYSA-N,ethyl_benzoate,2.3097725748388265,2.6682339243052904,11.962538037409564
JARKCYVAAOWBJS-UHFFFAOYSA-N,hexanal,,,
DLRJIFUOBPOJNS-UHFFFAOYSA-N,phenetole,1.5368181669595151,2.728329236826696,7.341354399732938
LXCFILQKKLGQFO-UHFFFAOYSA-N,methyl-p-hydroxybenzoate,,,
XWJBRBSPAODJER-UHFFFAOYSA-N,"1,7-octadiene",0.3162185653030689,2.514816153725675,2.644801201577613
XQQBUAPQHNYYRS-UHFFFAOYSA-N,2-methylthiophene,0.9056727427901088,2.8651457333524775,4.91446073729589
WFCSWCVEJLETKA-UHFFFAOYSA-N,n-(2-hydroxyethyl)piperazine,2.4715748513386786,2.521878744258149,13.776212865653438
HNVRRHSXBLFLIG-UHFFFAOYSA-N,2-methyl-3-buten-2-ol,2.015029923166456,2.425903332562823,11.812488371575268
SQNZJJAZBFDUTD-UHFFFAOYSA-N,"1,2,4,5-tetramethylbenzene",7.753542668383891e-06,2.7182388111701212,2.7182388112471725
SHZIWNPUGXLXDT-UHFFFAOYSA-N,ethyl-hexanoate,2.0210824919223542,2.410218905840805,8.141959267863504
RGXWDWUGBIJHDO-UHFFFAOYSA-N,ethyl-decanoate,2.057047391409449,2.438841585153515,6.515880177645268
QSJXEFYPDANLFS-UHFFFAOYSA-N,"2,3-butanedione",7.70563860665016e-06,2.3165817566210904,2.3165817567318108
SVONRAPFKPVNKG-UHFFFAOYSA-N,2-ethoxyethyl_acetate,3.6079370445648737,2.3626633156973647,25.61740847375045
WRQNANDWMGAFTP-UHFFFAOYSA-N,methyl_acetoacetate,3.937590941319439,2.3275847268748935,34.926636386328866
JRXXLCKWQFKACW-UHFFFAOYSA-N,diphenylacetylene,1.4830864833424786e-05,2.9404756728142667,2.940475673071465
DHKHKXVYLBGOIT-UHFFFAOYSA-N,acetal,2.1933815864327806,2.3487218093613333,10.464235535820247
HNHVTXYLRVGMHD-UHFFFAOYSA-N,n-butyl_isocyanate,2.5652598080419406,2.3482147359694365,16.39086128185611
ABDKAPXRBAPSQN-UHFFFAOYSA-N,"1,2-dimethoxybenzene",0.6658455438614351,2.6532360432785715,3.30971864104846
OSDWBNJEKMUWAV-UHFFFAOYSA-N,3-chloropropene,2.076680985795412,2.459214082914713,16.213823051090095
CYNYIHKIEHGYOZ-UHFFFAOYSA-N,1-bromopropane,,,
LSXKDWGTSHCFPP-UHFFFAOYSA-N,1-bromoheptane,,,
VAJVDSVGBWFCLW-UHFFFAOYSA-N,3-phenyl-1-propanol,1.7475940955788538,2.6887373190460484,7.919784337030354
LKLFXAVIFCLZQS-UHFFFAOYSA-N,"1,1,2,2,3,3,4,4-octafluorobutane_[hfc-338pcc]",3.157309045593743,1.865979325704641,16.02007581834176
IAYPIBMASNFSPL-UHFFFAOYSA-N,ethylene_oxide,2.3234031845569105,2.1903650152460505,27.058297743690627
BZHJMEDXRYGGRV-UHFFFAOYSA-N,vinyl_chloride,1.4777224472917103,2.44471948648076,11.065663440021089
IQVAERDLDAZARL-MRVPVSSYSA-N,2-phenylpropionaldehyde,3.0518132177451536,2.6904668816605537,20.716984012796757
CPJRRXSHAYUTGL-UHFFFAOYSA-N,3-methyl-3-buten-1-ol,1.9072599360062337,2.4189882707606594,10.709163913007972
FWFSEYBSWVRWGL-UHFFFAOYSA-N,2-cyclohexen-1-one,4.343486034898514,2.595593846188321,54.23463765653375
ULYZAYCEDJDHCC-UHFFFAOYSA-N,isopropyl_chloride,,,
BFKJFAAPBSQJPD-UHFFFAOYSA-N,tetrafluoroethylene,2.017026258026807e-06,1.863406237432651,1.863406237440623
DJEQZVQFEPKLOY-UHFFFAOYSA-N,"n,n-dimethyl-n-butylamine",0.9639151130585648,2.436086784383556,3.888951608844576
UQKAOOAFEFCDGT-UHFFFAOYSA-N,"n,n-dimethyloctylamine",0.9481066884269634,2.4636563637356903,3.353462337036608
HYFLWBNQFMXCPA-UHFFFAOYSA-N,o-ethyltoluene,0.811542074485927,2.725656463424128,3.767540561674141
WMXCDAVJEZZYLT-UHFFFAOYSA-N,tert-butyl_mercaptan,2.5153764331749313,2.5189975435992342,17.988320421373224
BOSAWIQFTJIYIS-UHFFFAOYSA-N,"1,1,1-trichlorotrifluoroethane",1.5309893788279794,2.2204858642498926,6.201163143721695
GTCAXTIRRLKXRU-UHFFFAOYSA-N,methylcarbamate,2.9468314784018546,2.2990436030081933,31.226766213774138
IAGUPODHENSJEZ-UHFFFAOYSA-N,n-phenyl_carbamic_acid_methylester,2.6867765512188906,2.679696117433809,16.032539972811207
RFCAUADVODFSLZ-UHFFFAOYSA-N,chloropentafluoroethane,1.4026373191842625,1.9571544809679031,5.577075948649997
NGAZZOYFWWSOGK-UHFFFAOYSA-N,3-heptanone,3.29094407941973,2.415828352349814,22.13688330370797
HETCEOQFVDFGSY-UHFFFAOYSA-N,isopropenyl_acetate,2.068969824947109,2.394016115830186,11.76540754790177
VYMPLPIFKRHAAC-UHFFFAOYSA-N,"1,2-ethanedithiol",2.990052344815972,2.650358277773369,29.142036211404047
LHXDLQBQYFFVNW-OIBJUYFYSA-N,(-)-fenchone,3.139166785653081,2.532530021913483,17.763296227604716
ZJMWRROPUADPEA-UHFFFAOYSA-N,(1-methylpropyl)benzene,0.5360097504847171,2.710466269506306,3.0920178517307706
WTARULDDTDQWMU-IUCAKERBSA-N,"(1S,5S)-6,6-dimethyl-2-methylenebicyclo[3.1.1]heptane",0.6266804711161945,2.6183231025286,3.1218553482115934
BRLQWZUYTZBJKN-VKHMYHEASA-N,alpha-epichlorohydrin,0.4324008803215921,2.3162097639036507,2.70237886983171
BRLQWZUYTZBJKN-GSVOUGTGSA-N,(2S)-chloromethyl-oxirane,0.4324010020898169,2.3162097814402616,2.702379117755153
KJPRLNWUNMBNBZ-UHFFFAOYSA-N,(E)-3-phenyl-2-propanal,4.018327184692619,2.775538720795575,37.3733999254967
RQEUFEKYXDPUSK-SSDOTTSWSA-N,1-phenylethanamine,1.1764124743216746,2.7408529769122603,5.1947450154557355
WAPNOHKVXSQRPX-SSDOTTSWSA-N,(R)-(+)-1-phenylethanol,1.7788262959850425,2.693376770236392,8.893345284899286
RUOJZAUFBMNUDX-GSVOUGTGSA-N,"(R)-4-methyl-1,3-dioxolan-2-one",6.054572272802988,2.3627384676052174,102.79691137269444
RIQRGMUSBYGDBL-NCGGTJAESA-N,"1,1,1,2,3,4,4,5,5,5-decafluoropentane_[r43-10mee",0.2404923093488555,1.899501936079196,1.9486516140555603
RQEUFEKYXDPUSK-ZETCQYMHSA-N,(S)-(-)-.alpha.methylbenzylamine,1.1764144713797864,2.740852979273653,5.194754263065989
WAPNOHKVXSQRPX-ZETCQYMHSA-N,alpha-methylbenzyl_alcohol,1.7787742235060788,2.693376804301785,8.892945787877434
XMGQYMWWDOXHJM-SNVBAGLBSA-N,(s)-(-)-limonene,0.5669663434614,2.631966520268132,3.0304716254740773
UOORRWUZONOOLO-UPHRSURJSA-N,"cis-1,3-dichloro-1-propene",1.852651167798964,2.48546619904182,11.244960756687394
YODZTKMDCQEPHD-UHFFFAOYSA-N,thiodiglycol,1.798952471256859,2.4584909528804535,8.684777565465566
WTARULDDTDQWMU-UHFFFAOYSA-N,.beta.-pinene,0.626680915816255,2.6183230770277306,3.121856067501896
GAEKPEKOJKCEMS-UHFFFAOYSA-N,.gamma.-valerolactone,5.153196942035285,2.425697721487051,71.2320986152753
FRCHKSNAZZFGCA-UHFFFAOYSA-N,"1,1-dichloro-1-fluoroethane",2.152041422206682,2.2763354694326123,13.989017701025684
WMOVHXAZOJBABW-UHFFFAOYSA-N,tert-butyl_acetate,2.405141252592355,2.3831502103426705,13.078169568299296
CXWXQJXEFPUFDZ-UHFFFAOYSA-N,"1,2,3,4-tetrahydronaphthalene",0.8037002222153895,2.8443937047155186,3.8915211798061127
BMRWNKZVCUKKSR-UHFFFAOYSA-N,"1,2-butanediol",2.494046820925542,2.314443510095152,17.053805017997405
KNKRKFALVUDBJE-UHFFFAOYSA-N,"1,2-dichloropropane",0.5286291424000503,2.3614007696276347,2.8550604318016166
AOHJOMMDDJHIJH-UHFFFAOYSA-N,"1,2-propanediamine",2.5601219431583098,2.401998747466805,20.339910114335495
DNIAPMSPPWPWGF-UHFFFAOYSA-N,"1,2-propanediol",2.89394073532549,2.284070138778479,26.67802176065051
WEEGYLXZBRQIMU-UHFFFAOYSA-N,"1,3,3-trimethyl-2-oxabicyclo[2.2.2]octane",1.4691079448729636,2.5739030722272673,5.486486569484525
PUPZLCDOIYMWBV-UHFFFAOYSA-N,"1,3-butanediol",4.072174219343148,2.309725068146002,42.92932028163332
NAQMVNRVTILPCV-UHFFFAOYSA-N,hexamethylenediamine,2.506889588242672,2.4490768794921034,13.302144125021506
XXMIOPMDWAUFGU-UHFFFAOYSA-N,"1,6-hexanediol",3.790638008508337,2.349161188361367,28.481004859581443
HXKKHQJGJAFBHI-UHFFFAOYSA-N,1-amino-2-propanol,1.5871020976698984,2.3307476732121555,8.83959839836701
JBKVHLHDHHXQEQ-UHFFFAOYSA-N,epsilon-caprolactam,4.6935298039909625,2.5429657507738637,53.18412466137739
UUAGAQFQZIEFAH-UHFFFAOYSA-N,chlorotrifluoroethylene,1.3522256886701858,2.078485037871064,6.5201221728174925
BRLQWZUYTZBJKN-UHFFFAOYSA-N,"1-chloro-2,3-epoxypropane",0.4324071964536221,2.3162097730585756,2.702390667654376
WLVCBAMXYMWGLJ-UHFFFAOYSA-N,1-chloro-2-ethylhexane,2.218731992311102,2.4550250119358985,9.372893327297785
SZIFAVKTNFCBPC-UHFFFAOYSA-N,2-chloroethanol,1.6941003367357774,2.301468172588885,11.03695795889596
ZXHQLEQLZPJIFG-UHFFFAOYSA-N,ethyl_n-hexyl_ether,1.4260209285320429,2.4209518533150662,5.137754017151995
BXWNKGSJHAJOGX-UHFFFAOYSA-N,1-hexadecanol,2.128292500476361,2.45576594704135,5.806191735234579
BMVXCPBXGZKUPN-UHFFFAOYSA-N,n-hexylamine,1.6017212598225588,2.4221273932263627,6.859864923947299
ARXJGSRGQADJSQ-UHFFFAOYSA-N,1-methoxy-2-propanol,2.70452717696628,2.312751147107358,19.679872021143
LLHKCFNBLRBOGN-UHFFFAOYSA-N,1-methoxy-2-propyl acetate,2.6967818880041583,2.340999289376232,14.664595701352908
DCKVNWZUADLDEH-UHFFFAOYSA-N,1-methylpropyl ethanoate,2.5186512282011906,2.37718136764937,14.12571250586803
RQEUFEKYXDPUSK-UHFFFAOYSA-N,1-phenylethanamine,1.1764089074113415,2.740852964510462,5.194728481729275
WAPNOHKVXSQRPX-UHFFFAOYSA-N,1-phenylethanol,1.7788552830152828,2.693376786835111,8.893567808191204
FENFUOGYJVOCRY-UHFFFAOYSA-N,1-propoxy-2-propanol,2.7022943072385597,2.364737631202548,15.343402859668444
HHBZZTKMMLDNDN-UHFFFAOYSA-N,"2,2'-oxybisbutane",1.350236693474232,2.4005768423584346,4.756790150771037
CRPUJAZIXJMDBK-UHFFFAOYSA-N,"2,2-dimethyl-3-methylenebicyclo[2.2.1]heptane",0.513376834342101,2.621328054089023,2.9543812739412836
CRSOQBOWXPBRES-UHFFFAOYSA-N,neopentane,6.80417267567548e-07,2.391521947454366,2.391521947455171
OWBTYPJTUOEWEK-UHFFFAOYSA-N,"2,3-butanediol",3.1265881142489564,2.311216151284521,25.90655170133263
WGECXQBGLLYSFP-UHFFFAOYSA-N,"2,3-dimethylpentane",0.0173745012499293,2.445442342989178,2.44584620947197
PTTPXKJBFFKCEK-UHFFFAOYSA-N,diisobutyl_ketone,3.28430880232382,2.4133283968848507,17.700185844769145
NXXYKOUNUYWIHA-UHFFFAOYSA-N,"2,6-xylenol",1.6202609989786156,2.738216883214438,7.9859231284603265
YSAANLSYLSUVHB-UHFFFAOYSA-N,2-(2-dimethylaminoethoxy)_ethanol,2.3435267854423,2.38955382008346,11.170911840238851
FPZWZCWUIYYYBU-UHFFFAOYSA-N,diethylene_glycol_ethyl_ether_acetate,2.3459288433830956,2.3757001845788577,9.334715143220071
GZMAAYIALGURDQ-UHFFFAOYSA-N,2-(2-hexoxyethoxy)ethanol,2.55968403917093,2.4034523539145893,9.57978972291328
SBASXUCJHJRPEV-UHFFFAOYSA-N,2-(2-methoxyethoxy)ethanol,3.013297841434803,2.3175619343029448,19.33627827855524
NNJVILVZKWQKPM-UHFFFAOYSA-N,lidocaine,3.4360295131073615,2.610429618049736,14.693833143508408
BHRZNVHARXXAHW-UHFFFAOYSA-N,2-butanamine,1.3470552722462794,2.4124625521533947,6.705490940146025
BOUGCJDAQLKBQH-UHFFFAOYSA-N,"2-chloro-1,1,1,2-tetrafluoroethane",2.076981398504173,1.9921356116514572,11.312357644763512
BSPCSKHALVHRSR-UHFFFAOYSA-N,2-chlorobutane,2.4758552918531707,2.407494477071704,17.51585086917501
TZYRSLHNPKPEFV-UHFFFAOYSA-N,2-ethyl-1-butanol,1.9841409332233104,2.379242187750426,9.592395022453566
SMQUZDBALVYZAC-UHFFFAOYSA-N,salicylaldehyde,3.270808853189963,2.7239723581187913,29.096410672057043
YTTFFPATQICAQN-UHFFFAOYSA-N,2-methoxy-1-propanol,2.9953023337374014,2.311617207478829,23.78017022297657
XLLIQLLCWZCATF-UHFFFAOYSA-N,2-methoxyacetate-ethanol,1.5278983147457634,2.32443003261576,6.441959975688102
JZUHIOJYCPIVLQ-UHFFFAOYSA-N,"2-methyl-1,5-pentanediamine",1.6935901592732234,2.455265776307644,7.090134326264689
QPRQEDXDYOZYLA-UHFFFAOYSA-N,2-methyl-1-butanol,1.9870716331431852,2.3726299518241025,10.916742694623457
SVTBMSDMJJWYQN-UHFFFAOYSA-N,"2-methyl-2,4-pentanediol",4.085339846201665,2.389465738143859,34.0343689562812
JMMZCWZIJXAGKW-UHFFFAOYSA-N,2-methyl-2-pentene,0.3871551511659305,2.4892675455957907,2.741109470817851
HYTRYEXINDDXJK-UHFFFAOYSA-N,ethyl_isopropyl_ketone,3.15457188051946,2.393172122174878,22.85812619942523
AKIIJALHGMKJEJ-UHFFFAOYSA-N,2-methylcyclohexyl acetate,2.5300133392119015,2.468348973772121,11.703637465995016
JWUJQDFVADABEY-UHFFFAOYSA-N,2-methyltetrahydrofuran,1.9461321461492107,2.447333619710411,11.928790333402391
SJWFXCIHNDVPSH-UHFFFAOYSA-N,2-octanol,1.7607757558455386,2.405072005107808,6.691392056553543
IQVAERDLDAZARL-UHFFFAOYSA-N,2-phenylpropanal,3.0517796729128444,2.6904669843001554,20.71656642232221
GRWFGVWFFZKLTI-UHFFFAOYSA-N,2-pinene,0.2425347846617753,2.617659898857448,2.6896447012684286
KJRCEJOSASVSRA-UHFFFAOYSA-N,isopropyl_mercaptan,2.5788752426673467,2.5219518634785083,22.3029036015856
OAYXUHPQHDHDDZ-UHFFFAOYSA-N,2-(2-butoxyethoxy)ethanol,2.9865395650851605,2.3860482668308247,14.440648032164884
CDOSHBSSFJOMGT-UHFFFAOYSA-N,"3,7-dimethyl-1,6-octadien-3-ol",1.487363467172558,2.5080218406133676,5.136395757828174
PFCHFHIRKBAQGU-UHFFFAOYSA-N,3-hexanone,3.3422693348098456,2.404194923649239,25.76050677923964
MXLMTQWGSQIYOW-UHFFFAOYSA-N,3-methyl-2-butanol,1.8376625238608284,2.365743796758091,9.517809318831633
UIHCLUNTQKBZGK-UHFFFAOYSA-N,3-methyl-2-pentanone,3.523866997257619,2.3943125958911247,28.2151740229382
BBDKZWKEPDTENS-UHFFFAOYSA-N,4-ethenylcyclohexene,0.3486769701709968,2.6666711743317504,2.856901326102403
RUOJZAUFBMNUDX-UHFFFAOYSA-N,"4-methyl-1,3-dioxolan-2-one",6.054564960672229,2.3627384522492347,102.79666533726596
WVYWICLMDOOCFB-UHFFFAOYSA-N,4-methyl-2-pentanol,1.7389497056313985,2.3874571042349513,7.829061169139837
KZVBBTZJMSWGTK-UHFFFAOYSA-N,diethylene_glycol_di-n-butyl_ether,2.325712294731714,2.4263824052588467,7.410864861265768
FFWSICBKRCICMR-UHFFFAOYSA-N,5-methyl-2-hexanone,3.4684886717458343,2.405254483910978,24.183158473133624
UHEPJGULSIKKTP-UHFFFAOYSA-N,6-methyl-5-hepten-2-one,3.480925709956168,2.469915372805653,23.13142540959651
BJHIKXHVCXFQLS-UYFOZJQFSA-N,D-fructose,2.2230535240941403,2.387570712945979,9.633484278538448
LZCLXQDLBQLTDK-UHFFFAOYSA-N,DL-ethyl lactate,2.628950895851543,2.322044336229396,15.72853379525737
PAYRUJLWNCNPSJ-ZSJDYOACSA-N,"N,N-dideuteroaniline",1.8355109144272168,2.846040566966195,12.446920623291508
LVTYICIALWPMFW-UHFFFAOYSA-N,N-(2-hydroxypropyl)-2-hydroxy-1-propanamine,2.815444322744887,2.383536499033341,15.374804266445066
DTOSIQBPPRVQHS-PDBXOOCHSA-N,"all-cis-9,12,15-octadecatrienoic acid",2.1140320223179767,2.510701231745277,5.593961749750832
PAYRUJLWNCNPSJ-RALIUCGRSA-N,"aniline-2,3,4,5,6-d5",1.8355107117485303,2.846040584193508,12.446918407162284
SUSQOBVLVYHIEX-UHFFFAOYSA-N,phenylacetonitrile,3.808164755743243,2.721797868805007,36.19675444419498
BTANRVKWQNVYAZ-UHFFFAOYSA-N,butan-2-ol,1.8687594847904196,2.340981180513422,11.227115104395155
MRABAEUHTLLEML-UHFFFAOYSA-N,butyl 2-hydroxypropanoate,2.481894208068972,2.3786129616647735,11.754954579952637
MRABAEUHTLLEML-LURJTMIESA-N,butyl L-lactate,3.113899548672117,2.3784938329289833,17.602018315219233
HEDRZPFGACZZDS-MICDWDOJSA-N,chloroform-d,1.1847447415042949,2.4156841647791256,6.080949058476968
OXMIDRBAFOEOQT-OLQVQODUSA-N,"2,5-dimethyltetrahydrofuran",1.841995660151276,2.4653262543627767,9.57888696115111
NNBZCPXTIHJBJL-AOOOYVTPSA-N,cis-decahydronaphthalene,0.0317966759859186,2.6088775075276356,2.6100861528638
XDTMQSROBMDMFD-LBTWDOQPSA-N,cyclohexane-d12,1.081140072086213e-06,2.535191608421255,2.53519160842335
LOMVENUNSWAXEN-UHFFFAOYSA-N,dimethyl-oxalate,8.36348169420146e-05,2.296587838773646,2.296587849617868
LPSXSORODABQKT-YNFQOJQRSA-N,endo-tetrahydrodicyclopentadiene,0.1066763219754499,2.6734214355945047,2.6884443275644796
WDAXFOBOLVPGLV-UHFFFAOYSA-N,ethyl_isobutyrate,2.072569679500186,2.3781189611769307,10.1031339703637
MMXKVMNBHPAILY-UHFFFAOYSA-N,ethyl-dodecanoate,1.967706365760827,2.4450503954442215,5.614266411471872
YYZUSRORWSJGET-UHFFFAOYSA-N,ethyl-octanoate,2.354060020181309,2.4279932275143663,8.963307211904835
HSFWRNGVRCDJHI-UHFFFAOYSA-N,acetylene,1.6689582517910685e-07,2.1936126313694233,2.1936126313695334
LPSXSORODABQKT-FIRGSJFUSA-N,exo-tetrahydrodicyclopentadiene,0.0574119890598224,2.6735953535220163,2.677941259137519
ZCZSIDMEHXZRLG-UHFFFAOYSA-N,n-heptyl_acetate,2.6101838694261437,2.4105010285253368,11.335896880665674
KRHYYFGTRYWZRS-UHFFFAOYSA-N,hydrogen_fluoride,2.5867809500426566,1.5125761924625938,60.76548290636575
KIWATKANDHUUOB-YFKPBYRVSA-N,isopropyl (S)-2-hydroxypropionate,3.4269005817325535,2.349662474266805,23.015622223651008
WSFSSNUMVMOOMR-UHFFFAOYSA-N,formaldehyde,2.487374324984958,2.076874621783649,41.19908280346441
LPEKGGXMPWTOCB-UHFFFAOYSA-N,methyl 2-hydroxypropanoate,3.10213945360783,2.2885473205284894,24.225011538764488
QPJVMBTYPHYUOC-UHFFFAOYSA-N,methyl_benzoate,2.3297221447943115,2.6984087730747977,13.67095637628822
YRHYCMZPEVDGFQ-UHFFFAOYSA-N,methyl_decanoate,2.1316148262429384,2.4220040362729653,7.164970817283672
UQDUPQYQJKYHQI-UHFFFAOYSA-N,methyl_dodecanoate,2.1334125370835695,2.431664504927527,6.474225373230222
JGHZJRVDZXSNKQ-UHFFFAOYSA-N,octanoic_acid_methyl_ester,2.042367280095762,2.395486742335477,7.539651244410781
GOOHAUXETOMSMM-UHFFFAOYSA-N,methyloxirane,2.360244973101393,2.27449465415973,21.889166400254787
JYVLIDXNZAXMDK-UHFFFAOYSA-N,pentan-2-ol,1.893016989381678,2.3747094330538983,10.078850395596628
OXMIDRBAFOEOQT-PHDIDXHHSA-N,"trans-2,5-dimethyltetrahydrofuran",1.7795471305677943,2.4646301648879607,9.059040155932935
IMFACGCPASFAPR-UHFFFAOYSA-N,tributylamine,0.836114242941457,2.424669505215356,2.975174358054127
LPSXSORODABQKT-UHFFFAOYSA-N,"tricyclo[5.2.1.0(2,6)]decane",0.1066684095925382,2.673421406216888,2.6884420653860253
GETQZCLCWQTVFV-UHFFFAOYSA-N,trimethylamine,1.0559412365240326,2.368996858519111,5.388686039657934
MWOOGOJBHIARFG-UHFFFAOYSA-N,vanillin,2.4562359766620547,2.6497446695898303,13.884147537328571
GSNUFIFRDBKVIE-UHFFFAOYSA-N,"2,5-dimethylfuran",0.22780681799118072,2.6979313244838634,2.801661472936
OVISMSJCKCDOPU-UHFFFAOYSA-N,"1,6-dichlorohexane",0.0001890689242641437,2.5772268923031447,2.577226939229278
QOHMWDJIBGVPIF-UHFFFAOYSA-N,3-diethylaminopropylamine,1.8615131395516262,2.621060263778059,8.442449984784155
IBODDUNKEPPBKW-UHFFFAOYSA-N,"1,5-dibromopentane",4.347086094888569,2.711406884536275,42.647607457225945
PKHMTIRCAFTBDS-UHFFFAOYSA-N,hexanoic anhydride,5.206290334274973,2.5863642908719706,36.31072758917028
SGRHVVLXEBNBDV-UHFFFAOYSA-N,"1,6-dibromohexane",0.0004576747402934336,2.7063646202178018,2.7063648920514525
ULTHEAFYOOPTTB-UHFFFAOYSA-N,"1,4-dibromobutane",2.4879276658767767e-05,2.7164201046721055,2.7164201056940858
UDGSVBYJWHOHNN-UHFFFAOYSA-N,"1,2-ethanediamine, N,N-diethyl-",1.6648066083820359,2.5987339574551287,7.680826824043198
DUCKXCGALKOSJF-UHFFFAOYSA-N,pentanoic anhydride,5.307691462758136,2.565432641917366,43.415252794112675
ZAJNGDIORYACQU-UHFFFAOYSA-N,2-decanone,3.423350921479432,2.6066581921384198,20.532525681556514
WXGNWUVNYMJENI-UHFFFAOYSA-N,"1,1,2,2-tetrafluoroethane",3.3359141658127163,1.9070002276646683,33.75837759105359
RHLVCLIPMVJYKS-UHFFFAOYSA-N,3-octanone,3.315341982485289,2.566853292306934,22.762349568798783
OTKFCIVOVKCFHR-UHFFFAOYSA-N,methyl (methylthio)methyl sulfoxide,5.96626025417492,2.75923716243596,97.6952439991386
CDOOAUSHHFGWSA-OWOJBTEDSA-N,R-1234ze(E),1.4735889982983437,2.0834353152563656,7.3349939000316695
TZMFJUDUGYTVRY-UHFFFAOYSA-N,"2,3-pentanedione",0.3797376228086521,2.4645749677702202,2.728681647141987
NNWUEBIEOFQMSS-UHFFFAOYSA-N,2-methylpiperidine,0.9988188752878848,2.6888513751484626,4.802079597549092
AUQDITHEDVOTCU-UHFFFAOYSA-N,cyclopropyl cyanide,4.033807405526604,2.3733798453552524,56.67449249977648
QFTYSVGGYOXFRQ-UHFFFAOYSA-N,"1,12-diaminododecane",2.5856511961428104,2.6707377704415753,10.369896865525776
DMUSSSYUUUYJRM-UHFFFAOYSA-N,pentyl propyl ether,1.4980036382058144,2.5592820987511034,6.015682907856797
JMTFLSQHQSFNTE-UHFFFAOYSA-N,1-dodecyl-1H-imidazole,4.653036452222097,2.719931466007682,26.656643235659757
PYSGFFTXMUWEOT-UHFFFAOYSA-N,3-(dimethylamino)-1-propanol,1.47145525573587,2.5260385736518027,6.989754082255844
QYSXYAURTRCDJU-UHFFFAOYSA-N,"propanol, oxybis-",2.539209616116396,2.4782074292124032,14.43936468857807
XNIOWJUQPMKCIJ-UHFFFAOYSA-N,2-benzylaminoethanol,2.9768520087536823,2.8211409337545055,19.767711915890438
QCDWFXQBSFUVSP-UHFFFAOYSA-N,ethylene glycol monophenyl ether,2.4726093796442785,2.7754774028972884,15.64319455592577
JUGSKHLZINSXPQ-UHFFFAOYSA-N,"1-pentanol, 2,2,3,3,4,4,5,5-octafluoro-",3.6564486310929074,2.05197496418563,21.3471730829435
HVCNXQOWACZAFN-UHFFFAOYSA-N,4-ethylmorpholine,1.600907673133824,2.6361536523693756,8.020901067563015
WTSXICLFTPPDTL-UHFFFAOYSA-N,"1,3-pentanediamine",1.6695087020239698,2.6039128577400263,8.580076522814366
SCZVXVGZMZRGRU-UHFFFAOYSA-N,N-ethylethylenediamine,2.3581768008268056,2.5588481677461057,16.89235924001766
BYKNGMLDSIEFFG-UHFFFAOYSA-N,"1-heptanol, 2,2,3,3,4,4,5,5,6,6,7,7-dodecafluoro-",2.6648789367840586,2.0704483266885894,9.301527566394231
JOYRKODLDBILNP-UHFFFAOYSA-N,urethane,3.1424919510052303,2.4363400125459025,32.09963507165083
YQLZOAVZWJBZSY-UHFFFAOYSA-N,"1,10-diaminodecane",2.414044870735473,2.6496238509435903,10.361155781215377
QLVWOKQMDLQXNN-UHFFFAOYSA-N,dibutyl carbonate,0.887076384977978,2.538711290869255,3.4368733517668137
IWBOPFCKHIJFMS-UHFFFAOYSA-N,"1,2-bis(2-aminoethoxy)ethane",0.3409641313134358,2.53565722513364,2.6810824910411433
XZBXAYCCBFTQHH-UHFFFAOYSA-N,"benzene, (3-chloropropyl)-",2.041255708358514,2.8413226382248906,10.570833966644123
MNNZINNZIQVULG-UHFFFAOYSA-N,(2-chloroethyl)benzene,2.1045660813871647,2.8638301571435325,12.310902807486896
STSCVKRWJPWALQ-UHFFFAOYSA-N,ethyl trifluoroacetate,4.314184522629068,2.199224452602133,42.14336834726605
QHJABUZHRJTCAR-UHFFFAOYSA-N,N-methyltrimethylenediamine,2.5777003987201903,2.547551894550621,19.70310529407017
IUNMPGNGSSIWFP-UHFFFAOYSA-N,"1,3-propanediamine, N,N-dimethyl-",1.5186502359731913,2.5787792862348464,7.3079292967495375
PGFXOWRDDHCDTE-UHFFFAOYSA-N,"2,2,3-trifluoro-3-(trifluoromethyl)oxirane",0.21223235810807492,1.9642797356699562,2.02949425152721
SGUVLZREKBPKCE-UHFFFAOYSA-N,"1,5-diazabicyclo[4.3.0]non-5-ene",3.279343434252417,2.7769654722375927,28.336106606509222
LOLKAJARZKDJTD-UHFFFAOYSA-N,monoethyl succinate,1.1503679076114675,2.4650205568075543,4.5711014374287045
OVGRCEFMXPHEBL-UHFFFAOYSA-N,Propoxyethylene,1.2430374829509674,2.5311059796219273,6.117499448500599
FXRLMCRCYDHQFW-UHFFFAOYSA-N,"2,3,3,3-tetrafluoroprop-1-ene",3.1324367781544344,2.083914998524876,28.16962719814228
NSGXIBWMJZWTPY-UHFFFAOYSA-N,"1,1,1,3,3,3-hexafluoropropane",2.9681422400043114,1.979043269281387,20.647822876999925
CGZZMOTZOONQIA-UHFFFAOYSA-N,cycloheptanone,3.6370605613614533,2.6707173220193186,34.98146860144516
ROORDVPLFPIABK-UHFFFAOYSA-N,diphenyl carbonate,0.00905507389738126,2.936179119619222,2.9362716159301017
GKASDNZWUGIAMG-UHFFFAOYSA-N,triethyl orthoformate,2.5681833579859092,2.4852086084230796,13.218686065799453
QUKHPBOCBWDYMW-UHFFFAOYSA-N,diisobutyl hexahydrophthalate,4.424341388519441,2.679167129926508,22.362500736052958
IHXNSHZBFXGOJM-UHFFFAOYSA-N,2-methyl-2-butenenitrile,3.9816314715399104,2.5323875410388847,48.350533696416406
RMLFHPWPTXWZNJ-UHFFFAOYSA-N,dodecafluoro-2-methylpentan-3-one,0.18593232773353024,2.0437466852762416,2.072332402349055
UVKXJAUUKPDDNW-UHFFFAOYSA-N,3-pentenenitrile,4.081938861254851,2.5150011996854293,49.96973569700482
PLZZPPHAMDJOSR-UHFFFAOYSA-N,nonanenitrile,3.8181881201679,2.565458203408753,26.866151312757978
SZKKNEOUHLFYNA-UHFFFAOYSA-N,undecanenitrile,3.8449879499456796,2.593531047990235,23.292619384094515
KISVAASFGZJBCY-UHFFFAOYSA-N,methyl 10-undecenoate,1.9823805804153007,2.6204150355495854,7.092671849855286
LVZWSLJZHVFIQJ-UHFFFAOYSA-N,cyclopropane,1.2093442200537463e-06,2.36203478407213,2.3620347840766183
OXQHJIGWZNIQDS-UHFFFAOYSA-N,"butane, 2,2-dimethoxy-",2.212292635052911,2.5075240797916876,12.133157081804402
UIKUBYKUYUSRSM-UHFFFAOYSA-N,N-(3-aminopropyl)morpholine,0.714548422762231,2.6601759392402538,3.3958945775091802
KKFDCBRMNNSAAW-UHFFFAOYSA-N,N-.beta.-hydroxyethylmorpholine,1.9291718393853015,2.598135910584817,10.006024350229621
WKJHMKQSIBMURP-UHFFFAOYSA-N,tridecanenitrile,3.9223839223818886,2.6257495395691723,21.36328596308214
SDAXRHHPNYTELL-UHFFFAOYSA-N,heptanenitrile,4.0370562859375045,2.5209473232031283,36.03732628976299
RIQRGMUSBYGDBL-UHFFFAOYSA-N,"1,1,1,2,2,3,4,5,5,5-decafluoropentane",2.8021795421653963,1.9925242401163648,12.360252973002718
VXCUURYYWGCLIH-UHFFFAOYSA-N,dodecanenitrile,4.122172978590917,2.610628538349269,24.87030347932076
MLRCLPRHEOPXLL-UHFFFAOYSA-N,tetradecanenitrile,3.8489204606721588,2.6299308510935444,19.391579714711266
UFLHIIWVXFIJGU-ARJAWSKDSA-N,cis-3-hexen-1-ol,1.9102613696821196,2.5844872592008947,10.736875138111772
IZMOTZDBVPMOFE-UHFFFAOYSA-N,dodecanedioic acid dimethyl ester,3.8264633144553994,2.5827073657198247,17.37634262319223
YSIMAPNUZAVQER-UHFFFAOYSA-N,octanenitrile,3.8490717065235924,2.5468793009536697,29.844469801884298
XSNQECSCDATQEL-UHFFFAOYSA-N,"7-Octen-2-ol, 2,6-dimethyl-",2.0216835990896262,2.6580417455121124,8.558101108016686
MGSRCZKZVOBKFT-UHFFFAOYSA-N,thymol,1.6582933821360768,2.8369712195096413,7.531979140817576
XTBFPVLHGVYOQH-UHFFFAOYSA-N,methyl phenyl carbonate,0.2863534527421315,2.7382124303387703,2.8593269864489677
XOKSLPVRUOBDEW-UHFFFAOYSA-N,"bicyclo[3.1.1]heptane, 2,6,6-trimethyl-",0.1831359536664169,2.772549899341191,2.8184973814883016
QMOLZSLXSAVSPU-UHFFFAOYSA-N,"2-propanone, O-methyloxime",0.972832003377157,2.461582601865548,4.562020790965741
QJQZRLXDLORINA-UHFFFAOYSA-N,2-cyclohexylethanol,1.8826224659606856,2.6707606904877266,9.365222092828297
RGDQRXPEZUNWHX-UHFFFAOYSA-N,2-amino-3-picoline,3.776735505691335,2.848712997462764,43.03207358380524
FUDNBFMOXDUIIE-UHFFFAOYSA-N,"3,7-dimethyl-1,6-octadiene",0.7313590549468132,2.716570825581384,3.41593566637663
GIWQSPITLQVMSG-UHFFFAOYSA-N,"1,2-dimethylimidazole",4.29841706445782,2.7153644106710892,57.14418723094204
GMEONFUTDYJSNV-UHFFFAOYSA-N,ethyl levulinate,1.5396131204955636,2.499076792428815,6.316464510863923
PZYDAVFRVJXFHS-UHFFFAOYSA-N,N-cyclohexylpyrrolidinone,4.259499633904618,2.7483234837963537,34.77813176406358
YBBRCQOCSYXUOC-UHFFFAOYSA-N,sulfuryl chloride,1.4375313734035386,2.712696257802808,9.311247262374396
MNDIARAMWBIKFW-UHFFFAOYSA-N,1-bromohexane,4.246483468491369,2.635742242689339,41.14433888420963
NNBZCPXTIHJBJL-UHFFFAOYSA-N,cis-decalin,0.019033496124405587,2.8123863877219235,2.812895886571254
DJCYDDALXPHSHR-UHFFFAOYSA-N,2-(2-propoxyethoxy)ethanol,3.6371600778423616,2.5086773287118276,25.542791705611307
UKODFQOELJFMII-UHFFFAOYSA-N,"N,N,N',N'',N''-pentamethyldiethylenetriamine",0.925131378161995,2.644786844195936,3.5874711474487344
PMSVVUSIPKHUMT-UHFFFAOYSA-N,2-Cyanopyrazine,3.703049116952697,2.6958383636357492,42.911953185739556
GWQOOADXMVQEFT-UHFFFAOYSA-N,"2,5-dimethylthiophene",0.48994817455176026,2.9105930425846185,3.396897171766342
NHDODQWIKUYWMW-UHFFFAOYSA-N,"benzene, 1-bromo-4-chloro-",1.9245810933377823,2.953622241673171,11.703225927007548
XMGQYMWWDOXHJM-UHFFFAOYSA-N,limonene,0.7254326023885898,2.8063836446536987,3.5783516989022597
CWLKGDAVCFYWJK-UHFFFAOYSA-N,m-aminophenol,3.058427287808167,2.8827034108392966,30.411198489334843
ZZXUZKXVROWEIF-UHFFFAOYSA-N,butylene carbonate,6.053780609344236,2.4892900322723843,96.49391131094374
XHIUFYZDQBSEMF-UHFFFAOYSA-N,2-methylbutyl acetate,2.4243350302933253,2.527295861129322,13.339297043662086
ZYGHJZDHTFUPRJ-UHFFFAOYSA-N,coumarin,5.8151630358130575,2.955750643025515,87.45292168580573
RAXXELZNTBOGNW-UHFFFAOYSA-N,1H-imidazole,3.9082953303943615,2.7125687901341857,69.3056949401711
KYWIYKKSMDLRDC-UHFFFAOYSA-N,2-undecanone,3.520674067397874,2.6035824591597563,19.855802762753928
CYIFVRUOHKNECG-UHFFFAOYSA-N,methyl undecyl ketone,3.5996440503636693,2.627129124621652,18.209123411183143
GOUHYARYYWKXHS-UHFFFAOYSA-N,4-carboxybenzaldehyde,1.525186121882961,2.781728259146117,7.340860179729663
IJGRMHOSHXDMSA-UHFFFAOYSA-N,nitrogen,1.955874656392608e-11,1.8483931661202722,1.8483931661202722
NZNMSOFKMUBTKW-UHFFFAOYSA-N,hexahydrobenzoic acid,1.9131128461074045,2.6300072356250133,10.171321628702163
LJOODBDWMQKMFB-UHFFFAOYSA-N,cyclohexylacetic acid,1.7165802486399544,2.6393159141527254,7.862296450163532
IANQTJSKSUMEQM-UHFFFAOYSA-N,"2,3-benzofuran",0.5366373650182041,2.988360221012105,3.5977264702039244
QLNJFJADRCOGBJ-UHFFFAOYSA-N,propionamide,4.230625908083468,2.4716964274686943,64.45295347579132
RNVYQYLELCKWAN-UHFFFAOYSA-N,"2,2-dimethyl-1,3-dioxolane-4-methanol",2.406473307554625,2.5368424850944695,14.460762986218597
CCEFMUBVSUDRLG-UHFFFAOYSA-N,"7-oxabicyclo[4.1.0]heptane, 1-methyl-4-(1-methylethenyl)-",2.244099887394372,2.7372295572825673,11.383712475223852
KBHBUUBXEQUIMV-UHFFFAOYSA-N,1H-perfluorooctane,2.3400393136634725,2.0077960671838673,6.392028194914884
DOOTYTYQINUNNV-UHFFFAOYSA-N,triethyl citrate,3.496381597089119,2.562281591629984,15.446306809659333
LOQGSOTUHASIHI-UHFFFAOYSA-N,"cyclohexane, 1,1,2,2,3,3,4,5,5,6-decafluoro-4,6-bis(trifluoromethyl)-",0.3963479178434929,2.0657457530888603,2.1767167568980668
QIROQPWSJUXOJC-UHFFFAOYSA-N,"cyclohexane, undecafluoro(trifluoromethyl)-",0.20354093652426838,2.036262029346763,2.0683217610734554
CHLICZRVGGXEOD-UHFFFAOYSA-N,1-methoxy-4-methylbenzene,1.3983862866043422,2.819324987575618,6.848422012935867
HQJQYILBCQPYBI-UHFFFAOYSA-N,"4,4'-dibromobiphenyl",5.449866632574519e-05,3.14167735531174,3.1416773588387463
DTUQWGWMVIHBKE-UHFFFAOYSA-N,benzeneacetaldehyde,3.136128537574148,2.835915325696153,27.110690845711815
