inchikey,name,C6_au,alpha_au
XLYOFNOQVPJJNP-UHFFFAOYSA-N,water,44.44937354359977,9.424061702720627
OKKJLVBELUTLKV-UHFFFAOYSA-N,methanol,212.7871071157031,21.349084592937125
YMWUJEATGCHHMB-UHFFFAOYSA-N,dichloromethane,755.965054368663,41.77042309494006
WEVYAHXRMPXWCK-UHFFFAOYSA-N,acetonitrile,381.56487592969796,29.607266512366568
XEKOWRVHYACXOJ-UHFFFAOYSA-N,ethyl_acetate,1561.8641728847035,58.504425555857935
WYURNTSHIVDZCO-UHFFFAOYSA-N,tetrahydrofuran,1245.4798372040143,51.910456414462246
HEDRZPFGACZZDS-UHFFFAOYSA-N,chloroform,1286.4599594154329,54.56968626032736
KXKVLQRXCPHEJC-UHFFFAOYSA-N,methyl_acetate,1000.3176646198001,46.798958379692706
YXFVVABEGXRONW-UHFFFAOYSA-N,toluene,2492.4663667222367,79.88661109617017
CSCPPACGZOOCGX-UHFFFAOYSA-N,acetone,783.8435590135886,41.96711562895125
NHTMVDHEPJAVLT-UHFFFAOYSA-N,"2,2,4-trimethylpentane",4448.733335936135,99.35434105461046
IMNFDUFMRHMDMM-UHFFFAOYSA-N,n-heptane,3437.716515583942,87.32753307095956
TVMXDCGIABBOFY-UHFFFAOYSA-N,n-octane,4430.554956848441,99.11117771674868
KVNRLNFWIYMESJ-UHFFFAOYSA-N,n-butyronitrile,1246.9045146529352,53.032326894530996
UHOVQNZJYSORNB-UHFFFAOYSA-N,benzene,1764.787180616598,68.11970261229534
HGCIXCUEYOPUTN-UHFFFAOYSA-N,cyclohexene,2090.199821040993,69.88271396227547
XDTMQSROBMDMFD-UHFFFAOYSA-N,cyclohexane,2266.6752439242155,70.743782521398
FXHOOIRPVKKKFG-UHFFFAOYSA-N,"n,n-dimethylacetamide",1758.6033108897911,62.858339924967225
CURLTUGMZLYLDI-UHFFFAOYSA-N,carbon_dioxide,175.43853921881168,19.18542998492747
ZSIAUFGUXNUGDI-UHFFFAOYSA-N,1-hexanol,2930.567784248751,80.05888270313206
KBPLFHHGFOOTCA-UHFFFAOYSA-N,1-octanol,4899.826866277787,103.63228136461669
MWKFXSUHUHTGQN-UHFFFAOYSA-N,1-decanol,7369.042895433876,127.17044674917074
IAZDPXIOMUYVGZ-UHFFFAOYSA-N,dimethyl_sulfoxide,1179.5137448889102,53.03380379614791
QTBSBXVTEAMEQO-UHFFFAOYSA-N,acetic_acid,561.440480779399,34.90662306231457
IVSZLXZYQVIEFR-UHFFFAOYSA-N,m-xylene,3346.0540601381317,91.65431372762329
CTQNGGLPUBDAKN-UHFFFAOYSA-N,o-xylene,3346.84560419935,91.66589943059539
BGHCVCJVXZWKCC-UHFFFAOYSA-N,n-tetradecane,13028.813551886988,169.80945254777512
ZNQVEEAIQZEUHB-UHFFFAOYSA-N,2-ethoxyethanol,1761.0665150209124,61.505789769577575
YEYKMVJDLWJFOA-UHFFFAOYSA-N,ethylene_glycol_monopropyl_ether,2483.843922793733,73.19360671811506
POAOYUHQDCAZBD-UHFFFAOYSA-N,2-butoxyethanol,3338.8191236908847,85.00435811625782
JLGLQAWTXXGVEM-UHFFFAOYSA-N,2-(2-(2-methoxyethoxy)ethoxy)ethanol,5326.943285798846,106.65377133843835
LYCAIKOWRPUZTN-UHFFFAOYSA-N,ethylene_glycol,679.1445372773504,37.780265757008415
OTMSDBZUPAUEDD-UHFFFAOYSA-N,ethane,362.0293227111405,28.496781255476748
LFQSCWFLJHTTHZ-UHFFFAOYSA-N,ethanol,505.66436163838284,33.056669652280206
OIFBSDVPJOWBCH-UHFFFAOYSA-N,diethyl_carbonate,2610.5254698722456,75.12724074013485
RUOJZAUFBMNUDX-VKHMYHEASA-N,propylene_carbonate,1611.0748054732471,58.61871184534754
DKPFZGUDAPQIHT-UHFFFAOYSA-N,n-butyl_acetate,3063.7032498895246,82.02226081174551
LRHPLDYGYMQRHN-UHFFFAOYSA-N,1-butanol,1467.6548070057781,56.55659402266126
KFZMGEQAYNKOFK-UHFFFAOYSA-N,isopropanol,926.1612912317682,44.856809833159275
NNPPMTNAJDCUHE-UHFFFAOYSA-N,isobutane,1218.8374772477796,52.10569258523896
ZMXDDKWLCZADIW-UHFFFAOYSA-N,"n,n-dimethylformamide",1155.4502674793994,51.060419047851475
VLKZOEOYAKHREP-UHFFFAOYSA-N,n-hexane,2572.933308474012,75.58542234568995
UAEPNZWRGJTJPN-UHFFFAOYSA-N,methylcyclohexane,3084.9932275785864,82.53169572964697
IIEWJVIFRVWJOD-UHFFFAOYSA-N,ethylcyclohexane,4028.712785208239,94.31449842559906
PEDCQBHIVMGVHV-UHFFFAOYSA-N,glycerol,1406.7201131849642,54.17374814393175
BDERNNFJNOPAEC-UHFFFAOYSA-N,1-propanol,924.5306928814107,44.82054812682922
XNWFRZJHXBZDAG-UHFFFAOYSA-N,2-methoxyethanol,1157.2808654607652,49.70788816974736
VZGDMQKNWNREIO-UHFFFAOYSA-N,carbon_tetrachloride,1961.7847872827701,67.46075273296168
QARVLSVVCXYDNA-UHFFFAOYSA-N,bromobenzene,2872.6169361052616,86.89423733442943
SUVIGLJNEAMWEG-UHFFFAOYSA-N,n-propyl_mercaptan,1477.1929928330424,59.819339653200956
WQAQPCDUOCURKW-UHFFFAOYSA-N,n-butyl_mercaptan,2146.356693264786,71.54964504323176
ZHNUHDYFZUAESO-UHFFFAOYSA-N,formamide,333.1161660463169,27.5571158691083
AMQJEAYHLZJPGS-UHFFFAOYSA-N,1-pentanol,2136.6796840834336,68.31164855403259
BBMCTIGTTCKYKF-UHFFFAOYSA-N,1-heptanol,3855.505326581043,91.89335761846067
UDSFAEKRVUSQDD-UHFFFAOYSA-N,dimethyl-adipate,5755.822377668335,112.07395858486792
NIQCNGHVCWTJSM-UHFFFAOYSA-N,dimethyl_phthalate,6918.016956328824,128.43336413847328
WVDDGKGOMKODPV-UHFFFAOYSA-N,benzyl_alcohol,2850.7799502343123,84.47809708007921
RYHBNJHYFVUHQT-UHFFFAOYSA-N,"1,4-dioxane",1514.3745650974656,56.848579228766404
HYBBIBNJHNGZAN-UHFFFAOYSA-N,furfural,1652.378165070122,63.756571361308254
BDAGIHXWWSANSR-UHFFFAOYSA-N,formic_acid,251.3563048317036,23.271361797153876
DURPTKYDGMDSBL-UHFFFAOYSA-N,di-n-butyl_ether,4918.898831225101,103.93376559151345
YNAVUWVOSKDBBP-UHFFFAOYSA-N,morpholine,1702.947883691699,61.02720117338562
BTANRVKWQNVYAZ-BYPYZUCNSA-N,2-butanol,1469.568047543954,56.58723208270815
WERYXYBDKMZEQL-UHFFFAOYSA-N,"1,4-butanediol",1747.1236693820363,61.151691014512224
KJIOQYGWTQBHNH-UHFFFAOYSA-N,1-undecanol,8794.456335742896,138.96310151759675
PJGSXYOJTGTZAV-UHFFFAOYSA-N,"3,3-dimethyl-2-butanone",2682.913103879617,77.32506692007615
XBDQKXXYIPTUBI-UHFFFAOYSA-N,propionic_acid,995.6548784362769,46.565420109223524
FERIUCNNQQJTOY-UHFFFAOYSA-N,n-butyric_acid,1555.3303068816879,58.27108091276953
UAOMVDZJSHZZME-UHFFFAOYSA-N,diisopropylamine,3220.013949203655,84.73992907391353
ZXEKIIBDNHEJCQ-UHFFFAOYSA-N,2-methyl-1-propanol,1469.6248974678515,56.601575787390715
CRVGTESFCCXCTH-UHFFFAOYSA-N,methyl_diethanolamine,3107.668861845671,82.11698955029156
SNRUBQQJIBEYMU-UHFFFAOYSA-N,n-dodecane,9658.858375016067,146.23677379353674
DIOQZVSQGTUSAI-UHFFFAOYSA-N,n-decane,6790.994821437415,122.64922255993768
HZAXFHJVJLSVMW-UHFFFAOYSA-N,monoethanolamine,808.5334943555716,42.02940327302992
UEEJHVSXFDXPFK-UHFFFAOYSA-N,dimethylethanolamine,1969.2779335286727,65.82399649704914
BFSVOASYOCHEOV-UHFFFAOYSA-N,diethylethanolamine,3622.6228802382184,89.30306533050852
BZLVMXJERCGZMT-UHFFFAOYSA-N,methyl_tert-butyl_ether,2160.5047088561823,68.84383500679235
MSXVEPNJUHWQHW-UHFFFAOYSA-N,2-methyl-2-butanol,2145.51151228433,68.46137699690621
BKIMMITUMNQMOS-UHFFFAOYSA-N,n-nonane,5550.156407760976,110.90693718416892
IJDNQMDRQITEOD-UHFFFAOYSA-N,n-butane,1217.2541994114022,52.065972102015635
ATUOYWHBWRKTHZ-UHFFFAOYSA-N,propane,726.6136268966688,40.27671957565143
DIKBFYAXUHHXCS-UHFFFAOYSA-N,tribromomethane,2164.32560491262,74.24231814448234
ZJIJAJXFLBMLCK-UHFFFAOYSA-N,perfluorohexane,5144.5843429672195,93.11287523281072
RWSOTUBLDIXVET-UHFFFAOYSA-N,hydrogen_sulfide,216.993404561843,24.532028548876333
LQZZUXJYWNFBMV-UHFFFAOYSA-N,1-dodecanol,10340.8032168552,150.71224181855442
HLZKNKRTKFSKGZ-UHFFFAOYSA-N,1-tetradecanol,13814.862690418431,174.25472197420325
GLDOVTGHNKAZLK-UHFFFAOYSA-N,1-octadecanol,22281.467395524334,221.40820745370112
RGSFGYAAUTVSQA-UHFFFAOYSA-N,cyclopentane,1573.403028491827,58.92399290318744
DMEGYFMYUHOHGS-UHFFFAOYSA-N,cycloheptane,3086.243996335388,82.55353280440181
DCAYPVUWAIABOU-UHFFFAOYSA-N,n-hexadecane,16905.0408869431,193.4022795863448
RZJRJXONCZWCBN-UHFFFAOYSA-N,n-octadecane,21264.02456114226,216.8634053304317
KMTRUDSVKNLOMY-UHFFFAOYSA-N,ethylene_carbonate,1040.9677826854138,46.9244309965043
UHCBBWUQDAVSMS-UHFFFAOYSA-N,ethyl_fluoride,404.5151740932848,29.041972445990346
JMMWKPVZQRWMSS-UHFFFAOYSA-N,isopropyl_acetate,2251.5007398045323,70.28108685082034
URLKBWYHVLBVBO-UHFFFAOYSA-N,p-xylene,3346.1662148074306,91.65616200619326
ZFFMLCVRJBZUDZ-UHFFFAOYSA-N,"2,3-dimethylbutane",2579.6547921954716,75.70451874776899
KQNPFQTWMSNSAP-UHFFFAOYSA-N,isobutyric_acid,1556.632664326754,58.297897170245214
GHVNFZFCNZKVNT-UHFFFAOYSA-N,n-decanoic_acid,7549.83447439279,128.7482328510956
POULHZVOKOAJMA-UHFFFAOYSA-N,n-dodecanoic_acid,10556.319380087454,152.30584312054114
IPCSVZSSVZVIGE-UHFFFAOYSA-N,n-hexadecanoic_acid,18071.51548836487,199.37652270733676
QIQXTHQIDYTFRH-UHFFFAOYSA-N,n-octadecanoic_acid,22584.39736537088,222.92965851758044
TUNFSRHWOTWDNC-UHFFFAOYSA-N,n-tetradecanoic_acid,14058.879500155434,175.8110737373797
XXJWXESWEXIICW-UHFFFAOYSA-N,2-(2-ethoxyethoxy)ethanol,3778.597551643151,90.02062388476516
DKMROQRQHGEIOW-UHFFFAOYSA-N,diethyl_succinate,5757.116977083564,112.06400692709643
LVGUZGTVOIAKKC-UHFFFAOYSA-N,"1,1,1,2-tetrafluoroethane",611.4140223695056,33.18682515709041
RWRIWBAIICGTTQ-UHFFFAOYSA-N,difluoromethane,191.14103620885814,18.95182068321324
GTLACDSXYULKMZ-UHFFFAOYSA-N,pentafluoroethane,698.6862777823029,34.830102333118646
WUGQZFFCHPXWKQ-UHFFFAOYSA-N,3-amino-1-propanol,1319.5027771512412,53.747596125351784
HNJBEVLQSNELDL-UHFFFAOYSA-N,2-pyrrolidone,1502.7598676599982,57.83431444806514
SECXISVLQFMRJM-UHFFFAOYSA-N,n-methyl-2-pyrrolidone,2180.521532053254,69.67123086109075
MTHSVFCYNBDYFN-UHFFFAOYSA-N,diethylene_glycol,2071.0795937493795,66.18312888712934
ZIBGPFATKBEMQZ-UHFFFAOYSA-N,triethylene_glycol,4218.1761161053455,94.57288750259357
UWHCKJMYHZGTIT-UHFFFAOYSA-N,tetraethylene_glycol,7124.015346386066,123.0067166090202
NOPJRYAFUXTDLX-UHFFFAOYSA-N,"1,1,1,2,2,3,3-heptafluoro-3-methoxypropane_[hfe3",2377.57539147617,65.55129868579228
NIXOWILDQLNWCW-UHFFFAOYSA-N,acrylic_acid,885.7206041536338,45.835184696403346
ZAFNJMIOTHYJRJ-UHFFFAOYSA-N,diisopropyl_ether,2957.0279797874086,80.54047009387456
FLIACVVOZYBSBS-UHFFFAOYSA-N,hexadecanoic_acid_methyl_ester,20285.532427441776,211.37481096931046
VQTUBCCKSQIDNK-UHFFFAOYSA-N,isobutene,1090.2793205113364,51.23432938295127
IAQRGUVFOMOMEM-ONEGZZNKSA-N,trans-2-butene,1088.5451676440334,51.18941378471492
NUMQCACRALPSHD-UHFFFAOYSA-N,tert-butyl_ethyl_ether,2959.8870196940557,80.59363676746324
DCKVNWZUADLDEH-RXMQYKEDSA-N,sec-butyl_acetate,3063.927338511471,82.01614883096809
ZWEHNKRNPOVVGH-UHFFFAOYSA-N,methyl_ethyl_ketone,1289.4760579409271,53.71599729506203
XTHFKEDIFFGKHM-UHFFFAOYSA-N,"1,2-dimethoxyethane",1772.1630160602895,61.8474818895005
MSSNHSVIGIHOJA-UHFFFAOYSA-N,"1,1,1,3,3-pentafluoropropane_[r245fa]",1159.9893289089089,46.14805789410002
RFFLAFLAYFXFSW-UHFFFAOYSA-N,o-dichlorobenzene,3407.304601583438,92.96686024393274
GAEKPEKOJKCEMS-BYPYZUCNSA-N,gamma-valerolactone,1966.253796711717,65.43468666613381
ZAZKJZBWRNNLDS-UHFFFAOYSA-N,tetradecanoic_acid_methyl_ester,16024.573766163914,187.8464779014577
MMKRHZKQPFCLLS-UHFFFAOYSA-N,ethyl-tetradecanoate,18100.6123647486,199.64910961819913
SBZXBUIDTXKZTM-UHFFFAOYSA-N,diethylene_glycol_dimethyl_ether,3780.494305457854,90.14483448835725
RRQYJINTUHWNHW-UHFFFAOYSA-N,diethylene_glycol_diethyl_ether,5980.3141980759365,113.66430094004801
YFNKIDBQEZZDLK-UHFFFAOYSA-N,triethylene_glycol_dimethyl_ether,6551.759057841976,118.57208643510319
ZUHZGEOKBKGPSW-UHFFFAOYSA-N,tetraethylene_glycol_dimethyl_ether,10084.456651747356,147.03050093461889
UJPMYEOUBPIPHQ-UHFFFAOYSA-N,"1,1,1-trifluoroethane",539.1675764934811,32.02225475913673
NTIZESTWPVYFNL-UHFFFAOYSA-N,methyl_isobutyl_ketone,2677.9329609297893,77.24638205514084
GJRQTCIYDGXPES-UHFFFAOYSA-N,isobutyl_acetate,3063.467539222603,82.01598711661738
UFWIBTONFRDIAS-UHFFFAOYSA-N,naphthalene,4470.92822602862,108.5777554188563
FLKPEMZONWLCSK-UHFFFAOYSA-N,diethyl_phthalate,9789.46970191425,151.82696456444762
YTPLMLYBLZKORZ-UHFFFAOYSA-N,thiophene,1572.7370896996501,65.09842157859322
NPNPZTNLOVBDOC-UHFFFAOYSA-N,"1,1-difluoroethane",464.4166187756307,30.28608039564937
YFMFNYKEUDLDTL-UHFFFAOYSA-N,"1,1,1,2,3,3,3-heptafluoropropane",1398.141248141524,49.22069592611554
HQABUPZFAYXKJW-UHFFFAOYSA-N,n-butylamine,1661.695382936386,60.92622539166578
PIICEJLVQHRZGT-UHFFFAOYSA-N,ethylenediamine,952.9002173433313,46.37096661431277
UUIQMZJEGPQKFD-UHFFFAOYSA-N,methyl_n-butyrate,2248.0852446129734,70.23557014787032
HNBDRPTVWVGKBR-UHFFFAOYSA-N,methyl_pentanoate,3062.216614853845,82.00769975764582
DKGAVHZHDRPRBM-UHFFFAOYSA-N,2-methyl-2-propanol,1474.8127596869263,56.70287459478682
IEJIGPNLZYLLBP-UHFFFAOYSA-N,dimethyl_carbonate,1247.809746998274,51.73654254645044
VDHBXQMYKGNZRP-UHFFFAOYSA-N,butyl_isobutyl_ether,4922.342762584817,103.98193611778153
HPXRVTGHNJAIIH-UHFFFAOYSA-N,cyclohexanol,2604.583290284131,75.22441365304798
JHIVVAPYMSGYDF-UHFFFAOYSA-N,cyclohexanone,2360.2645959920246,72.30034981658092
GUVUOGQBMYCBQP-UHFFFAOYSA-N,"n,n'-dimethylpropylene_urea_<dmpu>",3680.7993690053763,90.62047072005045
AVQQQNCBBIEMEU-UHFFFAOYSA-N,"1,1,3,3-tetramethyl_urea",3121.443342586817,83.7372950285431
CYSGHNMQYZDMIA-UHFFFAOYSA-N,"1,3-dimethylimidazolidin-2-one",2781.3391651113516,78.83430457882007
YEJRWHAVMIAJKC-UHFFFAOYSA-N,gamma-butyrolactone,1326.7658420366029,53.66918448990259
SYBYTAAJFKOIEJ-UHFFFAOYSA-N,methyl_isopropyl_ketone,1921.1541704173133,65.48085310355899
ISWSIDIOOBJBQZ-UHFFFAOYSA-N,phenol,2067.409165075689,72.59679282450382
VGGSQFUCUMXWEO-UHFFFAOYSA-N,ethylene,294.22302575144585,27.66365999366621
QQZOPKMRPOGIEB-UHFFFAOYSA-N,2-hexanone,2675.2528492266692,77.1991881033697
YKYONYBAUNKHLG-UHFFFAOYSA-N,n-propyl_acetate,2248.1501316377953,70.22334206980011
OTBHHUPVCYLGQO-UHFFFAOYSA-N,bis(3-aminopropyl)amine,4692.089147862528,102.46981287513535
IPBVNPXQWQGGJP-UHFFFAOYSA-N,acetic_acid_phenyl_ester,3908.289053496362,98.09281456416157
NQPDZGIKBAWPEJ-UHFFFAOYSA-N,n-pentanoic_acid,2240.567057985145,69.99642819026684
FUZZWVXGSFPDMH-UHFFFAOYSA-N,n-hexanoic_acid,3051.7400395014834,81.74489094651405
MNWFXJYAOYHMED-UHFFFAOYSA-N,n-heptanoic_acid,3986.251555916765,93.46302738223208
WWZKQHOCKIZLMA-UHFFFAOYSA-N,n-octanoic_acid,5050.540172779994,105.24833732834225
LCGLNKUTAGEVQW-UHFFFAOYSA-N,dimethyl_ether,511.33516288635343,33.3738808289192
PFEOZHBOMNWTJB-UHFFFAOYSA-N,3-methylpentane,2576.360883563245,75.6468015051736
HNRMPXKDFBEGFZ-UHFFFAOYSA-N,"2,2-dimethylbutane",2583.1099448298837,75.76393753497301
WJTCGQSWYFHTAC-UHFFFAOYSA-N,cyclooctane,4030.682067159199,94.34330499075224
LIKMAJRDDDTEIG-UHFFFAOYSA-N,1-hexene,2384.6927552940806,74.74636550785375
ZGEGCLOFRBLKSE-UHFFFAOYSA-N,1-heptene,3219.285845110452,86.48824563767296
KWKAKUADMBZCLK-UHFFFAOYSA-N,1-octene,4180.470610449851,98.25090472145638
AFFLGGQVNFXPEV-UHFFFAOYSA-N,1-decene,6483.9781351995625,121.83193534583106
IBXNCJKFFQIKKY-UHFFFAOYSA-N,1-pentyne,1450.3744334509538,58.31870015119698
CGHIBGNXEGJPQZ-UHFFFAOYSA-N,1-hexyne,2117.975456252965,70.12154806085859
YVXHZKKCZYLQOP-UHFFFAOYSA-N,1-heptyne,2907.611419819969,81.85410951354457
UMIPWJGWASORKV-UHFFFAOYSA-N,1-octyne,3824.0512152798146,93.61501045573968
YNQLUTRBYVCPMQ-UHFFFAOYSA-N,ethylbenzene,3344.854955142074,91.65264501961069
PPBRXRYQALVLMV-UHFFFAOYSA-N,styrene,3136.743662563592,90.81763188665428
HVZJRWJGKQPSFL-UHFFFAOYSA-N,methyl_tert-pentyl_ether,2959.322053273304,80.6073026787073
RTZKZFJDLAIYFH-UHFFFAOYSA-N,diethyl_ether,1479.6096934924315,56.90105003160096
POLCUAVZOMRGSN-UHFFFAOYSA-N,di-n-propyl_ether,2949.3760961981134,80.43382156266736
XNLICIUVMPYHGG-UHFFFAOYSA-N,2-pentanone,1919.658889654863,65.4533365783408
FDPIMTJIUBPUKL-UHFFFAOYSA-N,3-pentanone,1920.3725071725794,65.46460396285207
JUJWROOIHBZHMG-UHFFFAOYSA-N,pyridine,1566.832695064833,63.46957129098565
OFBQJSOFQDEBGM-UHFFFAOYSA-N,n-pentane,1832.3170483679253,63.82365114331889
YWAKXRMUMFPDSH-UHFFFAOYSA-N,1-pentene,1674.2723061446106,62.985665390969885
RAHZWNYVWXNFOC-UHFFFAOYSA-N,sulfur_dioxide,378.8612657469832,30.128392873273285
LPNBBFKOUUSUDB-UHFFFAOYSA-N,p-toluic_acid,3901.495294105665,97.94943094330833
XXROGKLTLUQVRX-UHFFFAOYSA-N,allyl_alcohol,814.8226455431796,44.01916194837407
LWWJDXKGQVEZKT-QMMMGPOBSA-N,2-ethyl-1-hexanol,4905.608050292145,103.70873714477177
OBNCKNCVKJNDBV-UHFFFAOYSA-N,ethyl_n-butyrate,3062.1896220613326,81.99330077508098
MCSINKKTEDDPNK-UHFFFAOYSA-N,n-propyl_propionate,3060.730022857593,81.96771992862956
DIQMPQMYFZXDAX-UHFFFAOYSA-N,n-pentyl_formate,3058.6956129232976,81.95082787105792
CATSNJVOTSVZJV-UHFFFAOYSA-N,2-heptanone,3556.6310530259198,88.95432669724134
JJWKPURADFRFRB-UHFFFAOYSA-N,carbonyl_sulfide,446.51806859830475,33.99429416351477
ATHHXGZTWNVVOU-UHFFFAOYSA-N,n-methylformamide,678.7105175074223,39.210470656180725
RSJKGSCJYJTIGS-UHFFFAOYSA-N,n-undecane,8161.701328918,134.44031165326447
PHTQWCKDNZKARW-UHFFFAOYSA-N,3-methyl-1-butanol,2138.983411664862,68.35737809264319
WGECXQBGLLYSFP-ZETCQYMHSA-N,"2,3-dimethylpentane",3448.2702444544916,87.49077928528725
VQKFNUFAXTZWDK-UHFFFAOYSA-N,2-methylfuran,1556.1057372225891,61.82739384997466
JFCQEDHGNNZCLN-UHFFFAOYSA-N,glutaric_acid,2717.9711569554393,76.60988867668141
PAFZNILMFXTMIY-UHFFFAOYSA-N,cyclohexylamine,2868.487048764516,79.73227826472043
JOOXCMJARBKPKM-UHFFFAOYSA-N,levulinic_acid,2359.1867238806185,72.0032925143425
QWTDNUCVQCZILF-UHFFFAOYSA-N,isopentane,1836.1054334968956,63.903816207858576
BKOOMYPCSUNDGP-UHFFFAOYSA-N,2-methyl-2-butene,1676.7648425282828,63.00169488805639
LPIQUOYDBNQMRZ-UHFFFAOYSA-N,cyclopentene,1426.764410778277,58.063773355385415
RRHGJUQNOFWUDK-UHFFFAOYSA-N,isoprene,1527.1412429131185,62.150608720064085
QQONPFPTGQHPMA-UHFFFAOYSA-N,propylene,628.65263980016,39.432277624369085
MLFHJEHSLIIPHL-UHFFFAOYSA-N,isopentyl_acetate,4002.090961307793,93.77326027132152
PAYRUJLWNCNPSJ-UHFFFAOYSA-N,aniline,2297.2013120465203,76.97425643266713
JYVLIDXNZAXMDK-YFKPBYRVSA-N,2-pentanol,2141.1985433716814,68.38528852693324
MVPPADPHJFYWMZ-UHFFFAOYSA-N,monochlorobenzene,2514.6991014572923,80.473629315423
RDOXTESZEPMUJZ-UHFFFAOYSA-N,anisole,2861.2824696562266,84.66164235686173
AUHZEENZYGFFBQ-UHFFFAOYSA-N,mesitylene,4325.529918444741,103.42214975403924
URAYPUMNDPQOKB-UHFFFAOYSA-N,glyceryl_triacetate,7871.642198068784,130.7503307751961
WMIYKQLTONQJES-UHFFFAOYSA-N,hexafluoroethane,799.9687839256674,36.84868186197254
NBUKAOOFKZFCGD-UHFFFAOYSA-N,"2,2,3,3-tetrafluoro-1-propanol",1296.263001026347,49.107055856306424
OPKOKAMJFNKNAS-UHFFFAOYSA-N,methylethanolamine,1321.1122903392309,53.84135809052512
RLSSMJSEOOYNOY-UHFFFAOYSA-N,m-cresol,2848.6488657835703,84.33952503186671
IWDCLRJOBJJRNH-UHFFFAOYSA-N,p-cresol,2849.0620707057988,84.3461553557807
YPFDHNVEDLHUCE-UHFFFAOYSA-N,"1,3-propylene_glycol",1149.6454124290647,49.430696936211554
QYSGYZVSCZSLHT-UHFFFAOYSA-N,octafluoropropane,1530.106373073975,50.81892269928261
OCKPCBLVNKHBMX-UHFFFAOYSA-N,n-butylbenzene,5424.725826877838,115.16893066959385
NDJKXXJCMXVBJW-UHFFFAOYSA-N,n-heptadecane,19012.691244165566,205.0711269355448
RWRDLPDLKQPQOW-UHFFFAOYSA-N,pyrrolidine,1418.438495406284,56.12755813807164
NQRYJNQNLNOLGT-UHFFFAOYSA-N,piperidine,2081.8702633308126,67.99549315961431
PAMIQIKDUOTOBW-UHFFFAOYSA-N,n-methylpiperidine,2876.1710960142204,79.92785053278438
SJRJJKPEHAURKC-UHFFFAOYSA-N,n-methylmorpholine,2427.2408272869507,72.95752255837682
PVOAHINGSUIXLS-UHFFFAOYSA-N,1-methylpiperazine,2666.6238706005524,77.16022847675951
RXYPXQSKLGGKOL-UHFFFAOYSA-N,"1,4-dimethyl_piperazine",3556.319530254391,89.09599168551009
JWUJQDFVADABEY-RXMQYKEDSA-N,2-methyltetrahydrofuran,1869.4208034598173,63.7168740692703
DHXVGJBLRPWPCS-UHFFFAOYSA-N,oxacyclohexane,1870.432381126383,63.78089959352634
WNXJIVFYUVYPPR-UHFFFAOYSA-N,"1,3-dioxolane",959.9338251018056,44.97508551107848
AQIXEPGDORPWBJ-UHFFFAOYSA-N,3-pentanol,2140.70256894852,68.37581197226811
XCIXKGXIYUWCLL-UHFFFAOYSA-N,cyclopentanol,1858.1382718295165,63.42492087870873
PZHIWRCQKBBTOW-UHFFFAOYSA-N,n-butyl_ethyl_ether,2947.6797621881183,80.40524616517263
QGZKDVFQNNGYKY-UHFFFAOYSA-N,ammonia,84.0073230804989,13.923565121848215
VXNZUUAINFGPBY-UHFFFAOYSA-N,1-butene,1088.4478545827158,51.20327893544198
IXQGCWUGDFDQMF-UHFFFAOYSA-N,o-ethylphenol,3754.9663154312784,96.09655428286332
HMNKTRSOROOSPP-UHFFFAOYSA-N,m-ethylphenol,3754.9484746200883,96.09191606536834
HXDOZKJGKXYMEW-UHFFFAOYSA-N,p-ethylphenol,3755.2971468587275,96.09687752068758
LHGVFZTZFXWLCP-UHFFFAOYSA-N,guaiacol,3249.1030392051025,89.20530707633026
NWVVVBRKAWDGAB-UHFFFAOYSA-N,p-methoxyphenol,3246.182691711586,89.16561654872353
YBYIRNPNPLQARY-UHFFFAOYSA-N,indene,3689.7901027047305,97.61242923013293
CWERGRDVMFNCDR-UHFFFAOYSA-N,thioglycolic_acid,1246.362689364783,54.66039141238063
NMJJFJNHVMGPGM-UHFFFAOYSA-N,n-butyl_formate,2245.2822909469587,70.17972402307473
BSKHPKMHTQYZBB-UHFFFAOYSA-N,2-methylpyridine,2256.9502552819986,75.25387928407403
ZTOMUSMDRMJOTH-UHFFFAOYSA-N,glutaronitrile,1919.3082290779923,66.0216063101285
AKGGYBADQZYZPD-UHFFFAOYSA-N,4-phenyl-2-butanone,5581.21265448415,116.86878164867137
QUKGYYKBILRGFE-UHFFFAOYSA-N,benzyl_acetate,4959.944330694705,109.93787166505184
QYDYPVFESGNLHU-KHPPLWFESA-N,methyl_oleate,24471.069120180815,234.15903846086493
CBFCDTFDPHXCNY-UHFFFAOYSA-N,n-eicosane,26133.894157265873,240.38838229766455
ZWRUINPWMLAQRD-UHFFFAOYSA-N,1-nonanol,6070.523294801164,115.3888737046631
AFABGHUZZDYHJO-UHFFFAOYSA-N,2-methylpentane,2575.7271924510155,75.63465415163662
CBOQJANXLMLOSS-UHFFFAOYSA-N,ethyl_vanillin,5466.434379805528,114.46303398699348
ODLMAHJVESYWTB-UHFFFAOYSA-N,n-propylbenzene,4321.931032212096,103.40897270017287
WEHWNAOGRSTTBQ-UHFFFAOYSA-N,di-n-propylamine,3209.3774755201825,84.58312988386291
VFWCMGCRMGJXDK-UHFFFAOYSA-N,n-butyl_chloride,1842.9353933759885,64.32840336258926
NBRKLOOSMBRFMH-UHFFFAOYSA-N,tert-butyl_chloride,1848.8734149708114,64.4229240947217
QTBFPMKWQKYFLR-UHFFFAOYSA-N,isobutyl_chloride,1845.899347582599,64.39429814432783
FPYJFEHAWHCUMM-UHFFFAOYSA-N,maleic_anhydride,1292.9274577277188,55.04700612287255
OISVCGZHLKNMSJ-UHFFFAOYSA-N,"2,6-dimethylpyridine",3073.670761770002,87.045726381633
HWWYDZCSSYKIAD-UHFFFAOYSA-N,"3,5-dimethylpyridine",3069.237383131538,86.9648888778825
KFRVYYGHSPLXSZ-UHFFFAOYSA-N,ethyl_tert-pentyl_ether,3886.198068379347,92.38462403805198
NLHHRLWOUZZQLW-UHFFFAOYSA-N,acrylonitrile,656.4564904740581,40.54235065292899
CAWHJQAVHZEVTJ-UHFFFAOYSA-N,2-methyl_pyrazine,2033.2611989337247,70.61053323567207
YCOZIPAWZNQLMR-UHFFFAOYSA-N,n-pentadecane,14896.515235650051,181.55219473133445
IOQPZZOEVPZRBK-UHFFFAOYSA-N,n-octylamine,5248.3690544173805,107.98861901770604
MHZGKXUYDGKKIU-UHFFFAOYSA-N,n-decylamine,7799.054035763811,131.56684454647913
XFNJVJPLKCPIBV-UHFFFAOYSA-N,"1,3-propanediamine",1503.0725787634306,58.10591519553589
ZMANZCXQSJIPKH-UHFFFAOYSA-N,triethylamine,3223.848074676306,84.83214294142513
QWVGKYWNOKOFNN-UHFFFAOYSA-N,o-cresol,2848.999756637346,84.34976838946159
WSLDOOZREJYCGB-UHFFFAOYSA-N,"1,2-dichloroethane",1246.4068233550572,53.32833563011209
QPFMBZIOSGYJDE-UHFFFAOYSA-N,"1,1,2,2-tetrachloroethane",2697.8324875958715,78.71979972481839
XSTXAVWGXDQKEL-UHFFFAOYSA-N,trichloroethylene,1752.260415716009,65.18114373748853
CYTYCFOTNPOANT-UHFFFAOYSA-N,tetrachloroethylene,2522.4745260229743,77.89572652769063
BTMVHUNTONAYDX-UHFFFAOYSA-N,n-butyl_propionate,3998.4292836523578,93.71497532465547
MCTWTZJPVLRJOU-UHFFFAOYSA-N,n-methylimidazole,1555.343560364488,61.48423461318946
LTEQMZWBSYACLV-UHFFFAOYSA-N,n-hexylbenzene,8009.8887017293155,138.7241806153174
AOPDRZXCEAKHHW-UHFFFAOYSA-N,di-n-pentyl_ether,7396.883570310981,127.5160160323168
PAAZPARNPHGIKF-UHFFFAOYSA-N,"1,2-dibromoethane",1781.1061693021652,66.1836801162115
PYLWMHQQBFSUBP-UHFFFAOYSA-N,fluorobenzene,1856.1032188851816,68.54763351056381
ZJMWRROPUADPEA-SECBINFHSA-N,sec-butylbenzene,5431.44529524787,115.25184713029222
BTFJIXJJCSYFAL-UHFFFAOYSA-N,1-eicosanol,27254.69106797073,244.90107023973445
IIYFAKIEWZDVMP-UHFFFAOYSA-N,n-tridecane,11273.18191998797,157.95686960731973
OHLUUHNLEMFGTQ-UHFFFAOYSA-N,n-methylacetamide,1154.054470902838,50.970989779451415
CBTVGIZVANVGBH-UHFFFAOYSA-N,2-amino-2-methyl-1-propanol_(amp),1963.8923051946358,65.63319488003039
WFDIJRYMOXRFFG-UHFFFAOYSA-N,acetic_anhydride,1663.7282732882713,60.488934928992286
KAKZBPTYRLMSJV-UHFFFAOYSA-N,"1,3-butadiene",969.790342218133,50.34907195432805
OWBTYPJTUOEWEK-ZXZARUISSA-N,"2,3-butanediol",1753.519785018454,61.25586690021851
HXJUTPCZVOIRIF-UHFFFAOYSA-N,sulfolane,2581.70976284667,76.50124534134069
RWGFKTVRMDUZSP-UHFFFAOYSA-N,cumene,4326.008694575255,103.46338448550401
JRZJOMJEPLMPRA-UHFFFAOYSA-N,1-nonene,5271.6888804407745,110.07148637349748
MELUCTCJOARQQG-UHFFFAOYSA-N,2-hexyne,2117.1465780647086,70.09120808434116
DQQNMIPXXNPGCV-UHFFFAOYSA-N,3-hexyne,2117.922222840294,70.10309671168443
UOCLXMDMGBRAIB-UHFFFAOYSA-N,"1,1,1-trichloroethane",1907.3473205555795,66.11244032701073
KWOLFJPFCHCOCG-UHFFFAOYSA-N,acetophenone,3470.4756080864086,93.35199024075628
GSJFXBNYJCXDGI-UHFFFAOYSA-N,methyl_glycolate,1241.257413466023,51.56822795995915
YTZKOQUCBOVLHL-UHFFFAOYSA-N,tert-butylbenzene,5437.30984558116,115.31897167801023
OHMHBGPWCHTMQE-UHFFFAOYSA-N,"2,2-dichloro-1,1,1-trifluoroethane",1588.488396773361,57.4635302829199
SQCZQTSHSZLZIQ-UHFFFAOYSA-N,1-chloropentane,2585.8565487445167,76.09909754324573
LGUZHRODIJCVOC-UHFFFAOYSA-N,perfluoroheptane,6817.696386770094,107.11890392535857
JFDZBHWFFUWGJE-UHFFFAOYSA-N,benzonitrile,2546.6584693157015,80.97368194361592
LJSQFQKUNVCTIA-UHFFFAOYSA-N,diethyl_sulfide,2153.435362008968,71.64482527209728
PGMYKACGEOXYJE-UHFFFAOYSA-N,n-pentyl_acetate,3998.7999503630517,93.72446412195976
YYLLIJHXUHJATK-UHFFFAOYSA-N,cyclohexyl_acetate,4628.591719280816,100.61852659306317
RNVCVTLRINQCPJ-UHFFFAOYSA-N,o-toluidine,3118.3469610935435,88.73544645862566
MPPPKRYCTPRNTB-UHFFFAOYSA-N,1-bromobutane,2134.608193129018,70.51392637884302
JJNQHLLBFBGKEL-UHFFFAOYSA-N,butyl_tert-butyl_ether,4935.723531721809,104.13810631492913
IBSQPLPBRSHTTG-UHFFFAOYSA-N,o-chlorotoluene,3368.814864502282,92.21013233054563
NPDACUSDTOMAMK-UHFFFAOYSA-N,p-chlorotoluene,3369.7348180978515,92.2203778706383
LCEDQNDDFOCWGG-UHFFFAOYSA-N,4-formylmorpholine,2531.3550948920074,74.58618562321091
HNFSPSWQNZVCTB-UHFFFAOYSA-N,isopropyl_tert-butyl_ether,3889.3919362942524,92.41719130494126
MLRVZFYXUZQSRU-UHFFFAOYSA-N,1-chlorohexane,3452.6375017891214,87.84152707936616
VVQNEPGJFQJSBK-UHFFFAOYSA-N,methyl_methacrylate,2078.9753730182356,69.46667100317579
SOGAXMICEFXMKE-UHFFFAOYSA-N,n-butyl_methacrylate,4802.731800249687,104.66001416174363
RUMACXVDVNRZJZ-UHFFFAOYSA-N,isobutyl_methacrylate,4807.26298458988,104.7211828169055
HXDLWJWIAHWIKI-UHFFFAOYSA-N,glycol_monoacetate,1857.9512593413967,63.26092317765943
JTXMVXSTHSMVQF-UHFFFAOYSA-N,ethylene_glycol_diacetate,3614.340526549987,88.66824880747104
QMMFVYPAHWMCMS-UHFFFAOYSA-N,dimethyl_sulfide,934.9753211917595,48.12833061548069
WXEHBUMAEPOYKP-UHFFFAOYSA-N,methyl_ethyl_sulfide,1481.207957106138,59.88024645080498
QGJOPFRUJISHPQ-UHFFFAOYSA-N,carbon_disulfide,850.2858753735509,48.90949649861204
NKDDWNXOKDWJAK-UHFFFAOYSA-N,methylal,1169.0249436884144,50.11982778690619
CXBDYQVECUFKRK-UHFFFAOYSA-N,methyl_n-butyl_ether,2150.142494294927,68.64781305125885
NUVBSKCKDOMJSU-UHFFFAOYSA-N,ethyl-4-hydroxybenzoate,5464.107830813222,114.41908567037484
UIWXSTHGICQLQT-UHFFFAOYSA-N,vinyl_propionate,2074.5500518918498,69.32553268017993
XMGQYMWWDOXHJM-JTQLQIEISA-N,d-limonene,5710.01119351395,116.16145535482612
YRKCREAYFQTBPV-UHFFFAOYSA-N,acetylacetone,2021.3776429754143,67.30576134442265
VOPWNXZWBYDODV-UHFFFAOYSA-N,chlorodifluoromethane,494.7097258232305,31.971368992431994
IAQRGUVFOMOMEM-ARJAWSKDSA-N,cis-2-butene,1089.3028609274065,51.210102002894786
NUKZAGXMHTUAFE-UHFFFAOYSA-N,hexanoic_acid_methyl_ester,3999.01058809647,93.7405791160928
XNCNNDVCAUWAIT-UHFFFAOYSA-N,methyl_heptanoate,5062.217684706643,105.49081832651466
XTXRWKRVRITETP-UHFFFAOYSA-N,vinyl_acetate,1418.4384984854796,57.61839969582593
BGTOWKSIORTVQH-UHFFFAOYSA-N,cyclopentanone,1652.9332583002306,60.51434214149881
ZPVFWPFBNIEHGJ-UHFFFAOYSA-N,2-octanone,4566.487576705391,100.75176754035803
ZBCBWPMODOFKDW-UHFFFAOYSA-N,diethanolamine,2282.3662696987512,70.2236235457282
QPRQEDXDYOZYLA-YFKPBYRVSA-N,2-methyl-1-butanol,2139.39374330176,68.36444323559189
XYIBRDXRRQCHLP-UHFFFAOYSA-N,ethyl_acetoacetate,3190.2124939635305,83.84393371279073
RJUFJBKOKNCXHH-UHFFFAOYSA-N,methyl_propionate,1561.642876932234,58.51026165364135
PYGXAGIECVVIOZ-UHFFFAOYSA-N,dibutyl_sebacate,24019.74206440968,229.56520017099888
ZUOUZKKEUPVFJK-UHFFFAOYSA-N,biphenyl,6536.973723517628,131.2591010002034
SNMVRZFUUCLYTO-UHFFFAOYSA-N,n-propyl_chloride,1226.4680505817648,52.583138029407834
KPSSIOMAKSHJJG-UHFFFAOYSA-N,"2,2-dimethyl-1-propanol",2144.780905995418,68.46560092858164
QENGPZGAWFQWCZ-UHFFFAOYSA-N,3-methylthiophene,2260.205748940602,76.81892897086558
FXNDIJDIPNCZQJ-UHFFFAOYSA-N,"2,4,4-trimethyl-1-pentene",4198.820376991373,98.48335949364676
XTDYIOOONNVFMA-UHFFFAOYSA-N,dimethyl_glutarate,4622.540569423802,100.38026939059769
KNKRKFALVUDBJE-GSVOUGTGSA-N,"1,2-dichloropropane",1861.9848621685733,64.96859016920166
WFSMVVDJSNMRAR-UHFFFAOYSA-N,2-(2-(2-ethoxyethoxy)ethoxy)ethanol,6537.4043273986235,118.31929714998428
COBPKKZHLDDMTB-UHFFFAOYSA-N,2-(2-(2-butoxyethoxy)ethoxy)ethanol,9343.994505863699,141.78416684722163
GDOPTJXRTPNYNR-UHFFFAOYSA-N,methylcyclopentane,2266.0641125870907,70.7207968898043
RAOIDOHSFRTOEL-UHFFFAOYSA-N,tetrahydrothiophene,1871.8996211282572,66.74945946410418
TZIHFWKZFHZASV-UHFFFAOYSA-N,methyl_formate,562.8621069806509,35.06234548604177
WBJINCZRORDGAQ-UHFFFAOYSA-N,ethyl_formate,998.4278187530883,46.738042613744824
KFNNIILCVOLYIR-UHFFFAOYSA-N,n-propyl_formate,1559.7301593867235,58.464014314590884
KAVGMUDTWQVPDF-UHFFFAOYSA-N,decafluorobutane,2499.981992808497,64.96522050919279
GWHJZXXIDMPWGX-UHFFFAOYSA-N,"1,2,4-trimethylbenzene",4326.5777851160965,103.43594609593774
WQOXQRCZOLPYPM-UHFFFAOYSA-N,dimethyl_disulfide,1785.0823711864634,67.86620064444485
CDOSHBSSFJOMGT-SNVBAGLBSA-N,linalool,6754.813854401464,125.64759715610347
XPDWGBQVDMORPB-UHFFFAOYSA-N,trifluoromethane,242.53547949312514,20.768330404202928
MXLMTQWGSQIYOW-RXMQYKEDSA-N,3-methyl-2-butanol,2143.7346257379263,68.43455681027446
STNJBCKSHOAVAJ-UHFFFAOYSA-N,methacrolein,1159.7456199038345,52.87720886962561
FVSKHRXBFJPNKK-UHFFFAOYSA-N,propionitrile,751.6207460005107,41.30679723083286
NBVXSUQYWXRMNV-UHFFFAOYSA-N,methyl_fluoride,150.17962807862918,17.42555038466435
IJMWOMHMDSDKGK-UHFFFAOYSA-N,isopropyl_propionate,3064.421038622845,82.020381753532
FKRCODPIKNYEAC-UHFFFAOYSA-N,ethyl_propionate,2249.0884916574755,70.24081330014991
WGLLSSPDPJPLOR-UHFFFAOYSA-N,"2,3-dimethyl-2-butene",2391.029455831339,74.80160960318445
HPEUJPJOZXNMSJ-UHFFFAOYSA-N,octadecanoic_acid_methyl_ester,25061.541717029642,234.9760450707753
AILKHAQXUAOOFU-UHFFFAOYSA-N,hexanenitrile,2615.220820962243,76.54530262169077
RFFFKMOABOFIDF-UHFFFAOYSA-N,valeronitrile,1868.0668580004647,64.78044066217062
FOCAUTSVDIKZOP-UHFFFAOYSA-N,chloroacetic_acid,1023.6318495105525,47.60190254708441
JXTHNDFMNIQAHM-UHFFFAOYSA-N,dichloroacetic_acid,1629.6267657520357,60.405035886579014
BMRWNKZVCUKKSR-SCSAIBSYSA-N,"1,2-butanediol",1749.7541004933819,61.1887870447164
OWWIWYDDISJUMY-UHFFFAOYSA-N,"2,3-dimethyl-1-butene",2390.7268921297546,74.83515043992423
JVSWJIKNEAIKJW-UHFFFAOYSA-N,2-methylheptane,4435.676475754306,99.1807385504709
HUMNYLRZRPPJDN-UHFFFAOYSA-N,benzaldehyde,2600.9483802343802,81.58876424274538
TWSRVQVEYJNFKQ-UHFFFAOYSA-N,n-pentyl_propanoate,5061.596053092875,105.4659362445103
YLQBMQCUIZJEEH-UHFFFAOYSA-N,furan,994.1954511064471,50.06665690129766
KFUSEUYYWQURPO-OWOJBTEDSA-N,"trans-1,2-dichloroethylene",1123.3647176750721,52.50083140309068
XIRNKXNNONJFQO-UHFFFAOYSA-N,ethyl-hexadecanoate,22609.87338112336,223.15591093081463
JQVDAXLFBXTEQA-UHFFFAOYSA-N,di-n-butylamine,5259.370307817098,108.16438921370238
WWUVJRULCWHUSA-UHFFFAOYSA-N,2-methyl-1-pentene,2388.300584200326,74.78986711912313
HCDGVLDPFQMKDK-UHFFFAOYSA-N,hexafluoropropylene,1136.6408544865403,46.04073107669988
AFBPFSWMIHJQDM-UHFFFAOYSA-N,n-methylaniline,3119.274996530717,88.8333361539894
CNDHHGUSRIZDSL-UHFFFAOYSA-N,1-chlorooctane,5564.09774103472,111.35908167048456
WZLFPVPRZGTCKP-UHFFFAOYSA-N,"1,1,1,3,3-pentafluorobutane",1736.5506613306752,57.331298984053156
XAOGXQMKWQFZEM-UHFFFAOYSA-N,isoamyl_propionate,5065.666009440106,105.5193967484165
MVLVMROFTAUDAG-UHFFFAOYSA-N,octadecanoic_acid_ethyl_ester,27642.711973820395,246.78533055483138
YZWKKMVJZFACSU-UHFFFAOYSA-N,1-bromopentane,2927.6046998874463,82.26312286208588
JLTDJTHDQAWBAV-UHFFFAOYSA-N,"n,n-dimethylaniline",4076.227893550209,100.78689315664441
KAESVJOAVNADME-UHFFFAOYSA-N,pyrrole,1148.6836380649784,54.2534211166227
ZQPPMHVWECSIRJ-KTKRTIGZSA-N,oleic_acid,22019.03638592495,222.0786799323303
KJPRLNWUNMBNBZ-QPJJXVBHSA-N,cinnamaldehyde,4223.275072792392,104.27624401202911
NQBXSWAWVZHKBZ-UHFFFAOYSA-N,ethylene_glycol_monobutyl_ether_acetate,5597.9444070214695,110.47082498411257
VMKMZRBPOSNUMX-PHDIDXHHSA-N,dipropylene_glycol,3760.21389063654,89.65015558312454
ICMAFTSLXCXHRK-UHFFFAOYSA-N,ethyl-pentanoate,3998.7400018987328,93.72209633465292
KIDHWZJUCRJVML-UHFFFAOYSA-N,"1,4-diaminobutane",2178.753200399084,69.85146939341753
PWGJDPKCLMLPJW-UHFFFAOYSA-N,"1,8-octanediamine",6139.973729109343,116.91458011893748
WRMNZCZEMHIOCP-UHFFFAOYSA-N,2-phenylethanol,3755.6103053148527,96.2137837687171
RHQDFWAXVIIEBN-UHFFFAOYSA-N,"2,2,2-trifluoroethanol",725.0379564953313,36.948596952357576
JCCCMAAJYSNBPR-UHFFFAOYSA-N,2-ethylthiophene,3073.8782857751557,88.58982262037271
YHRUOJUYPBUZOS-UHFFFAOYSA-N,"1,3-dichloropropane",1863.415588367981,65.01519965064368
KJDRSWPQXHESDQ-UHFFFAOYSA-N,"1,4-dichlorobutane",2605.380132654726,76.7092951903455
XPFVYQJUAUNWIW-UHFFFAOYSA-N,furfuryl_alcohol,1847.784435264461,66.51141648542568
IYXGSMUGOJNHAZ-UHFFFAOYSA-N,diethyl_malonate,4632.1806768521465,100.47797221614263
QFOHBWFCKVYLES-UHFFFAOYSA-N,butyl-4-hydroxybenzoate,8047.256231113296,137.86946587863758
GWYFCOCPABKNJV-UHFFFAOYSA-N,isovaleric_acid,2242.105136255284,70.02811814075979
WGYKZJWCGVVSQN-UHFFFAOYSA-N,n-propylamine,1080.209538702222,49.2045303369626
JJWLVOIRVHMVIS-UHFFFAOYSA-N,isopropylamine,1081.9613548700568,49.24609158450344
HPNMFZURTQLUMO-UHFFFAOYSA-N,diethylamine,1666.9030414759188,61.08562402788581
HGINCPLSRVDWNT-UHFFFAOYSA-N,acrolein,684.1776974128808,41.1510008986177
HGBOYTHUEUWSSQ-UHFFFAOYSA-N,pentanal,1916.0469698721843,65.3932971531567
MLUCVPSAIODCQM-NSCUHMNNSA-N,trans-crotonaldehyde,1158.8781050846312,52.8667337241962
XNNQFQFUQLJSQT-UHFFFAOYSA-N,bromotrichloromethane,2290.4494237410636,74.03280388785598
FJBFPHVGVWTDIP-UHFFFAOYSA-N,dibromomethane,1191.669637500781,54.78808326389584
JPOXNPPZZKNXOV-UHFFFAOYSA-N,bromochloromethane,960.771592731642,48.269085861716576
GSEJCLTVZPLZKY-UHFFFAOYSA-N,triethanolamine,4516.7607806285705,98.56302682565955
LZCLXQDLBQLTDK-BYPYZUCNSA-N,ethyl_lactate,2600.409054960239,74.94664536469959
ITQTTZVARXURQS-UHFFFAOYSA-N,3-methylpyridine,2255.1794563812614,75.21547741130442
XUPYJHCZDLZNFP-UHFFFAOYSA-N,n-butyl_n-butyrate,5060.565922633979,105.45314159852491
SMWDFEZZVXVKRB-UHFFFAOYSA-N,quinoline,4154.081000622633,103.94978528294386
DTQVDTLACAAQTR-UHFFFAOYSA-N,trifluoroacetic_acid,812.0727850623371,39.41769472164361
ZRKMQKLGEQPLNS-UHFFFAOYSA-N,n-pentyl_mercaptan,2942.736184819689,83.32057741285482
OYHQOLUKZRVURQ-HZJYTTRNSA-N,linoleic_acid,21466.724630434954,221.2484208215261
MHDVGSVTJDSBDK-UHFFFAOYSA-N,dibenzyl_ether,10055.482844203907,159.6995997111801
DOIRQSBPFJWKBE-UHFFFAOYSA-N,di-n-butyl_phthalate,17041.60848311957,198.76884436572297
FDOPVENYMZRARC-UHFFFAOYSA-N,"1,1,1,2,2-pentafluoropropane",1157.3169776847658,45.988349700378286
NAMYKGVDVNBCFQ-UHFFFAOYSA-N,2-bromopropane,1470.5141809845938,58.82673598838443
NEHMKBQYUWJMIP-UHFFFAOYSA-N,methyl_chloride,369.2157435172929,29.119971645524483
IBYHHJPAARCAIE-UHFFFAOYSA-N,1-bromo-2-chloroethane,1500.1192946307488,59.728745764584126
HBZDPWBWBJMYRY-UHFFFAOYSA-N,caprinitrile,6859.806321428083,123.61375437677636
GRWFGVWFFZKLTI-IUCAKERBSA-N,alpha-pinene,5528.337097685906,112.18737613507224
HCFAJYNVAYBARA-UHFFFAOYSA-N,4-heptanone,3558.0989173277712,88.97183380279586
CCAFPWNGIUBUSD-UHFFFAOYSA-N,diethyl_sulfoxide,2514.1685987423525,76.4799855488515
LBKDGROORAKTLC-UHFFFAOYSA-N,"1,5-dichloropentane",3474.910726341444,88.4542948782024
VEFLKXRACNJHOV-UHFFFAOYSA-N,"1,3-dibromopropane",2494.5840691771336,77.71115743982278
AOGQPLXWSUTHQB-UHFFFAOYSA-N,n-hexyl_acetate,5065.901733511172,105.52581480045626
HRYZWHHZPQKTII-UHFFFAOYSA-N,ethyl_chloride,734.7837201592803,40.82125475977125
FSGHEPDRMHVUCQ-UHFFFAOYSA-N,2-ethoxypropene,1980.2955208713602,67.7380951893949
GIAFURWZWWWBQT-UHFFFAOYSA-N,2-aminoethoxyethanol,2291.4371244550207,70.40838824041396
GETTZEONDQJALK-UHFFFAOYSA-N,benzotrifluoride,2910.306519520876,83.26044223921593
LZDKZFUFMNSQCJ-UHFFFAOYSA-N,"1,2-diethoxyethane",3351.21206689431,85.26387592644804
CUONGYYJJVDODC-UHFFFAOYSA-N,malononitrile,791.2843352519584,42.74993693427251
IAHFWCOBPZCAEA-UHFFFAOYSA-N,succinonitrile,1291.9121058832955,54.34413829067857
LHIJANUOQQMGNT-UHFFFAOYSA-N,n-aminoethyl_ethanolamine,2527.171572790925,74.66760833491362
NJCBUSHGCBERSK-UHFFFAOYSA-N,perfluoropentane,3703.2499274921356,79.00801057070485
BCCOBQSFUDVTJQ-UHFFFAOYSA-N,octafluorocyclobutane,1856.6368858950405,54.99102680102579
JBTWLSYIZRCDFO-UHFFFAOYSA-N,carbonic_acid_methyl_ethyl_ester,1866.5708324365223,63.42508896551066
HUAZGNHGCJGYNP-UHFFFAOYSA-N,n-propyl_n-butyrate,3997.6516904529244,93.70367655737576
FKNQCJSGGFJEIZ-UHFFFAOYSA-N,4-methylpyridine,2255.475891636079,75.22172589724602
ZQBFAOFFOQMSGJ-UHFFFAOYSA-N,hexafluorobenzene,2493.1452936242154,73.00599726182602
BGJSXRVXTHVRSN-UHFFFAOYSA-N,trioxane,1205.4469220239293,50.105631132338026
WEEGYLXZBRQIMU-WAAGHKOSSA-N,"1,8-cineole",6388.0393705920615,118.06091242313379
VILCJCGEZXAXTO-UHFFFAOYSA-N,triethylenetetramine,5545.98435290085,111.53167976059743
LXBGSDVWAMZHDD-UHFFFAOYSA-N,2-methyl-1h-imidazole,1553.0201958645732,61.36587141511641
PYGSKMBEVAICCR-UHFFFAOYSA-N,"1,5-hexadiene",2206.8584219359927,73.92750973575689
HFPZCAJZSCWRBC-UHFFFAOYSA-N,p-cymene,5431.794107243375,115.23635358854423
NBBJYMSMWIIQGU-UHFFFAOYSA-N,propanal,781.8948273120845,41.91238062268559
WGQKYBSKWIADBV-UHFFFAOYSA-N,benzylamine,3119.6464461300834,88.83610566801833
VKCYHJWLYTUGCC-UHFFFAOYSA-N,2-nonanone,5695.658138297303,112.46938136161042
LHXDLQBQYFFVNW-XCBNKYQSSA-N,(+)-fenchone,5963.420876152784,114.6247766874687
AOHJOMMDDJHIJH-VKHMYHEASA-N,"1,2-propanediamine",1504.6193233742592,58.135375987792116
YBRBMKDOPFTVDT-UHFFFAOYSA-N,tert-butylamine,1670.457914577853,61.10836587403053
HXVNBWAKAOHACI-UHFFFAOYSA-N,diisopropyl_ketone,3564.6046607221947,89.06519150663968
LEQCJROTXBYLEU-IWSPIJDZSA-N,tripropylene_glycol,7867.913151225443,129.84167941735691
KCXMKQUNVWSEMD-UHFFFAOYSA-N,benzyl_chloride,3370.366544509078,92.28066033344514
ZLCSFXXPPANWQY-UHFFFAOYSA-N,m-ethyltoluene,4324.2442856073685,103.42184815751115
JRLPEMVDPFPYPJ-UHFFFAOYSA-N,p-ethyltoluene,4324.390870013619,103.42399299497839
VMOWKUTXPNPTEN-UHFFFAOYSA-N,dimethyl_isopropyl_amine,2388.825091753938,73.1053791145304
IKHGUXGNUITLKF-UHFFFAOYSA-N,acetaldehyde,402.94356099007825,30.203589122449873
RPNUMPOLZDHAAY-UHFFFAOYSA-N,diethylenetriamine,2771.691789432567,78.91336779511677
WYACBZDAHNBPPB-UHFFFAOYSA-N,diethyl_oxalate,3624.1177748625905,88.78200640953308
OUDFNZMQXZILJD-UHFFFAOYSA-N,5-methylfurfural,2355.9233923131087,75.47158319886887
MTZQAGJQAFMTAQ-UHFFFAOYSA-N,ethyl_benzoate,4957.839765573238,109.88516371456429
JARKCYVAAOWBJS-UHFFFAOYSA-N,hexanal,2673.3623182330475,77.1783589123774
DLRJIFUOBPOJNS-UHFFFAOYSA-N,phenetole,3769.829825342657,96.4055112895521
LXCFILQKKLGQFO-UHFFFAOYSA-N,methyl-p-hydroxybenzoate,4361.123408077256,102.72180650131172
XWJBRBSPAODJER-UHFFFAOYSA-N,"1,7-octadiene",3942.413154728287,97.42957565513295
XQQBUAPQHNYYRS-UHFFFAOYSA-N,2-methylthiophene,2260.9119527544176,76.8377394289925
WFCSWCVEJLETKA-UHFFFAOYSA-N,n-(2-hydroxyethyl)piperazine,3973.1621168437678,93.50136474719635
HNVRRHSXBLFLIG-UHFFFAOYSA-N,2-methyl-3-buten-2-ol,1975.8982443102873,67.64308184751324
SQNZJJAZBFDUTD-UHFFFAOYSA-N,"1,2,4,5-tetramethylbenzene",5433.260540316351,115.21796458025517
SHZIWNPUGXLXDT-UHFFFAOYSA-N,ethyl-hexanoate,5063.179130772096,105.48938168836253
RGXWDWUGBIJHDO-UHFFFAOYSA-N,ethyl-decanoate,10576.54963552391,152.56302103910534
QSJXEFYPDANLFS-UHFFFAOYSA-N,"2,3-butanedione",1372.259547800315,55.515256495253745
SVONRAPFKPVNKG-UHFFFAOYSA-N,2-ethoxyethyl_acetate,3477.6759512106064,86.91493361090171
WRQNANDWMGAFTP-UHFFFAOYSA-N,methyl_acetoacetate,2367.1895753522144,72.25298333180208
JRXXLCKWQFKACW-UHFFFAOYSA-N,diphenylacetylene,8474.756902561996,149.3404790785786
DHKHKXVYLBGOIT-UHFFFAOYSA-N,acetal,3361.2279084454885,85.41423994013833
HNHVTXYLRVGMHD-UHFFFAOYSA-N,n-butyl_isocyanate,2214.916781217209,70.0430751651945
ABDKAPXRBAPSQN-UHFFFAOYSA-N,"1,2-dimethoxybenzene",4231.650426704175,101.33438696152302
OSDWBNJEKMUWAV-UHFFFAOYSA-N,3-chloropropene,1101.833781312683,51.814248938909586
CYNYIHKIEHGYOZ-UHFFFAOYSA-N,1-bromopropane,1468.2305630701874,58.79502722206212
LSXKDWGTSHCFPP-UHFFFAOYSA-N,1-bromoheptane,4888.269551880876,105.73947348756641
VAJVDSVGBWFCLW-UHFFFAOYSA-N,3-phenyl-1-propanol,4788.293746201125,107.98045704453695
LKLFXAVIFCLZQS-UHFFFAOYSA-N,"1,1,2,2,3,3,4,4-octafluorobutane_[hfc-338pcc]",2142.655509725495,60.87828671669799
IAYPIBMASNFSPL-UHFFFAOYSA-N,ethylene_oxide,378.4179433210157,28.433929112348537
BZHJMEDXRYGGRV-UHFFFAOYSA-N,vinyl_chloride,639.8904651449681,40.02038381748281
IQVAERDLDAZARL-MRVPVSSYSA-N,2-phenylpropionaldehyde,4461.435230985676,105.10689139519758
CPJRRXSHAYUTGL-UHFFFAOYSA-N,3-methyl-3-buten-1-ol,1969.7958181725974,67.54806427092953
FWFSEYBSWVRWGL-UHFFFAOYSA-N,2-cyclohexen-1-one,2184.2284949002546,71.48578582049934
ULYZAYCEDJDHCC-UHFFFAOYSA-N,isopropyl_chloride,1227.5583697628365,52.59282345798842
BFKJFAAPBSQJPD-UHFFFAOYSA-N,tetrafluoroethylene,509.976151965714,31.007496449254823
DJEQZVQFEPKLOY-UHFFFAOYSA-N,"n,n-dimethyl-n-butylamine",3219.2171847723835,84.76707608681764
UQKAOOAFEFCDGT-UHFFFAOYSA-N,"n,n-dimethyloctylamine",7823.817189652515,131.8871747773788
HYFLWBNQFMXCPA-UHFFFAOYSA-N,o-ethyltoluene,4325.073543319661,103.43214232039708
WMXCDAVJEZZYLT-UHFFFAOYSA-N,tert-butyl_mercaptan,2154.9705516976433,71.69187513818758
BOSAWIQFTJIYIS-UHFFFAOYSA-N,"1,1,1-trichlorotrifluoroethane",2328.7555526200217,70.28810724182247
GTCAXTIRRLKXRU-UHFFFAOYSA-N,methylcarbamate,889.3621997483783,44.17930701004349
IAGUPODHENSJEZ-UHFFFAOYSA-N,n-phenyl_carbamic_acid_methylester,4694.138431969769,107.15378504761068
RFCAUADVODFSLZ-UHFFFAOYSA-N,chloropentafluoroethane,1212.9672106476828,47.84915449445819
NGAZZOYFWWSOGK-UHFFFAOYSA-N,3-heptanone,3557.1954638473735,88.95841226118067
HETCEOQFVDFGSY-UHFFFAOYSA-N,isopropenyl_acetate,2078.1983190994783,69.38757601813924
VYMPLPIFKRHAAC-UHFFFAOYSA-N,"1,2-ethanedithiol",1773.129879620956,67.6903724798155
