fam_solute,fam_solvent,n,MAE,bias,model
acid,alkane,6,0.7894104117346089,0.7894104117346089,unifac_do
alcohol,acid,133,0.21275791210742517,-0.20848530189274378,unifac_do
alcohol,alcohol,59,1.7805307351699888,1.504068357890365,unifac_do
alcohol,alkane,38,0.11367655593350352,0.08235059365994725,unifac_do
alcohol,amide,9,0.3764372532498768,-0.3764372532498768,unifac_do
alcohol,amine,16,0.2777374133380516,-0.22670387627278643,unifac_do
alcohol,aromatic HC,27,0.1008154467929011,0.076336616915354,unifac_do
alcohol,water,177,0.2798709752449602,0.007189068418021278,unifac_do
alkane,acid,111,0.1320691421435071,-0.09513493492067102,unifac_do
alkane,alcohol,456,0.7645504951460763,-0.10230120242565391,unifac_do
alkane,alkane,1,0.0057928323643043,-0.0057928323643043,unifac_do
alkane,amide,34,0.1509770348018143,-0.06419292709114552,unifac_do
alkane,amine,23,0.32071043652319065,-0.030935894649534917,unifac_do
alkane,aromatic HC,77,0.14056781710776903,-0.12345060408021806,unifac_do
alkane,ether,24,0.241707498561642,-0.241707498561642,unifac_do
alkane,ketone/aldehyde,31,0.09815208039802568,-0.08363035291264363,unifac_do
alkane,nitrile,1,0.21533637035600028,-0.21533637035600028,unifac_do
alkene/alkyne,acid,25,0.19989158336339166,-0.19841698986163805,unifac_do
alkene/alkyne,alcohol,429,0.3442035741497381,-0.08390253037538832,unifac_do
alkene/alkyne,alkane,1,0.18461485455656532,0.18461485455656532,unifac_do
alkene/alkyne,amide,13,0.11508181709064293,-0.08721845490115492,unifac_do
alkene/alkyne,amine,20,0.14720812505936404,-0.14526353512695273,unifac_do
alkene/alkyne,aromatic HC,146,1.047347729309879,-0.9273475010441434,unifac_do
alkene/alkyne,ether,30,0.1607981602316902,-0.13201950551817573,unifac_do
alkene/alkyne,nitrile,1,0.2114944114480397,0.2114944114480397,unifac_do
alkene/alkyne,water,1,4.083974966953091,-4.083974966953091,unifac_do
amide,water,30,0.24057937483670172,-0.22135087025412403,unifac_do
amine,alkane,3,0.022990503697098097,0.005508866600918057,unifac_do
amine,aromatic HC,5,0.09169509310753235,0.09169509310753235,unifac_do
amine,water,18,0.4001350093573978,-0.3964808279546452,unifac_do
aromatic HC,acid,41,0.07963559591306042,-0.043175128117859285,unifac_do
aromatic HC,alcohol,133,0.3995447181721582,-0.010933365120513124,unifac_do
aromatic HC,amide,16,0.16408698902085656,-0.10290829928527885,unifac_do
aromatic HC,amine,18,0.39360090160077105,-0.39360090160077105,unifac_do
aromatic HC,aromatic HC,4,0.33928067020984287,0.33928067020984287,unifac_do
aromatic HC,ether,4,0.33759966960352483,0.33759966960352483,unifac_do
aromatic HC,ketone/aldehyde,25,0.36637271702834,-0.36637271702834,unifac_do
aromatic HC,nitrile,1,0.01436863786576903,-0.01436863786576903,unifac_do
aromatic HC,water,4,1.3602911392801478,-1.3602911392801478,unifac_do
ester,acid,25,0.056002286179476356,-0.038408633520989936,unifac_do
ester,alcohol,18,2.79423932666981,2.79423932666981,unifac_do
ester,aromatic HC,2,0.053856406406613246,0.053856406406613246,unifac_do
ester,water,50,0.5829184973034183,-0.5526454305674517,unifac_do
ether,acid,25,0.24195649236880207,-0.24195649236880207,unifac_do
ether,alcohol,90,0.8401536196894057,0.830919486819404,unifac_do
ether,aromatic HC,29,2.488667865571995,-2.0474634049461184,unifac_do
ether,ether,5,0.269549095607136,-0.269549095607136,unifac_do
ether,water,64,0.9087693613907031,0.29807152436546147,unifac_do
halogenated,acid,102,0.15277469926636017,-0.11972795948914484,unifac_do
halogenated,alcohol,106,1.3893401323421168,1.2790131261106208,unifac_do
halogenated,amide,1,0.6706891557758046,0.6706891557758046,unifac_do
halogenated,amine,4,0.22891958504566184,-0.22891958504566184,unifac_do
halogenated,aromatic HC,30,0.12067438341080407,0.06290899624202435,unifac_do
halogenated,ether,5,0.06512446795134565,-0.06512446795134565,unifac_do
ketone/aldehyde,acid,28,0.3360067009436725,-0.3360067009436725,unifac_do
ketone/aldehyde,alcohol,9,3.6890924835073227,3.6890924835073227,unifac_do
ketone/aldehyde,aromatic HC,1,0.03697713254491439,0.03697713254491439,unifac_do
ketone/aldehyde,water,53,0.8195499345831616,-0.7402609708680881,unifac_do
nitrile,alkene/alkyne,1,0.7698041285249713,-0.7698041285249713,unifac_do
nitrile,aromatic HC,1,0.0596811727492369,0.0596811727492369,unifac_do
nitrile,water,2,0.009643904835701989,-0.005813804379197762,unifac_do
water,alkene/alkyne,1,0.08259975242815187,-0.08259975242815187,unifac_do
water,ketone/aldehyde,3,0.15920428408632992,0.15920428408632992,unifac_do
water,nitrile,1,0.03192253532732314,0.03192253532732314,unifac_do
acid,alkane,6,2.1085133767497215,2.1085133767497215,cosmosac2010
alcohol,acid,133,1.3999871691588057,-1.3999871691588057,cosmosac2010
alcohol,alcohol,59,1.6768064718088314,1.3584143248589957,cosmosac2010
alcohol,alkane,38,0.8186265300719142,0.8186265300719142,cosmosac2010
alcohol,amide,9,0.613315249456505,0.613315249456505,cosmosac2010
alcohol,amine,16,0.8726502154481846,-0.8726502154481846,cosmosac2010
alcohol,aromatic HC,27,1.0581516341105852,1.0581516341105852,cosmosac2010
alcohol,water,177,0.7411409709956527,0.7336414070590661,cosmosac2010
alkane,acid,111,0.1951268611549682,-0.10253712632813404,cosmosac2010
alkane,alcohol,456,1.0425459083622626,-0.6132992723989222,cosmosac2010
alkane,alkane,1,0.1818483017075901,-0.1818483017075901,cosmosac2010
alkane,amide,34,1.3496202901388812,-1.3496202901388812,cosmosac2010
alkane,amine,23,0.37977843484186513,-0.12767654570520068,cosmosac2010
alkane,aromatic HC,77,0.3772969655908475,-0.3772969655908475,cosmosac2010
alkane,ether,24,0.42288462525727794,-0.42288462525727794,cosmosac2010
alkane,ketone/aldehyde,31,0.5654092699813417,-0.5654092699813417,cosmosac2010
alkane,nitrile,1,0.39260712380024065,0.39260712380024065,cosmosac2010
alkene/alkyne,acid,25,0.21753497078850395,-0.2123266079004441,cosmosac2010
alkene/alkyne,alcohol,429,0.7613915986474662,-0.5223433840519642,cosmosac2010
alkene/alkyne,alkane,1,0.4364467057806273,0.4364467057806273,cosmosac2010
alkene/alkyne,amide,13,1.4693542814681497,-1.4693542814681497,cosmosac2010
alkene/alkyne,amine,20,0.4578899181885441,-0.4578899181885441,cosmosac2010
alkene/alkyne,aromatic HC,146,0.4026677291134314,-0.4026677291134314,cosmosac2010
alkene/alkyne,ether,30,0.3577175658323735,-0.3577175658323735,cosmosac2010
alkene/alkyne,nitrile,1,0.590487532048344,0.590487532048344,cosmosac2010
alkene/alkyne,water,1,0.07956520248011323,0.07956520248011323,cosmosac2010
amide,water,30,1.43901488294292,1.3599115316718557,cosmosac2010
amine,alkane,3,0.4004742015689477,0.4004742015689477,cosmosac2010
amine,aromatic HC,5,0.19906001905725357,0.19906001905725357,cosmosac2010
amine,water,18,1.6076437475098229,1.218074519069838,cosmosac2010
aromatic HC,acid,41,0.14916417177027838,0.08141878418410879,cosmosac2010
aromatic HC,alcohol,133,1.0423042866938728,-0.7439000927661416,cosmosac2010
aromatic HC,amide,16,0.7360349753860953,-0.7360349753860953,cosmosac2010
aromatic HC,amine,18,0.26950830894789923,-0.20463578605685584,cosmosac2010
aromatic HC,aromatic HC,4,0.028151088464766313,-0.028151088464766313,cosmosac2010
aromatic HC,ether,4,0.3804383266906386,0.3804383266906386,cosmosac2010
aromatic HC,ketone/aldehyde,25,0.583599685533325,-0.583599685533325,cosmosac2010
aromatic HC,nitrile,1,0.10727612305952583,-0.10727612305952583,cosmosac2010
aromatic HC,water,4,0.9447311210786512,0.9447311210786512,cosmosac2010
ester,acid,25,0.8724977080089659,-0.8724977080089659,cosmosac2010
ester,alcohol,18,2.835653462865084,2.835653462865084,cosmosac2010
ester,aromatic HC,2,0.04475948979900575,-0.04475948979900575,cosmosac2010
ester,water,50,0.255515085779307,0.2532304811798667,cosmosac2010
ether,acid,25,0.08631679047770976,-0.046436820935488086,cosmosac2010
ether,alcohol,90,0.8075789531898697,0.5721914528349034,cosmosac2010
ether,aromatic HC,29,0.3782407141006171,-0.37176306212006777,cosmosac2010
ether,ether,5,0.22139575794720523,-0.22139575794720523,cosmosac2010
ether,water,64,1.4732146833445081,1.4492240217500696,cosmosac2010
halogenated,acid,102,0.12632436052093038,-0.08930800651471389,cosmosac2010
halogenated,alcohol,106,1.4373422183157019,1.0031055987409712,cosmosac2010
halogenated,amide,1,1.0264990225557038,-1.0264990225557038,cosmosac2010
halogenated,amine,4,0.21609748510254956,-0.21609748510254956,cosmosac2010
halogenated,aromatic HC,30,0.07880256608557204,-0.07219658760963377,cosmosac2010
halogenated,ether,5,0.03606594645037054,-0.03323713537263262,cosmosac2010
ketone/aldehyde,acid,28,1.42941557295336,-1.42941557295336,cosmosac2010
ketone/aldehyde,alcohol,9,3.462754935175086,3.462754935175086,cosmosac2010
ketone/aldehyde,aromatic HC,1,0.3056669137408029,-0.3056669137408029,cosmosac2010
ketone/aldehyde,water,53,0.38257831821818633,0.05952036313725294,cosmosac2010
nitrile,alkene/alkyne,1,1.293999563813321,-1.293999563813321,cosmosac2010
nitrile,aromatic HC,1,0.0525159942402319,-0.0525159942402319,cosmosac2010
nitrile,water,2,0.9220931468133478,-0.9220931468133478,cosmosac2010
water,alkene/alkyne,1,4.984808217994674,4.984808217994674,cosmosac2010
water,ketone/aldehyde,3,1.1289267231712286,1.1289267231712286,cosmosac2010
water,nitrile,1,1.3368103662349098,1.3368103662349098,cosmosac2010
acid,alkane,6,2.0271002748523337,2.0271002748523337,cosmosac_dsp
alcohol,acid,133,1.4685143396563833,-1.4685143396563833,cosmosac_dsp
alcohol,alcohol,59,1.7851999608137894,1.4819532157026,cosmosac_dsp
alcohol,alkane,38,0.9169356110927347,0.9169356110927347,cosmosac_dsp
alcohol,amide,9,0.6347796065893011,0.6347796065893011,cosmosac_dsp
alcohol,amine,16,0.7029537828270673,-0.7029537828270673,cosmosac_dsp
alcohol,aromatic HC,27,1.2754840966242311,1.2754840966242311,cosmosac_dsp
alcohol,water,177,0.9786658202070502,0.9786658202070502,cosmosac_dsp
alkane,acid,111,0.20087935268199847,-0.16703709950166692,cosmosac_dsp
alkane,alcohol,456,0.8652902550893636,-0.4271588280540474,cosmosac_dsp
alkane,alkane,1,0.1818483017075901,-0.1818483017075901,cosmosac_dsp
alkane,amide,34,0.9517800875122949,-0.9517800875122949,cosmosac_dsp
alkane,amine,23,0.3731603793682674,-0.11352785889272092,cosmosac_dsp
alkane,aromatic HC,77,0.3764259005392145,-0.3764259005392145,cosmosac_dsp
alkane,ether,24,0.41886391928315264,-0.41886391928315264,cosmosac_dsp
alkane,ketone/aldehyde,31,0.4343494382325152,-0.4343494382325152,cosmosac_dsp
alkane,nitrile,1,0.5021417491432119,0.5021417491432119,cosmosac_dsp
alkene/alkyne,acid,25,0.27793629514220397,-0.27793629514220397,cosmosac_dsp
alkene/alkyne,alcohol,429,0.6390039003817666,-0.385822976551166,cosmosac_dsp
alkene/alkyne,alkane,1,0.4368478892638614,0.4368478892638614,cosmosac_dsp
alkene/alkyne,amide,13,1.0870589537234705,-1.0870589537234705,cosmosac_dsp
alkene/alkyne,amine,20,0.4407215972556916,-0.4407215972556916,cosmosac_dsp
alkene/alkyne,aromatic HC,146,0.4025069972890194,-0.4025069972890194,cosmosac_dsp
alkene/alkyne,ether,30,0.35191443771384606,-0.35191443771384606,cosmosac_dsp
alkene/alkyne,nitrile,1,0.7081296954504328,0.7081296954504328,cosmosac_dsp
alkene/alkyne,water,1,0.8433244812539424,0.8433244812539424,cosmosac_dsp
amide,water,30,1.4256336753396885,1.34959969636861,cosmosac_dsp
amine,alkane,3,0.40944016034383796,0.40944016034383796,cosmosac_dsp
amine,aromatic HC,5,0.2131042550619001,0.2131042550619001,cosmosac_dsp
amine,water,18,1.8004658819663772,1.787783107359303,cosmosac_dsp
aromatic HC,acid,41,0.07956288766247055,-0.0026355709477830992,cosmosac_dsp
aromatic HC,alcohol,133,0.7459717459665267,-0.4443753351407306,cosmosac_dsp
aromatic HC,amide,16,0.25958778435055396,-0.25387472455320537,cosmosac_dsp
aromatic HC,amine,18,0.2595546045237092,-0.18526844098549666,cosmosac_dsp
aromatic HC,aromatic HC,4,0.020697583632170113,-0.020678569568560512,cosmosac_dsp
aromatic HC,ether,4,0.3940700405429666,0.3940700405429666,cosmosac_dsp
aromatic HC,ketone/aldehyde,25,0.43204216499175385,-0.43204216499175385,cosmosac_dsp
aromatic HC,nitrile,1,0.019954443913591247,0.019954443913591247,cosmosac_dsp
aromatic HC,water,4,0.3079498143826239,0.3079498143826239,cosmosac_dsp
ester,acid,25,0.836300716286069,-0.836300716286069,cosmosac_dsp
ester,alcohol,18,2.9193542957851126,2.9193542957851126,cosmosac_dsp
ester,aromatic HC,2,0.01343403554547961,0.01343403554547961,cosmosac_dsp
ester,water,50,0.14406000768819766,0.014355601066646661,cosmosac_dsp
ether,acid,25,0.10020487268195545,0.0029948367980294566,cosmosac_dsp
ether,alcohol,90,0.8043291007722776,0.620794419925167,cosmosac_dsp
ether,aromatic HC,29,0.35887098690302716,-0.35239137852280683,cosmosac_dsp
ether,ether,5,0.21797555455657897,-0.21797555455657897,cosmosac_dsp
ether,water,64,1.0785999522266758,0.8731160972625875,cosmosac_dsp
halogenated,acid,102,0.13171887172114932,-0.12414518243707844,cosmosac_dsp
halogenated,alcohol,106,1.3893491411323926,1.0648109772098202,cosmosac_dsp
halogenated,amide,1,0.4602622197487034,-0.4602622197487034,cosmosac_dsp
halogenated,amine,4,0.21468658117657985,-0.21468658117657985,cosmosac_dsp
halogenated,aromatic HC,30,0.07212243422590352,-0.06438509055310092,cosmosac_dsp
halogenated,ether,5,0.0360261825108512,-0.033170862140100364,cosmosac_dsp
ketone/aldehyde,acid,28,1.3229639308673378,-1.3229639308673378,cosmosac_dsp
ketone/aldehyde,alcohol,9,3.6924641506898337,3.6924641506898337,cosmosac_dsp
ketone/aldehyde,aromatic HC,1,0.0435355768816357,-0.0435355768816357,cosmosac_dsp
ketone/aldehyde,water,53,0.4270379660081842,-0.05992362379524291,cosmosac_dsp
nitrile,alkene/alkyne,1,1.176357400411232,-1.176357400411232,cosmosac_dsp
nitrile,aromatic HC,1,0.018795751535246596,0.018795751535246596,cosmosac_dsp
nitrile,water,2,1.2039938171019438,-1.2039938171019438,cosmosac_dsp
water,alkene/alkyne,1,5.748567496768503,5.748567496768503,cosmosac_dsp
water,ketone/aldehyde,3,0.8206948895616261,0.8206948895616261,cosmosac_dsp
water,nitrile,1,1.0549096959463138,1.0549096959463138,cosmosac_dsp
acid,alkane,6,5.923652660922312,5.923652660922312,Z0
alcohol,acid,133,0.4079966206532511,-0.07929857587590057,Z0
alcohol,alcohol,59,2.57853764464701,2.473843249186421,Z0
alcohol,alkane,38,3.7326922652967025,3.7326922652967025,Z0
alcohol,amide,9,0.5396642543421931,-0.5396642543421931,Z0
alcohol,amine,16,0.44890221296418503,-0.28720699381937675,Z0
alcohol,aromatic HC,27,3.3926867463872634,3.3926867463872634,Z0
alcohol,water,177,1.9546287807825065,1.9546287807825065,Z0
alkane,acid,111,0.48052240520575784,0.44148554770611775,Z0
alkane,alcohol,456,0.6597178915165605,-0.011138669412846561,Z0
alkane,alkane,1,0.2147567923681224,0.2147567923681224,Z0
alkane,amide,34,1.1108700034018193,-1.1103917682382027,Z0
alkane,amine,23,0.4161993565744518,0.4133740908871489,Z0
alkane,aromatic HC,77,0.23951886586422025,0.21268391168316148,Z0
alkane,ether,24,0.30408170265366746,-0.30408170265366746,Z0
alkane,ketone/aldehyde,31,0.543133521249395,0.5301155523758839,Z0
alkane,nitrile,1,2.116977385648472,2.116977385648472,Z0
alkene/alkyne,acid,25,0.37280190670984675,0.3414277579464508,Z0
alkene/alkyne,alcohol,429,0.6048396832409842,-0.2928478549041106,Z0
alkene/alkyne,alkane,1,1.5521367327868396,1.5521367327868396,Z0
alkene/alkyne,amide,13,1.5047713267073237,-1.5047713267073237,Z0
alkene/alkyne,amine,20,0.12383133870954596,0.08537369203780906,Z0
alkene/alkyne,aromatic HC,146,0.17868920254326054,-0.170535874875167,Z0
alkene/alkyne,ether,30,0.364264760566691,-0.364264760566691,Z0
alkene/alkyne,nitrile,1,2.042022514513198,2.042022514513198,Z0
alkene/alkyne,water,1,3.869593262561816,3.869593262561816,Z0
amide,water,30,2.0178041655924206,-2.0178041655924206,Z0
amine,alkane,3,3.73551613831375,3.73551613831375,Z0
amine,aromatic HC,5,3.0020082382941524,3.0020082382941524,Z0
amine,water,18,2.632892150455485,2.632892150455485,Z0
aromatic HC,acid,41,0.7645039221571531,0.7645039221571531,Z0
aromatic HC,alcohol,133,0.8903548528858719,-0.406157071390625,Z0
aromatic HC,amide,16,0.7286616227066808,-0.7286616227066808,Z0
aromatic HC,amine,18,0.6549359388384166,0.6549359388384166,Z0
aromatic HC,aromatic HC,4,0.22239338439206832,0.22239338439206832,Z0
aromatic HC,ether,4,0.5040829710336557,0.5040829710336557,Z0
aromatic HC,ketone/aldehyde,25,0.25277073540776324,-0.23101514218815583,Z0
aromatic HC,nitrile,1,0.48854197853688297,0.48854197853688297,Z0
aromatic HC,water,4,0.27375978010300217,0.27375978010300217,Z0
ester,acid,25,0.7879611076900872,-0.7879611076900872,Z0
ester,alcohol,18,3.6644235350949734,3.6644235350949734,Z0
ester,aromatic HC,2,0.1881207064033334,0.1881207064033334,Z0
ester,water,50,1.011031317977119,-1.011031317977119,Z0
ether,acid,25,0.890839217316453,0.890839217316453,Z0
ether,alcohol,90,1.2608302268407958,0.09747952409858568,Z0
ether,aromatic HC,29,0.086095298687786,-0.07487165237336858,Z0
ether,ether,5,0.026650812486607417,0.026309670111442612,Z0
ether,water,64,1.6327153315988512,-0.49806336835756565,Z0
halogenated,acid,102,0.46030824570296125,0.45028613379509796,Z0
halogenated,alcohol,106,1.756154442777956,1.5585360292361194,Z0
halogenated,amide,1,1.2557583878413,-1.2557583878413,Z0
halogenated,amine,4,0.2769664582043381,0.2769664582043381,Z0
halogenated,aromatic HC,30,0.2238725771843436,0.2238725771843436,Z0
halogenated,ether,5,0.04701481908020725,-0.04701481908020725,Z0
ketone/aldehyde,acid,28,1.3683745478813651,-1.3683745478813651,Z0
ketone/aldehyde,alcohol,9,4.73378704551019,4.73378704551019,Z0
ketone/aldehyde,aromatic HC,1,0.3705375380724715,-0.3705375380724715,Z0
ketone/aldehyde,water,53,2.2685651124253026,-2.2685651124253026,Z0
nitrile,alkene/alkyne,1,0.6060665567453478,0.6060665567453478,Z0
nitrile,aromatic HC,1,0.27962997028879366,0.27962997028879366,Z0
nitrile,water,2,3.8472256988703006,-3.8472256988703006,Z0
water,alkene/alkyne,1,12.490698891467536,12.490698891467536,Z0
water,ketone/aldehyde,3,0.38794075006758405,0.38794075006758405,Z0
water,nitrile,1,0.033432478917649444,-0.033432478917649444,Z0
acid,alkane,6,1.7084343401745758,1.7084343401745758,Z1
alcohol,acid,133,0.3519422489451574,-0.33159727588343524,Z1
alcohol,alcohol,59,2.032860118073338,1.8423258932473252,Z1
alcohol,alkane,38,0.13158091853593332,-0.07928292508491729,Z1
alcohol,amide,9,0.043732025682006605,-0.038102094962738996,Z1
alcohol,amine,16,0.31697575900124747,0.09849369950206047,Z1
alcohol,aromatic HC,27,0.2962053570137866,0.2627658141957369,Z1
alcohol,water,177,1.0158458152642775,1.0158458152642775,Z1
alkane,acid,111,0.19592947520956244,0.028781058295228007,Z1
alkane,alcohol,456,1.2551044011260302,-0.7757780840359682,Z1
alkane,alkane,1,0.028159665914269803,0.028159665914269803,Z1
alkane,amide,34,1.3878786409925363,-1.3878786409925363,Z1
alkane,amine,23,0.3350589879969753,0.028716523682267025,Z1
alkane,aromatic HC,77,0.4274776255825132,-0.4274776255825132,Z1
alkane,ether,24,0.42813712776536333,-0.42813712776536333,Z1
alkane,ketone/aldehyde,31,1.0562944771884797,-1.0562944771884797,Z1
alkane,nitrile,1,0.11867079655461588,-0.11867079655461588,Z1
alkene/alkyne,acid,25,0.16157342651567944,0.013520608048753779,Z1
alkene/alkyne,alcohol,429,0.8129314907476348,-0.5463424618351898,Z1
alkene/alkyne,alkane,1,0.5896403131879527,0.5896403131879527,Z1
alkene/alkyne,amide,13,1.4367598032938709,-1.4367598032938709,Z1
alkene/alkyne,amine,20,0.21062641805541166,-0.1824537011814971,Z1
alkene/alkyne,aromatic HC,146,0.32490353575921027,-0.32490353575921027,Z1
alkene/alkyne,ether,30,0.2742698735607472,-0.2742698735607472,Z1
alkene/alkyne,nitrile,1,0.5119187858988563,0.5119187858988563,Z1
alkene/alkyne,water,1,0.015732855363022935,-0.015732855363022935,Z1
amide,water,30,0.9029132762076358,0.8281450035458066,Z1
amine,alkane,3,0.9676334024095755,0.9676334024095755,Z1
amine,aromatic HC,5,0.8848048239457101,0.8848048239457101,Z1
amine,water,18,1.6515293856174695,1.3370092994902611,Z1
aromatic HC,acid,41,0.2986179858993108,0.2982759422745594,Z1
aromatic HC,alcohol,133,1.0565593427989455,-0.7120209287992332,Z1
aromatic HC,amide,16,0.5076274347954394,-0.5076274347954394,Z1
aromatic HC,amine,18,0.20000484947280406,0.16307405843538847,Z1
aromatic HC,aromatic HC,4,0.06116188727452679,-0.06116188727452679,Z1
aromatic HC,ether,4,0.5215132172579529,0.5215132172579529,Z1
aromatic HC,ketone/aldehyde,25,0.7038189305223128,-0.7038189305223128,Z1
aromatic HC,nitrile,1,0.026436226071155478,-0.026436226071155478,Z1
aromatic HC,water,4,0.6305584963097796,0.6305584963097796,Z1
ester,acid,25,0.7247081306471661,-0.7247081306471661,Z1
ester,alcohol,18,2.8070788465775123,2.8070788465775123,Z1
ester,aromatic HC,2,0.04081825559336665,0.04081825559336665,Z1
ester,water,50,0.36076998721012027,-0.3337197992636496,Z1
ether,acid,25,0.1242558927256386,0.11226966654449776,Z1
ether,alcohol,90,0.9781291599006002,0.4320232394505989,Z1
ether,aromatic HC,29,0.09828682384249257,-0.08798570238732864,Z1
ether,ether,5,0.10793404981543202,-0.10793404981543202,Z1
ether,water,64,1.1854178874678996,0.9633907328816952,Z1
halogenated,acid,102,0.2735471020781327,0.262351364077688,Z1
halogenated,alcohol,106,1.658493775049687,1.1963654187145274,Z1
halogenated,amide,1,0.48599730270640085,-0.48599730270640085,Z1
halogenated,amine,4,0.17766357259434482,0.1344633258378147,Z1
halogenated,aromatic HC,30,0.07659257536038082,0.06555918231948116,Z1
halogenated,ether,5,0.08083536012486672,0.08083536012486672,Z1
ketone/aldehyde,acid,28,1.1235118971788352,-1.1235118971788352,Z1
ketone/aldehyde,alcohol,9,3.6042117153939963,3.6042117153939963,Z1
ketone/aldehyde,aromatic HC,1,0.17642343637073649,-0.17642343637073649,Z1
ketone/aldehyde,water,53,0.6597193640367047,-0.5520566626680303,Z1
nitrile,alkene/alkyne,1,1.3382794745690936,-1.3382794745690936,Z1
nitrile,aromatic HC,1,0.0611708474119928,0.0611708474119928,Z1
nitrile,water,2,1.7402718339367198,-1.7402718339367198,Z1
water,alkene/alkyne,1,3.2558714595188096,3.2558714595188096,Z1
water,ketone/aldehyde,3,0.06306652714414025,0.06306652714414025,Z1
water,nitrile,1,0.6291979629170503,-0.6291979629170503,Z1
